Workbook

Sheet Summary
A1: RCC - CONCRETE FINISHING BOQ
A3: Project | B3: UMA NIWAS BUILDING-ST-30-04-2025
A4: Generated | B4: 2026-08-26 16:37
A5: Tool | B5: RCC BOQ Parameter Manager v1.3.0
A7: Workbook contents
A8: Beam
A9: Column
A10: Slab
A11: Foundation
A12: BOQ Summary
A13: BOQ by Level
A14: Costing

Sheet Beam
A1: Element ID | B1: ID_UNMT | C1: BEAM WIDTH | D1: GRADE OF CONCRETE | E1: Volume | F1: BEAM DEPTH | G1: Qty: Area (m2) | H1: Cut Length | I1: Qty: Volume (m3) | J1: Qty: Length (m) | K1: Reference Level | L1: Type | M1: Qty: Count
A2: 3079902 | B2: B10 | C2: 250 | D2: M30 | E2: 0.40 m³ | F2: 550 | G2: 2.4575 | H2: 2900 | I2: 0.3987 | J2: 2.9 | K2: 03 PLINTH LEVEL | L2: B(a) - 250 X 550 | M2: 1
A3: 3080849 | B3: B16 | C3: 250 | D3: M30 | E3: 0.33 m³ | F3: 550 | G3: 2.0375 | H3: 2375 | I3: 0.3266 | J3: 2.375 | K3: 03 PLINTH LEVEL | L3: B(a) - 250 X 550 | M3: 1
A4: 3081145 | B4: B2 | C4: 250 | D4: M30 | E4: 0.60 m³ | F4: 550 | G4: 3.6175 | H4: 4350 | I4: 0.5981 | J4: 4.35 | K4: 03 PLINTH LEVEL | L4: B(a) - 250 X 550 | M4: 1
A5: 3081683 | B5: B1 | C5: 250 | D5: M30 | E5: 0.08 m³ | F5: 550 | G5: 0.6175 | H5: 600 | I5: 0.0825 | J5: 0.6 | K5: 03 PLINTH LEVEL | L5: B(a) - 250 X 550 | M5: 1
A6: 3081790 | B6: B13 | C6: 250 | D6: M30 | E6: 0.44 m³ | F6: 550 | G6: 3.0025 | H6: 3750 | I6: 0.4414 | J6: 3.75 | K6: 03 PLINTH LEVEL | L6: B(a) - 250 X 550 | M6: 1
A7: 3081898 | B7: B9 | C7: 200 | D7: M30 | E7: 0.39 m³ | F7: 550 | G7: 2.735 | H7: 3500 | I7: 0.385 | J7: 3.5 | K7: 03 PLINTH LEVEL | L7: B(a) - 200 X 550 | M7: 1
A8: 3082011 | B8: B4 | C8: 200 | D8: M30 | E8: 0.44 m³ | F8: 550 | G8: 3.14 | H8: 4050 | I8: 0.4414 | J8: 4.05 | K8: 03 PLINTH LEVEL | L8: B(b) - 200 X 550 | M8: 1
A9: 3082267 | B9: B11 | C9: 200 | D9: M30 | E9: 0.21 m³ | F9: 550 | G9: 1.535 | H9: 1900 | I9: 0.209 | J9: 1.9 | K9: 03 PLINTH LEVEL | L9: B(b) - 200 X 550 | M9: 1
A10: 3082514 | B10: B5 | C10: 250 | D10: M30 | E10: 0.19 m³ | F10: 550 | G10: 1.2575 | H10: 1400 | I10: 0.1925 | J10: 1.4 | K10: 03 PLINTH LEVEL | L10: B(a) - 250 X 550 | M10: 1
A11: 3082627 | B11: B3 | C11: 250 | D11: M30 | E11: 0.25 m³ | F11: 550 | G11: 1.6175 | H11: 1850 | I11: 0.2544 | J11: 1.85 | K11: 03 PLINTH LEVEL | L11: B(a) - 250 X 550 | M11: 1
A12: 3082731 | B12: B15 | C12: 250 | D12: M30 | E12: 0.70 m³ | F12: 550 | G12: 4.2175 | H12: 5100 | I12: 0.7013 | J12: 5.1 | K12: 03 PLINTH LEVEL | L12: B(a) - 250 X 550 | M12: 1
A13: 3082921 | B13: B6 | C13: 300 | D13: M30 | E13: 1.42 m³ | F13: 550 | G13: 7.475 | H13: 8600 | I13: 1.419 | J13: 8.6 | K13: 03 PLINTH LEVEL | L13: B(a) - 300 X 550 | M13: 1
... A517: 3183360 | B517: B14 | C517: 250 | D517: M30 | E517: 0.32 m³ | F517: 550 | G517: 1.9775 | H517: 2300 | I517: 0.3163 | J517: 2.3 | K517: 03 PLINTH LEVEL | L517: B(a) - 250 X 550 | M517: 1
A518: TOTAL | G518: =SUM(G2:G517) | I518: =SUM(I2:I517) | J518: =SUM(J2:J517) | M518: =SUM(M2:M517)

Sheet Column
A1: Element ID | B1: GRADE OF CONCRETE | C1: Volume | D1: Qty: Area (m2) | E1: Qty: Volume (m3) | F1: Qty: Length (m) | G1: Type | H1: Level | I1: Length | J1: Qty: Count | K1: Base Level | L1: Top Level
A2: 3072170 | B2: M40 | C2: 0.76 m³ | D2: 3.63 | E2: 0.756 | F2: 2.8 | G2: C1 - 300 X 900 | H2: 01 FOUNDATION LEVEL | I2: 2800 | J2: 1 | K2: 01 FOUNDATION LEVEL | L2: 03 PLINTH LEVEL
A3: 3072220 | B3: M40 | C3: 0.67 m³ | D3: 3.32 | E3: 0.672 | F3: 2.8 | G3: C2 - 300 X 800 | H3: 01 FOUNDATION LEVEL | I3: 2800 | J3: 1 | K3: 01 FOUNDATION LEVEL | L3: 03 PLINTH LEVEL
A4: 3072869 | B4: M40 | C4: 1.12 m³ | D4: 4.04 | E4: 1.12 | F4: 2.8 | G4: C3 - 500 X 800 | H4: 01 FOUNDATION LEVEL | I4: 2800 | J4: 1 | K4: 01 FOUNDATION LEVEL | L4: 03 PLINTH LEVEL
A5: 3072935 | B5: M40 | C5: 1.07 m³ | D5: 4.0225 | E5: 1.071 | F5: 2.8 | G5: SW1- 450 X 850 | H5: 01 FOUNDATION LEVEL | I5: 2800 | J5: 1 | K5: 01 FOUNDATION LEVEL | L5: 03 PLINTH LEVEL
A6: 3073001 | B6: M40 | C6: 1.37 m³ | D6: 6.6475 | E6: 1.365 | F6: 2.8 | G6: SW3 - 250 X 1950 | H6: 01 FOUNDATION LEVEL | I6: 2800 | J6: 1 | K6: 01 FOUNDATION LEVEL | L6: 03 PLINTH LEVEL
A7: 3073025 | B7: M40 | C7: 0.17 m³ | D7: 1.46 | E7: 0.168 | F7: 2.8 | G7: SW3 - 200 X 300 | H7: 01 FOUNDATION LEVEL | I7: 2800 | J7: 1 | K7: 01 FOUNDATION LEVEL | L7: 03 PLINTH LEVEL
A8: 3075646 | B8: M40 | C8: 1.37 m³ | D8: 6.6475 | E8: 1.365 | F8: 2.8 | G8: SW3A - 250 X 1950 | H8: 01 FOUNDATION LEVEL | I8: 2800 | J8: 1 | K8: 01 FOUNDATION LEVEL | L8: 03 PLINTH LEVEL
A9: 3075703 | B9: M40 | C9: 0.47 m³ | D9: 2.7588 | E9: 0.4725 | F9: 2.8 | G9: SW3A - 250 X 675 | H9: 01 FOUNDATION LEVEL | I9: 2800 | J9: 1 | K9: 01 FOUNDATION LEVEL | L9: 03 PLINTH LEVEL
A10: 3076026 | B10: M40 | C10: 1.19 m³ | D10: 5.885 | E10: 1.19 | F10: 2.8 | G10: SW4 - 250 X 1700 | H10: 01 FOUNDATION LEVEL | I10: 2800 | J10: 1 | K10: 01 FOUNDATION LEVEL | L10: 03 PLINTH LEVEL
A11: 3076226 | B11: M40 | C11: 0.67 m³ | D11: 3.04 | E11: 0.672 | F11: 2.8 | G11: SW6 - 400 X 600 | H11: 01 FOUNDATION LEVEL | I11: 2800 | J11: 1 | K11: 01 FOUNDATION LEVEL | L11: 03 PLINTH LEVEL
A12: 3076643 | B12: M40 | C12: 3.36 m³ | D12: 10.72 | E12: 3.36 | F12: 2.8 | G12: SW7 - 400 X 3000 | H12: 01 FOUNDATION LEVEL | I12: 2800 | J12: 1 | K12: 01 FOUNDATION LEVEL | L12: 03 PLINTH LEVEL
A13: 3076721 | B13: M40 | C13: 0.84 m³ | D13: 3.94 | E13: 0.84 | F13: 2.8 | G13: C6 - 300 X 1000 | H13: 01 FOUNDATION LEVEL | I13: 2800 | J13: 1 | K13: 01 FOUNDATION LEVEL | L13: 03 PLINTH LEVEL
... A160: 3159599 | B160: M40 | C160: 0.81 m³ | D160: 3.8588 | E160: 0.8098 | F160: 2.95 | G160: SW7A - 300 X 915 | H160: 07 4TH LEVEL | I160: 2950 | J160: 1 | K160: 07 4TH LEVEL | L160: 08 5TH LEVEL
A161: 3160902 | C161: 0.89 m³ | D161: 4.135 | E161: 0.885 | F161: 2.95 | G161: C6 - 300 X 1000 | H161: 10 7TH LEVEL | I161: 2950 | J161: 1 | K161: 10 7TH LEVEL | L161: 11 8TH LEVEL
A162: 3162400 | B162: M40 | C162: 0.90 m³ | D162: 4.29 | E162: 0.9045 | F162: 3.35 | G162: C1 - 300 X 900 | H162: 11 8TH LEVEL | I162: 3350 | J162: 1 | K162: 11 8TH LEVEL | L162: 12 TERRACE LEVEL
A163: 3162402 | B163: M40 | C163: 0.80 m³ | D163: 3.925 | E163: 0.804 | F163: 3.35 | G163: C2 - 300 X 800 | H163: 11 8TH LEVEL | I163: 3350 | J163: 1 | K163: 11 8TH LEVEL | L163: 12 TERRACE LEVEL
A164: 3162404 | B164: M40 | C164: 0.80 m³ | D164: 3.925 | E164: 0.804 | F164: 3.35 | G164: C3 - 300 X 800 | H164: 11 8TH LEVEL | I164: 3350 | J164: 1 | K164: 11 8TH LEVEL | L164: 12 TERRACE LEVEL
A165: 3162406 | B165: M40 | C165: 0.85 m³ | D165: 4.1075 | E165: 0.8543 | F165: 3.35 | G165: SW1- 300 X 850 | H165: 11 8TH LEVEL | I165: 3350 | J165: 1 | K165: 11 8TH LEVEL | L165: 12 TERRACE LEVEL
A166: 3162408 | B166: M40 | C166: 1.63 m³ | D166: 7.8575 | E166: 1.6331 | F166: 3.35 | G166: SW3 - 250 X 1950 | H166: 11 8TH LEVEL | I166: 3350 | J166: 1 | K166: 11 8TH LEVEL | L166: 12 TERRACE LEVEL
A167: 3162410 | B167: M40 | C167: 0.20 m³ | D167: 1.735 | E167: 0.201 | F167: 3.35 | G167: SW3 - 200 X 300 | H167: 11 8TH LEVEL | I167: 3350 | J167: 1 | K167: 11 8TH LEVEL | L167: 12 TERRACE LEVEL
A168: 3162412 | B168: M40 | C168: 1.63 m³ | D168: 7.8575 | E168: 1.6331 | F168: 3.35 | G168: SW3A - 250 X 1950 | H168: 11 8TH LEVEL | I168: 3350 | J168: 1 | K168: 11 8TH LEVEL | L168: 12 TERRACE LEVEL
A169: 3162414 | B169: M40 | C169: 0.57 m³ | D169: 3.2675 | E169: 0.5653 | F169: 3.35 | G169: SW3A - 250 X 675 | H169: 11 8TH LEVEL | I169: 3350 | J169: 1 | K169: 11 8TH LEVEL | L169: 12 TERRACE LEVEL
A170: 3162418 | B170: M40 | C170: 1.42 m³ | D170: 6.9575 | E170: 1.4237 | F170: 3.35 | G170: SW4 - 250 X 1700 | H170: 11 8TH LEVEL | I170: 3350 | J170: 1 | K170: 11 8TH LEVEL | L170: 12 TERRACE LEVEL
A171: 3162420 | B171: M40 | C171: 0.80 m³ | D171: 3.59 | E171: 0.804 | F171: 3.35 | G171: SW6 - 400 X 600 | H171: 11 8TH LEVEL | I171: 3350 | J171: 1 | K171: 11 8TH LEVEL | L171: 12 TERRACE LEVEL
A172: 3162424 | B172: M40 | C172: 1.34 m³ | D172: 5.8595 | E172: 1.3366 | F172: 3.35 | G172: SW7B - 300 X 1330 | H172: 11 8TH LEVEL | I172: 3350 | J172: 1 | K172: 11 8TH LEVEL | L172: 12 TERRACE LEVEL
A173: 3162426 | B173: M40 | C173: 0.90 m³ | D173: 4.29 | E173: 0.9045 | F173: 3.35 | G173: FC - 300 X 900 | H173: 11 8TH LEVEL | I173: 3350 | J173: 1 | K173: 11 8TH LEVEL | L173: 12 TERRACE LEVEL
... A185: 3164746 | B185: M40 | C185: 3.56 m³ | D185: 19.49 | E185: 3.56 | F185: 4 | G185: LW2 - 200 X 4450 | H185: 12 TERRACE LEVEL | I185: 4000 | J185: 1 | K185: 12 TERRACE LEVEL | L185: 13 OHW/LMR LEVEL
A186: TOTAL | D186: =SUM(D2:D185) | E186: =SUM(E2:E185) | F186: =SUM(F2:F185) | J186: =SUM(J2:J185)

Sheet Slab
A1: Element ID | B1: Area | C1: GRADE OF CONCRETE | D1: Volume | E1: Qty: Area (m2) | F1: Qty: Volume (m3) | G1: Qty: Thickness (m) | H1: Type | I1: Level | J1: Qty: Count | K1: Thickness | L1: Width
A2: 3070305 | B2: 3 m² | C2: M40 | D2: 1.80 m³ | E2: 3 | F2: 1.8 | G2: 0.6 | H2: F1 - 600MM | I2: 01 FOUNDATION LEVEL | J2: 1 | K2: 600 | L2: 2000
A3: 3070393 | B3: 4 m² | C3: M10 | D3: 0.37 m³ | E3: 3.74 | F3: 0.374 | G3: 0.1 | H3: PCC | I3: 01 FOUNDATION LEVEL | J3: 1 | K3: 100 | L3: 2200
A4: 3070773 | B4: 3 m² | C4: M40 | D4: 1.80 m³ | E4: 3 | F4: 1.8 | G4: 0.6 | H4: F1 - 600MM | I4: 01 FOUNDATION LEVEL | J4: 1 | K4: 600 | L4: 2000
A5: 3070782 | B5: 4 m² | C5: M10 | D5: 0.37 m³ | E5: 3.74 | F5: 0.374 | G5: 0.1 | H5: PCC | I5: 01 FOUNDATION LEVEL | J5: 1 | K5: 100 | L5: 2200
A6: 3070818 | B6: 4 m² | C6: M40 | D6: 2.77 m³ | E6: 3.96 | F6: 2.772 | G6: 0.7 | H6: F2 - 700MM | I6: 01 FOUNDATION LEVEL | J6: 1 | K6: 700 | L6: 1800
A7: 3070827 | B7: 5 m² | C7: M10 | D7: 0.48 m³ | E7: 4.8 | F7: 0.48 | G7: 0.1 | H7: PCC | I7: 01 FOUNDATION LEVEL | J7: 1 | K7: 100 | L7: 2000
A8: 3070960 | B8: 4 m² | C8: M40 | D8: 2.77 m³ | E8: 3.96 | F8: 2.772 | G8: 0.7 | H8: F2 - 700MM | I8: 01 FOUNDATION LEVEL | J8: 1 | K8: 700 | L8: 1800
A9: 3070969 | B9: 5 m² | C9: M10 | D9: 0.48 m³ | E9: 4.8 | F9: 0.48 | G9: 0.1 | H9: PCC | I9: 01 FOUNDATION LEVEL | J9: 1 | K9: 100 | L9: 2000
A10: 3071149 | B10: 4 m² | C10: M40 | D10: 2.46 m³ | E10: 3.51 | F10: 2.457 | G10: 0.7 | H10: F3 - 700MM | I10: 01 FOUNDATION LEVEL | J10: 1 | K10: 700 | L10: 1300
A11: 3071158 | B11: 4 m² | C11: M10 | D11: 0.44 m³ | E11: 4.35 | F11: 0.435 | G11: 0.1 | H11: PCC | I11: 01 FOUNDATION LEVEL | J11: 1 | K11: 100 | L11: 1500
A12: 3071322 | B12: 2 m² | C12: M40 | D12: 1.17 m³ | E12: 2.34 | F12: 1.17 | G12: 0.5 | H12: F5 - 500MM | I12: 01 FOUNDATION LEVEL | J12: 1 | K12: 500 | L12: 1800
A13: 3071331 | B13: 3 m² | C13: M10 | D13: 0.30 m³ | E13: 3 | F13: 0.3 | G13: 0.1 | H13: PCC | I13: 01 FOUNDATION LEVEL | J13: 1 | K13: 100 | L13: 2000
... A326: 3185523 | B326: 3 m² | C326: M30 | D326: 0.52 m³ | E326: 3.4387 | F326: 0.5158 | G326: 0.15 | H326: GRADE SLAB | I326: 03 PLINTH LEVEL | J326: 1 | K326: 150 | L326: 2900
A327: TOTAL | E327: =SUM(E2:E326) | F327: =SUM(F2:F326) | G327: =SUM(G2:G326) | J327: =SUM(J2:J326)

Sheet Foundation
A1: Element ID | B1: Area | C1: GRADE OF CONCRETE | D1: Volume | E1: Qty: Area (m2) | F1: Qty: Volume (m3) | G1: Qty: Thickness (m) | H1: Type | I1: Level | J1: Qty: Count | K1: Width
A2: 3070393 | B2: 4 m² | C2: M10 | D2: 0.37 m³ | E2: 3.74 | F2: 0.374 | G2: 0.1 | H2: PCC | I2: 01 FOUNDATION LEVEL | J2: 1 | K2: 2200
A3: 3070782 | B3: 4 m² | C3: M10 | D3: 0.37 m³ | E3: 3.74 | F3: 0.374 | G3: 0.1 | H3: PCC | I3: 01 FOUNDATION LEVEL | J3: 1 | K3: 2200
A4: 3070827 | B4: 5 m² | C4: M10 | D4: 0.48 m³ | E4: 4.8 | F4: 0.48 | G4: 0.1 | H4: PCC | I4: 01 FOUNDATION LEVEL | J4: 1 | K4: 2000
A5: 3070969 | B5: 5 m² | C5: M10 | D5: 0.48 m³ | E5: 4.8 | F5: 0.48 | G5: 0.1 | H5: PCC | I5: 01 FOUNDATION LEVEL | J5: 1 | K5: 2000
A6: 3071158 | B6: 4 m² | C6: M10 | D6: 0.44 m³ | E6: 4.35 | F6: 0.435 | G6: 0.1 | H6: PCC | I6: 01 FOUNDATION LEVEL | J6: 1 | K6: 1500
A7: 3071331 | B7: 3 m² | C7: M10 | D7: 0.30 m³ | E7: 3 | F7: 0.3 | G7: 0.1 | H7: PCC | I7: 01 FOUNDATION LEVEL | J7: 1 | K7: 2000
A8: 3071463 | B8: 69 m² | C8: M10 | D8: 6.94 m³ | E8: 69.3625 | F8: 6.9363 | G8: 0.1 | H8: PCC | I8: 01 FOUNDATION LEVEL | J8: 1 | K8: 8950
A9: 3071676 | B9: 31 m² | C9: M10 | D9: 3.14 m³ | E9: 31.4418 | F9: 3.1442 | G9: 0.1 | H9: PCC | I9: 01 FOUNDATION LEVEL | J9: 1 | K9: 8500
A10: 3175289 | B10: 50 m² | C10: M10 | D10: 4.98 m³ | E10: 49.7775 | F10: 4.9778 | G10: 0.1 | H10: PCC | I10: 01 FOUNDATION LEVEL | J10: 1 | K10: 8800
A11: 3176103 | B11: 4 m² | C11: M10 | D11: 0.37 m³ | E11: 3.74 | F11: 0.374 | G11: 0.1 | H11: PCC | I11: 01 FOUNDATION LEVEL | J11: 1 | K11: 2200
A12: 3176274 | B12: 3 m² | C12: M10 | D12: 0.35 m³ | E12: 3.45 | F12: 0.345 | G12: 0.1 | H12: PCC | I12: 01 FOUNDATION LEVEL | J12: 1 | K12: 1500
A13: 3178662 | B13: 46 m² | C13: M10 | D13: 4.59 m³ | E13: 45.92 | F13: 4.592 | G13: 0.1 | H13: PCC | I13: 01 FOUNDATION LEVEL | J13: 1 | K13: 8900
A14: TOTAL | E14: =SUM(E2:E13) | F14: =SUM(F2:F13) | G14: =SUM(G2:G13) | J14: =SUM(J2:J13)

Sheet BOQ Summary
A1: Category | B1: Elements | C1: Total Volume (m3) | D1: Total Area (m2) | E1: Total Length (m)
A2: Beam | B2: 516 | C2: =Beam!I518 | D2: =Beam!G518 | E2: =Beam!J518
A3: Column | B3: 184 | C3: =Column!E186 | D3: =Column!D186 | E3: =Column!F186
A4: Slab | B4: 325 | C4: =Slab!F327 | D4: =Slab!E327
A5: Foundation | B5: 12 | C5: =Foundation!F14 | D5: =Foundation!E14
A6: GRAND TOTAL | B6: =SUM(B2:B4) | C6: =SUM(C2:C4) | D6: =SUM(D2:D4) | E6: =SUM(E2:E4)

Sheet BOQ by Level
A1: Level | B1: Category | C1: Elements | D1: Total Volume (m3) | E1: Total Area (m2) | F1: Total Length (m)
A2: (No Level) | B2: Beam | C2: 516
A3: 01 FOUNDATION LEVEL | B3: Column | C3: 17 | D3: =SUMIF(Column!$H$2:$H$186,"01 FOUNDATION LEVEL",Column!$E$2:$E$186) | E3: =SUMIF(Column!$H$2:$H$186,"01 FOUNDATION LEVEL",Column!$D$2:$D$186) | F3: =SUMIF(Column!$H$2:$H$186,"01 FOUNDATION LEVEL",Column!$F$2:$F$186)
A4: 01 FOUNDATION LEVEL | B4: Slab | C4: 24 | D4: =SUMIF(Slab!$I$2:$I$327,"01 FOUNDATION LEVEL",Slab!$F$2:$F$327) | E4: =SUMIF(Slab!$I$2:$I$327,"01 FOUNDATION LEVEL",Slab!$E$2:$E$327)
A5: 01 FOUNDATION LEVEL | B5: Foundation | C5: 12 | D5: =SUMIF(Foundation!$I$2:$I$14,"01 FOUNDATION LEVEL",Foundation!$F$2:$F$14) | E5: =SUMIF(Foundation!$I$2:$I$14,"01 FOUNDATION LEVEL",Foundation!$E$2:$E$14)
A6: 03 PLINTH LEVEL | B6: Column | C6: 17 | D6: =SUMIF(Column!$H$2:$H$186,"03 PLINTH LEVEL",Column!$E$2:$E$186) | E6: =SUMIF(Column!$H$2:$H$186,"03 PLINTH LEVEL",Column!$D$2:$D$186) | F6: =SUMIF(Column!$H$2:$H$186,"03 PLINTH LEVEL",Column!$F$2:$F$186)
A7: 03 PLINTH LEVEL | B7: Slab | C7: 9 | D7: =SUMIF(Slab!$I$2:$I$327,"03 PLINTH LEVEL",Slab!$F$2:$F$327) | E7: =SUMIF(Slab!$I$2:$I$327,"03 PLINTH LEVEL",Slab!$E$2:$E$327)
A8: 04 1ST LEVEL | B8: Column | C8: 18 | D8: =SUMIF(Column!$H$2:$H$186,"04 1ST LEVEL",Column!$E$2:$E$186) | E8: =SUMIF(Column!$H$2:$H$186,"04 1ST LEVEL",Column!$D$2:$D$186) | F8: =SUMIF(Column!$H$2:$H$186,"04 1ST LEVEL",Column!$F$2:$F$186)
A9: 04 1ST LEVEL | B9: Slab | C9: 36 | D9: =SUMIF(Slab!$I$2:$I$327,"04 1ST LEVEL",Slab!$F$2:$F$327) | E9: =SUMIF(Slab!$I$2:$I$327,"04 1ST LEVEL",Slab!$E$2:$E$327)
A10: 05 2ND LEVEL | B10: Column | C10: 18 | D10: =SUMIF(Column!$H$2:$H$186,"05 2ND LEVEL",Column!$E$2:$E$186) | E10: =SUMIF(Column!$H$2:$H$186,"05 2ND LEVEL",Column!$D$2:$D$186) | F10: =SUMIF(Column!$H$2:$H$186,"05 2ND LEVEL",Column!$F$2:$F$186)
A11: 05 2ND LEVEL | B11: Slab | C11: 37 | D11: =SUMIF(Slab!$I$2:$I$327,"05 2ND LEVEL",Slab!$F$2:$F$327) | E11: =SUMIF(Slab!$I$2:$I$327,"05 2ND LEVEL",Slab!$E$2:$E$327)
A12: 06 3RD LEVEL | B12: Column | C12: 18 | D12: =SUMIF(Column!$H$2:$H$186,"06 3RD LEVEL",Column!$E$2:$E$186) | E12: =SUMIF(Column!$H$2:$H$186,"06 3RD LEVEL",Column!$D$2:$D$186) | F12: =SUMIF(Column!$H$2:$H$186,"06 3RD LEVEL",Column!$F$2:$F$186)
A13: 06 3RD LEVEL | B13: Slab | C13: 37 | D13: =SUMIF(Slab!$I$2:$I$327,"06 3RD LEVEL",Slab!$F$2:$F$327) | E13: =SUMIF(Slab!$I$2:$I$327,"06 3RD LEVEL",Slab!$E$2:$E$327)
A14: 08 5TH LEVEL | B14: Column | C14: 18 | D14: =SUMIF(Column!$H$2:$H$186,"08 5TH LEVEL",Column!$E$2:$E$186) | E14: =SUMIF(Column!$H$2:$H$186,"08 5TH LEVEL",Column!$D$2:$D$186) | F14: =SUMIF(Column!$H$2:$H$186,"08 5TH LEVEL",Column!$F$2:$F$186)
A15: 08 5TH LEVEL | B15: Slab | C15: 32 | D15: =SUMIF(Slab!$I$2:$I$327,"08 5TH LEVEL",Slab!$F$2:$F$327) | E15: =SUMIF(Slab!$I$2:$I$327,"08 5TH LEVEL",Slab!$E$2:$E$327)
A16: 09 6TH LEVEL | B16: Column | C16: 18 | D16: =SUMIF(Column!$H$2:$H$186,"09 6TH LEVEL",Column!$E$2:$E$186) | E16: =SUMIF(Column!$H$2:$H$186,"09 6TH LEVEL",Column!$D$2:$D$186) | F16: =SUMIF(Column!$H$2:$H$186,"09 6TH LEVEL",Column!$F$2:$F$186)
A17: 09 6TH LEVEL | B17: Slab | C17: 32 | D17: =SUMIF(Slab!$I$2:$I$327,"09 6TH LEVEL",Slab!$F$2:$F$327) | E17: =SUMIF(Slab!$I$2:$I$327,"09 6TH LEVEL",Slab!$E$2:$E$327)
A18: 10 7TH LEVEL | B18: Column | C18: 18 | D18: =SUMIF(Column!$H$2:$H$186,"10 7TH LEVEL",Column!$E$2:$E$186) | E18: =SUMIF(Column!$H$2:$H$186,"10 7TH LEVEL",Column!$D$2:$D$186) | F18: =SUMIF(Column!$H$2:$H$186,"10 7TH LEVEL",Column!$F$2:$F$186)
A19: 10 7TH LEVEL | B19: Slab | C19: 32 | D19: =SUMIF(Slab!$I$2:$I$327,"10 7TH LEVEL",Slab!$F$2:$F$327) | E19: =SUMIF(Slab!$I$2:$I$327,"10 7TH LEVEL",Slab!$E$2:$E$327)
A20: 07 4TH LEVEL | B20: Column | C20: 18 | D20: =SUMIF(Column!$H$2:$H$186,"07 4TH LEVEL",Column!$E$2:$E$186) | E20: =SUMIF(Column!$H$2:$H$186,"07 4TH LEVEL",Column!$D$2:$D$186) | F20: =SUMIF(Column!$H$2:$H$186,"07 4TH LEVEL",Column!$F$2:$F$186)
A21: 07 4TH LEVEL | B21: Slab | C21: 32 | D21: =SUMIF(Slab!$I$2:$I$327,"07 4TH LEVEL",Slab!$F$2:$F$327) | E21: =SUMIF(Slab!$I$2:$I$327,"07 4TH LEVEL",Slab!$E$2:$E$327)
A22: 11 8TH LEVEL | B22: Column | C22: 17 | D22: =SUMIF(Column!$H$2:$H$186,"11 8TH LEVEL",Column!$E$2:$E$186) | E22: =SUMIF(Column!$H$2:$H$186,"11 8TH LEVEL",Column!$D$2:$D$186) | F22: =SUMIF(Column!$H$2:$H$186,"11 8TH LEVEL",Column!$F$2:$F$186)
A23: 11 8TH LEVEL | B23: Slab | C23: 30 | D23: =SUMIF(Slab!$I$2:$I$327,"11 8TH LEVEL",Slab!$F$2:$F$327) | E23: =SUMIF(Slab!$I$2:$I$327,"11 8TH LEVEL",Slab!$E$2:$E$327)
A24: 12 TERRACE LEVEL | B24: Column | C24: 7 | D24: =SUMIF(Column!$H$2:$H$186,"12 TERRACE LEVEL",Column!$E$2:$E$186) | E24: =SUMIF(Column!$H$2:$H$186,"12 TERRACE LEVEL",Column!$D$2:$D$186) | F24: =SUMIF(Column!$H$2:$H$186,"12 TERRACE LEVEL",Column!$F$2:$F$186)
A25: 12 TERRACE LEVEL | B25: Slab | C25: 21 | D25: =SUMIF(Slab!$I$2:$I$327,"12 TERRACE LEVEL",Slab!$F$2:$F$327) | E25: =SUMIF(Slab!$I$2:$I$327,"12 TERRACE LEVEL",Slab!$E$2:$E$327)
A26: 13 OHW/LMR LEVEL | B26: Slab | C26: 3 | D26: =SUMIF(Slab!$I$2:$I$327,"13 OHW/LMR LEVEL",Slab!$F$2:$F$327) | E26: =SUMIF(Slab!$I$2:$I$327,"13 OHW/LMR LEVEL",Slab!$E$2:$E$327)

Sheet Costing
A1: Category | B1: Element ID | C1: Quantity | D1: Rate | E1: Amount
A2: Beam | B2: 3079902 | C2: 0.3987
A3: Beam | B3: 3080849 | C3: 0.3266
A4: Beam | B4: 3081145 | C4: 0.5981
A5: Beam | B5: 3081683 | C5: 0.0825
A6: Beam | B6: 3081790 | C6: 0.4414
A7: Beam | B7: 3081898 | C7: 0.385
A8: Beam | B8: 3082011 | C8: 0.4414
A9: Beam | B9: 3082267 | C9: 0.209
A10: Beam | B10: 3082514 | C10: 0.1925
A11: Beam | B11: 3082627 | C11: 0.2544
A12: Beam | B12: 3082731 | C12: 0.7013
A13: Beam | B13: 3082921 | C13: 1.419
... A1038: Foundation | B1038: 3178662 | C1038: 4.592
A1039: TOTAL | E1039: =SUM(E2:E1038)
