Workbook

Sheet Beam
A1: Element ID | B1: Start Level Offset | C1: Rebar Cover - Top Face | D1: Cut Length | E1: z Offset Value | F1: Work Plane | G1: Join Status | H1: Type | I1: Elevation at Top | J1: z Justification | K1: Length | L1: Phase Created | M1: Elevation at Bottom | N1: Export to IFC | O1: GRADE OF CONCRETE | P1: ID_UNMT | Q1: BEAM WIDTH | R1: Reference Level | S1: Qty: Area (m2) | T1: Category | U1: Cross-Section Rotation | V1: Volume | W1: y Justification | X1: Qty: Volume (m3) | Y1: Has Association | Z1: ROOM NO. | AA1: yz Justification | AB1: Reference Level Elevation | AC1: Rebar Cover - Other Faces | AD1: Type Id | AE1: Family | AF1: Rebar Cover - Bottom Face | AG1: Orientation | AH1: IfcGUID | AI1: End Level Offset | AJ1: Structural Material | AK1: Qty: Length (m) | AL1: Family and Type | AM1: BEAM DEPTH | AN1: y Offset Value | AO1: Structural Usage
A2: 3079902 | B2: 0 | C2: 3178025 | D2: 2900 | E2: 0 | F2: Level : 03 PLINTH LEVEL | G2: One or two joins disabled | H2: 3079709 | I2: 450 | J2: Top | K2: 2900 | L2: 110001 | M2: -100 | N2: By Type | O2: M30 | P2: B10 | Q2: 250 | R2: 2248242 | S2: 2.4575 | T2: -2001320 | U2: 0.00° | V2: 0.40 m³ | W2: Left | X2: 0.3987 | Y2: No | AA2: Uniform | AB2: 450 | AD2: 3079709 | AE2: 3079709 | AF2: 3178025 | AG2: Normal | AH2: 0sZlodXlT3tverCRqGTnXq | AI2: 0 | AJ2: 293562 | AK2: 2.9 | AL2: 3079709 | AM2: 550 | AN2: 0 | AO2: Other
A3: 3080849 | B3: 0 | C3: 3178025 | D3: 2375 | E3: 0 | F3: Level : 03 PLINTH LEVEL | G3: One or two joins disabled | H3: 3079709 | I3: 450 | J3: Top | K3: 2375 | L3: 110001 | M3: -100 | N3: By Type | O3: M30 | P3: B16 | Q3: 250 | R3: 2248242 | S3: 2.0375 | T3: -2001320 | U3: 0.00° | V3: 0.33 m³ | W3: Left | X3: 0.3266 | Y3: No | AA3: Uniform | AB3: 450 | AD3: 3079709 | AE3: 3079709 | AF3: 3178025 | AG3: Normal | AH3: 1_FLm7iHf9TvKSeqPzC2K8 | AI3: 0 | AJ3: 293562 | AK3: 2.375 | AL3: 3079709 | AM3: 550 | AN3: 0 | AO3: Other
A4: 3081145 | B4: 0 | C4: 3178025 | D4: 4350 | E4: 0 | F4: Level : 03 PLINTH LEVEL | G4: One or two joins disabled | H4: 3079709 | I4: 450 | J4: Top | K4: 4350 | L4: 110001 | M4: -100 | N4: By Type | O4: M30 | P4: B2 | Q4: 250 | R4: 2248242 | S4: 3.6175 | T4: -2001320 | U4: 0.00° | V4: 0.60 m³ | W4: Left | X4: 0.5981 | Y4: No | AA4: Uniform | AB4: 450 | AD4: 3079709 | AE4: 3079709 | AF4: 3178025 | AG4: Normal | AH4: 3ueL3jPsfCSw_2nLzW_sbG | AI4: 0 | AJ4: 293562 | AK4: 4.35 | AL4: 3079709 | AM4: 550 | AN4: 0 | AO4: Other
A5: 3081683 | B5: 0 | C5: 3178025 | D5: 600 | E5: 0 | F5: Level : 03 PLINTH LEVEL | G5: One or two joins disabled | H5: 3079709 | I5: 450 | J5: Top | K5: 600 | L5: 110001 | M5: -100 | N5: By Type | O5: M30 | P5: B1 | Q5: 250 | R5: 2248242 | S5: 0.6175 | T5: -2001320 | U5: 0.00° | V5: 0.08 m³ | W5: Left | X5: 0.0825 | Y5: No | AA5: Uniform | AB5: 450 | AC5: 3178025 | AD5: 3079709 | AE5: 3079709 | AF5: 3178025 | AG5: Normal | AH5: 2QOsO1SU19tOnmbHLze0ld | AI5: 0 | AJ5: 293562 | AK5: 0.6 | AL5: 3079709 | AM5: 550 | AN5: 0 | AO5: Other
A6: 3081790 | B6: 0 | C6: 3178025 | D6: 3750 | E6: 0 | F6: Level : 03 PLINTH LEVEL | G6: One or two joins disabled | H6: 3079709 | I6: 450 | J6: Top | K6: 3750 | L6: 110001 | M6: -100 | N6: By Type | O6: M30 | P6: B13 | Q6: 250 | R6: 2248242 | S6: 3.0025 | T6: -2001320 | U6: 0.00° | V6: 0.44 m³ | W6: Left | X6: 0.4414 | Y6: No | AA6: Uniform | AB6: 450 | AD6: 3079709 | AE6: 3079709 | AF6: 3178025 | AG6: Normal | AH6: 0JmCRR8Mv3Ue51A2BTptpQ | AI6: 0 | AJ6: 293562 | AK6: 3.75 | AL6: 3079709 | AM6: 550 | AN6: 0 | AO6: Other
A7: 3081898 | B7: 0 | C7: 3178025 | D7: 3500 | E7: 0 | F7: Level : 03 PLINTH LEVEL | G7: One or two joins disabled | H7: 3089018 | I7: 450 | J7: Top | K7: 3500 | L7: 110001 | M7: -100 | N7: By Type | O7: M30 | P7: B9 | Q7: 200 | R7: 2248242 | S7: 2.735 | T7: -2001320 | U7: 0.00° | V7: 0.39 m³ | W7: Left | X7: 0.385 | Y7: No | AA7: Uniform | AB7: 450 | AC7: 3178025 | AD7: 3089018 | AE7: 3089018 | AF7: 3178025 | AG7: Normal | AH7: 0JmCRR8Mv3Ue51A2BTptnE | AI7: 0 | AJ7: 293562 | AK7: 3.5 | AL7: 3089018 | AM7: 550 | AN7: 0 | AO7: Other
A8: 3082011 | B8: 0 | C8: 3178025 | D8: 4050 | E8: 0 | F8: Level : 03 PLINTH LEVEL | G8: One or two joins disabled | H8: 3181454 | I8: 450 | J8: Top | K8: 4050 | L8: 110001 | M8: -100 | N8: By Type | O8: M30 | P8: B4 | Q8: 200 | R8: 2248242 | S8: 3.14 | T8: -2001320 | U8: 0.00° | V8: 0.44 m³ | W8: Left | X8: 0.4414 | Y8: No | AA8: Uniform | AB8: 450 | AD8: 3181454 | AE8: 3181454 | AF8: 3178025 | AG8: Normal | AH8: 16K_Pi6W9ECvycG_Su1SH8 | AI8: 0 | AJ8: 293562 | AK8: 4.05 | AL8: 3181454 | AM8: 550 | AN8: 0 | AO8: Other
A9: 3082267 | B9: 0 | C9: 3178025 | D9: 1900 | E9: -200 | F9: Level : 03 PLINTH LEVEL | G9: One or two joins disabled | H9: 3181454 | I9: 250 | J9: Top | K9: 1900 | L9: 110001 | M9: -300 | N9: By Type | O9: M30 | P9: B11 | Q9: 200 | R9: 2248242 | S9: 1.535 | T9: -2001320 | U9: 0.00° | V9: 0.21 m³ | W9: Left | X9: 0.209 | Y9: No | AA9: Uniform | AB9: 450 | AC9: 3178025 | AD9: 3181454 | AE9: 3181454 | AF9: 3178025 | AG9: Normal | AH9: 3qutUK42D889pvIpBUtKyU | AI9: 0 | AJ9: 293562 | AK9: 1.9 | AL9: 3181454 | AM9: 550 | AN9: 0 | AO9: Other
A10: 3082514 | B10: 0 | C10: 3178025 | D10: 1400 | E10: 0 | F10: Level : 03 PLINTH LEVEL | G10: One or two joins disabled | H10: 3079709 | I10: 450 | J10: Top | K10: 1400 | L10: 110001 | M10: -100 | N10: By Type | O10: M30 | P10: B5 | Q10: 250 | R10: 2248242 | S10: 1.2575 | T10: -2001320 | U10: 0.00° | V10: 0.19 m³ | W10: Left | X10: 0.1925 | Y10: No | AA10: Uniform | AB10: 450 | AD10: 3079709 | AE10: 3079709 | AF10: 3178025 | AG10: Normal | AH10: 1w7DuRZyT28QZO5z9zRhh8 | AI10: 0 | AJ10: 293562 | AK10: 1.4 | AL10: 3079709 | AM10: 550 | AN10: 0 | AO10: Other
A11: 3082627 | B11: 0 | C11: 3178025 | D11: 1850 | E11: 0 | F11: Level : 03 PLINTH LEVEL | G11: One or two joins disabled | H11: 3079709 | I11: 450 | J11: Top | K11: 1850 | L11: 110001 | M11: -100 | N11: By Type | O11: M30 | P11: B3 | Q11: 250 | R11: 2248242 | S11: 1.6175 | T11: -2001320 | U11: 0.00° | V11: 0.25 m³ | W11: Left | X11: 0.2544 | Y11: No | AA11: Uniform | AB11: 450 | AD11: 3079709 | AE11: 3079709 | AF11: 3178025 | AG11: Normal | AH11: 1WbrjRl9L8V9UleaBo896L | AI11: 0 | AJ11: 293562 | AK11: 1.85 | AL11: 3079709 | AM11: 550 | AN11: 0 | AO11: Other
A12: 3082731 | B12: 0 | C12: 3178025 | D12: 5100 | E12: 0 | F12: Level : 03 PLINTH LEVEL | G12: One or two joins disabled | H12: 3079709 | I12: 450 | J12: Top | K12: 5100 | L12: 110001 | M12: -100 | N12: By Type | O12: M30 | P12: B15 | Q12: 250 | R12: 2248242 | S12: 4.2175 | T12: -2001320 | U12: 0.00° | V12: 0.70 m³ | W12: Left | X12: 0.7013 | Y12: No | AA12: Uniform | AB12: 450 | AD12: 3079709 | AE12: 3079709 | AF12: 3178025 | AG12: Normal | AH12: 1WbrjRl9L8V9UleaBo897z | AI12: 0 | AJ12: 293562 | AK12: 5.1 | AL12: 3079709 | AM12: 550 | AN12: 0 | AO12: Other
A13: 3082921 | B13: 0 | C13: 3178025 | D13: 8600 | E13: 0 | F13: Level : 03 PLINTH LEVEL | G13: One or two joins disabled | H13: 3083275 | I13: 450 | J13: Top | K13: 8600 | L13: 110001 | M13: -100 | N13: By Type | O13: M30 | P13: B6 | Q13: 300 | R13: 2248242 | S13: 7.475 | T13: -2001320 | U13: 0.00° | V13: 1.42 m³ | W13: Right | X13: 1.419 | Y13: No | AA13: Uniform | AB13: 450 | AC13: 3178025 | AD13: 3083275 | AE13: 3083275 | AF13: 3178025 | AG13: Normal | AH13: 0Zmr2B1_X81OwsbsfMe5Lp | AI13: 0 | AJ13: 293562 | AK13: 8.6 | AL13: 3083275 | AM13: 550 | AN13: 0 | AO13: Other
A14: 3083476 | B14: 0 | C14: 3178025 | D14: 5160 | E14: 0 | F14: Level : 03 PLINTH LEVEL | G14: One or two joins disabled | H14: 3079709 | I14: 450 | J14: Top | K14: 5160 | L14: 110001 | M14: -100 | N14: By Type | O14: M30 | P14: B7 | Q14: 250 | R14: 2248242 | S14: 4.2655 | T14: -2001320 | U14: 0.00° | V14: 0.71 m³ | W14: Right | X14: 0.7095 | Y14: No | AA14: Uniform | AB14: 450 | AC14: 3178025 | AD14: 3079709 | AE14: 3079709 | AF14: 3178025 | AG14: Normal | AH14: 2utMYCOmrDffed6MpfxG0E | AI14: 0 | AJ14: 293562 | AK14: 5.16 | AL14: 3079709 | AM14: 550 | AN14: 0 | AO14: Other
A15: 3083539 | B15: 0 | C15: 3178025 | D15: 3850 | E15: 0 | F15: Level : 03 PLINTH LEVEL | G15: One or two joins disabled | H15: 3079709 | I15: 450 | J15: Top | K15: 3850 | L15: 110001 | M15: -100 | N15: By Type | O15: M30 | P15: B8 | Q15: 250 | R15: 2248242 | S15: 3.2175 | T15: -2001320 | U15: 0.00° | V15: 0.53 m³ | W15: Left | X15: 0.5294 | Y15: No | AA15: Uniform | AB15: 450 | AC15: 3178025 | AD15: 3079709 | AE15: 3079709 | AF15: 3178025 | AG15: Normal | AH15: 2utMYCOmrDffed6MpfxG79 | AI15: 0 | AJ15: 293562 | AK15: 3.85 | AL15: 3079709 | AM15: 550 | AN15: 0 | AO15: Other
A16: 3083594 | B16: 0 | C16: 3178025 | D16: 3850 | E16: 0 | F16: Level : 03 PLINTH LEVEL | G16: One or two joins disabled | H16: 3079709 | I16: 450 | J16: Top | K16: 3850 | L16: 110001 | M16: -100 | N16: By Type | O16: M30 | P16: B12 | Q16: 250 | R16: 2248242 | S16: 3.2175 | T16: -2001320 | U16: 0.00° | V16: 0.53 m³ | W16: Left | X16: 0.5294 | Y16: No | AA16: Uniform | AB16: 450 | AC16: 3178025 | AD16: 3079709 | AE16: 3079709 | AF16: 3178025 | AG16: Normal | AH16: 2utMYCOmrDffed6MpfxG6G | AI16: 0 | AJ16: 293562 | AK16: 3.85 | AL16: 3079709 | AM16: 550 | AN16: 0 | AO16: Other
A17: 3085142 | B17: 0 | C17: 3178025 | D17: 2300 | E17: 0 | F17: Level : 03 PLINTH LEVEL | G17: One or two joins disabled | H17: 3079709 | I17: 450 | J17: Top | K17: 2300 | L17: 110001 | M17: -100 | N17: By Type | O17: M30 | P17: B17 | Q17: 250 | R17: 2248242 | S17: 1.9775 | T17: -2001320 | U17: 0.00° | V17: 0.32 m³ | W17: Left | X17: 0.3163 | Y17: No | AA17: Uniform | AB17: 450 | AD17: 3079709 | AE17: 3079709 | AF17: 3178025 | AG17: Normal | AH17: 0BBj8nW1D6ae_3yS5pWgAv | AI17: 0 | AJ17: 293562 | AK17: 2.3 | AL17: 3079709 | AM17: 550 | AN17: 0 | AO17: Other
A18: 3108891 | B18: 0 | C18: 3178025 | D18: 600 | E18: 0 | F18: Level : 04 1ST LEVEL | G18: One or two joins disabled | H18: 3089018 | I18: 6000 | J18: Top | K18: 600 | L18: 110001 | M18: 5450 | N18: By Type | O18: M30 | P18: B44 | Q18: 200 | R18: 2248367 | S18: 0.56 | T18: -2001320 | U18: 0.00° | V18: 0.07 m³ | W18: Left | X18: 0.066 | Y18: No | AA18: Uniform | AB18: 6000 | AC18: 3178025 | AD18: 3089018 | AE18: 3089018 | AF18: 3178025 | AG18: Normal | AH18: 1Yaf6MhzfD4f6xf1L8Ohw$ | AI18: 0 | AJ18: 293562 | AK18: 0.6 | AL18: 3089018 | AM18: 550 | AN18: 0 | AO18: Other
A19: 3108893 | B19: 0 | C19: 3178025 | D19: 2450 | E19: 0 | F19: Level : 04 1ST LEVEL | G19: One or two joins disabled | H19: 3089018 | I19: 6000 | J19: Top | K19: 2450 | L19: 110001 | M19: 5450 | N19: By Type | O19: M30 | P19: B1 | Q19: 200 | R19: 2248367 | S19: 1.9475 | T19: -2001320 | U19: 0.00° | V19: 0.27 m³ | W19: Right | X19: 0.2695 | Y19: No | AA19: Uniform | AB19: 6000 | AC19: 3178025 | AD19: 3089018 | AE19: 3089018 | AF19: 3178025 | AG19: Normal | AH19: 1Yaf6MhzfD4f6xf1L8Ohwv | AI19: 0 | AJ19: 293562 | AK19: 2.45 | AL19: 3089018 | AM19: 550 | AN19: 0 | AO19: Other
A20: 3108895 | B20: 0 | C20: 3178025 | D20: 600 | E20: 0 | F20: Level : 04 1ST LEVEL | G20: One or two joins disabled | H20: 3089018 | I20: 6000 | J20: Top | K20: 600 | L20: 110001 | M20: 5450 | N20: By Type | O20: M30 | P20: B37 | Q20: 200 | R20: 2248367 | S20: 0.56 | T20: -2001320 | U20: 0.00° | V20: 0.07 m³ | W20: Right | X20: 0.066 | Y20: No | AA20: Uniform | AB20: 6000 | AC20: 3178025 | AD20: 3089018 | AE20: 3089018 | AF20: 3178025 | AG20: Normal | AH20: 1Yaf6MhzfD4f6xf1L8Ohwx | AI20: 0 | AJ20: 293562 | AK20: 0.6 | AL20: 3089018 | AM20: 550 | AN20: 0 | AO20: Other
A21: 3108897 | B21: 0 | C21: 3178025 | D21: 150 | E21: 0 | F21: Level : 04 1ST LEVEL | G21: One or two joins disabled | H21: 3089020 | I21: 6000 | J21: Top | K21: 150 | L21: 110001 | M21: 5450 | N21: By Type | O21: M30 | P21: B2A | Q21: 300 | R21: 2248367 | S21: 0.2925 | T21: -2001320 | U21: 0.00° | V21: 0.02 m³ | W21: Right | X21: 0.0247 | Y21: No | AA21: Uniform | AB21: 6000 | AC21: 3178025 | AD21: 3089020 | AE21: 3089020 | AF21: 3178025 | AG21: Normal | AH21: 1Yaf6MhzfD4f6xf1L8Ohw5 | AI21: 0 | AJ21: 293562 | AK21: 0.15 | AL21: 3089020 | AM21: 550 | AN21: 0 | AO21: Other
A22: 3108899 | B22: 0 | C22: 3178025 | D22: 150 | E22: 0 | F22: Level : 04 1ST LEVEL | G22: One or two joins disabled | H22: 3089020 | I22: 6000 | J22: Top | K22: 150 | L22: 110001 | M22: 5450 | N22: By Type | O22: M30 | P22: B2A | Q22: 300 | R22: 2248367 | S22: 0.2925 | T22: -2001320 | U22: 0.00° | V22: 0.02 m³ | W22: Left | X22: 0.0248 | Y22: No | AA22: Uniform | AB22: 6000 | AC22: 3178025 | AD22: 3089020 | AE22: 3089020 | AF22: 3178025 | AG22: Normal | AH22: 1Yaf6MhzfD4f6xf1L8Ohw7 | AI22: 0 | AJ22: 293562 | AK22: 0.15 | AL22: 3089020 | AM22: 550 | AN22: 0 | AO22: Other
A23: 3108901 | B23: 0 | C23: 3178025 | D23: 3700 | E23: 0 | F23: Level : 04 1ST LEVEL | G23: One or two joins disabled | H23: 3089018 | I23: 6000 | J23: Top | K23: 3700 | L23: 110001 | M23: 5450 | N23: By Type | O23: M30 | P23: B32 | Q23: 200 | R23: 2248367 | S23: 2.885 | T23: -2001320 | U23: 0.00° | V23: 0.41 m³ | W23: Right | X23: 0.407 | Y23: No | AA23: Uniform | AB23: 6000 | AC23: 3178025 | AD23: 3089018 | AE23: 3089018 | AF23: 3178025 | AG23: Normal | AH23: 1Yaf6MhzfD4f6xf1L8Ohw1 | AI23: 0 | AJ23: 293562 | AK23: 3.7 | AL23: 3089018 | AM23: 550 | AN23: 0 | AO23: Other
A24: 3108903 | B24: 0 | C24: 3178025 | D24: 900 | E24: 0 | F24: Level : 04 1ST LEVEL | G24: One or two joins disabled | H24: 3089018 | I24: 6000 | J24: Top | K24: 900 | L24: 110001 | M24: 5450 | N24: By Type | O24: M30 | P24: B6 | Q24: 200 | R24: 2248367 | S24: 0.785 | T24: -2001320 | U24: 0.00° | V24: 0.10 m³ | W24: Right | X24: 0.099 | Y24: No | AA24: Uniform | AB24: 6000 | AC24: 3178025 | AD24: 3089018 | AE24: 3089018 | AF24: 3178025 | AG24: Normal | AH24: 1Yaf6MhzfD4f6xf1L8Ohw3 | AI24: 0 | AJ24: 293562 | AK24: 0.9 | AL24: 3089018 | AM24: 550 | AN24: 0 | AO24: Other
A25: 3108905 | B25: 0 | C25: 3178025 | D25: 550 | E25: 0 | F25: Level : 04 1ST LEVEL | G25: One or two joins disabled | H25: 3089020 | I25: 6000 | J25: Top | K25: 550 | L25: 110001 | M25: 5450 | N25: By Type | O25: M30 | P25: B3 | Q25: 300 | R25: 2248367 | S25: 0.6325 | T25: -2001320 | U25: 0.00° | V25: 0.09 m³ | W25: Right | X25: 0.0908 | Y25: No | AA25: Uniform | AB25: 6000 | AC25: 3178025 | AD25: 3089020 | AE25: 3089020 | AF25: 3178025 | AG25: Normal | AH25: 1Yaf6MhzfD4f6xf1L8OhwD | AI25: 0 | AJ25: 293562 | AK25: 0.55 | AL25: 3089020 | AM25: 550 | AN25: 0 | AO25: Other
A26: 3108907 | B26: 0 | C26: 3178025 | D26: 8500 | E26: 0 | F26: Level : 04 1ST LEVEL | G26: One or two joins disabled | H26: 3089020 | I26: 6000 | J26: Top | K26: 8500 | L26: 110001 | M26: 5450 | N26: By Type | O26: M30 | P26: B2 | Q26: 300 | R26: 2248367 | S26: 7.39 | T26: -2001320 | U26: 0.00° | V26: 1.40 m³ | W26: Left | X26: 1.4025 | Y26: No | AA26: Uniform | AB26: 6000 | AC26: 3178025 | AD26: 3089020 | AE26: 3089020 | AF26: 3178025 | AG26: Normal | AH26: 1Yaf6MhzfD4f6xf1L8OhwF | AI26: 0 | AJ26: 293562 | AK26: 8.5 | AL26: 3089020 | AM26: 550 | AN26: 0 | AO26: Other
A27: 3108909 | B27: 0 | C27: 3178025 | D27: 4450 | E27: 0 | F27: Level : 04 1ST LEVEL | G27: One or two joins disabled | H27: 3089018 | I27: 6000 | J27: Top | K27: 4450 | L27: 110001 | M27: 5450 | N27: By Type | O27: M30 | P27: B52 | Q27: 200 | R27: 2248367 | S27: 3.4475 | T27: -2001320 | U27: 0.00° | V27: 0.49 m³ | W27: Left | X27: 0.4895 | Y27: No | AA27: Uniform | AB27: 6000 | AC27: 3178025 | AD27: 3089018 | AE27: 3089018 | AF27: 3178025 | AG27: Normal | AH27: 1Yaf6MhzfD4f6xf1L8Ohw9 | AI27: 0 | AJ27: 293562 | AK27: 4.45 | AL27: 3089018 | AM27: 550 | AN27: 0 | AO27: Other
A28: 3108911 | B28: 0 | C28: 3178025 | D28: 900 | E28: 0 | F28: Level : 04 1ST LEVEL | G28: One or two joins disabled | H28: 3089018 | I28: 6000 | J28: Top | K28: 900 | L28: 110001 | M28: 5450 | N28: By Type | O28: M30 | P28: B9 | Q28: 200 | R28: 2248367 | S28: 0.785 | T28: -2001320 | U28: 0.00° | V28: 0.10 m³ | W28: Left | X28: 0.099 | Y28: No | AA28: Uniform | AB28: 6000 | AC28: 3178025 | AD28: 3089018 | AE28: 3089018 | AF28: 3178025 | AG28: Normal | AH28: 1Yaf6MhzfD4f6xf1L8OhwB | AI28: 0 | AJ28: 293562 | AK28: 0.9 | AL28: 3089018 | AM28: 550 | AN28: 0 | AO28: Other
A29: 3108913 | B29: 0 | C29: 3178025 | D29: 3000 | E29: 0 | F29: Level : 04 1ST LEVEL | G29: One or two joins disabled | H29: 3089018 | I29: 6000 | J29: Top | K29: 3000 | L29: 110001 | M29: 5450 | N29: By Type | O29: M30 | P29: B36 | Q29: 200 | R29: 2248367 | S29: 2.36 | T29: -2001320 | U29: 0.00° | V29: 0.33 m³ | W29: Right | X29: 0.33 | Y29: No | AA29: Uniform | AB29: 6000 | AC29: 3178025 | AD29: 3089018 | AE29: 3089018 | AF29: 3178025 | AG29: Normal | AH29: 1Yaf6MhzfD4f6xf1L8OhwL | AI29: 0 | AJ29: 293562 | AK29: 3 | AL29: 3089018 | AM29: 550 | AN29: 0 | AO29: Other
... A33: 3108921 | B33: 0 | C33: 3178025 | D33: 1150 | E33: -200 | F33: Level : 04 1ST LEVEL | G33: One or two joins disabled | H33: 3089028 | I33: 5800 | J33: Top | K33: 1150 | L33: 110001 | M33: 5450 | N33: By Type | O33: M30 | P33: B4 | Q33: 200 | R33: 2248367 | S33: 0.7025 | T33: -2001320 | U33: 0.00° | V33: 0.08 m³ | W33: Right | X33: 0.0805 | Y33: No | AA33: Uniform | AB33: 6000 | AC33: 3178025 | AD33: 3089028 | AE33: 3089028 | AF33: 3178025 | AG33: Normal | AH33: 1Yaf6MhzfD4f6xf1L8OhwT | AI33: 0 | AJ33: 293562 | AK33: 1.15 | AL33: 3089028 | AM33: 350 | AN33: 0 | AO33: Other
A34: 3108923 | B34: 0 | C34: 3178025 | D34: 4450 | E34: 0 | F34: Level : 04 1ST LEVEL | G34: One or two joins disabled | H34: 3089018 | I34: 6000 | J34: Top | K34: 4450 | L34: 110001 | M34: 5450 | N34: By Type | O34: M30 | P34: B42 | Q34: 200 | R34: 2248367 | S34: 3.4475 | T34: -2001320 | U34: 0.00° | V34: 0.49 m³ | W34: Right | X34: 0.4895 | Y34: No | AA34: Uniform | AB34: 6000 | AD34: 3089018 | AE34: 3089018 | AF34: 3178025 | AG34: Normal | AH34: 1Yaf6MhzfD4f6xf1L8OhwV | AI34: 0 | AJ34: 293562 | AK34: 4.45 | AL34: 3089018 | AM34: 550 | AN34: 0 | AO34: Other
A35: 3108925 | B35: 0 | C35: 3178025 | D35: 8000 | E35: 0 | F35: Level : 04 1ST LEVEL | G35: One or two joins disabled | H35: 3089020 | I35: 6000 | J35: Top | K35: 8000 | L35: 110001 | M35: 5450 | N35: By Type | O35: M30 | P35: B11 | Q35: 300 | R35: 2248367 | S35: 6.965 | T35: -2001320 | U35: 0.00° | V35: 1.32 m³ | W35: Left | X35: 1.32 | Y35: No | AA35: Uniform | AB35: 6000 | AC35: 3178025 | AD35: 3089020 | AE35: 3089020 | AF35: 3178025 | AG35: Normal | AH35: 1Yaf6MhzfD4f6xf1L8OhwP | AI35: 0 | AJ35: 293562 | AK35: 8 | AL35: 3089020 | AM35: 550 | AN35: 0 | AO35: Other
A36: 3108927 | B36: 0 | C36: 3178025 | D36: 1250 | E36: 0 | F36: Level : 04 1ST LEVEL | G36: One or two joins disabled | H36: 3089018 | I36: 6000 | J36: Top | K36: 1250 | L36: 110001 | M36: 5450 | N36: By Type | O36: M30 | P36: B28 | Q36: 200 | R36: 2248367 | S36: 1.0475 | T36: -2001320 | U36: 0.00° | V36: 0.14 m³ | W36: Right | X36: 0.1375 | Y36: No | AA36: Uniform | AB36: 6000 | AC36: 3178025 | AD36: 3089018 | AE36: 3089018 | AF36: 3178025 | AG36: Normal | AH36: 1Yaf6MhzfD4f6xf1L8OhwR | AI36: 0 | AJ36: 293562 | AK36: 1.25 | AL36: 3089018 | AM36: 550 | AN36: 0 | AO36: Other
A37: 3108929 | B37: 0 | C37: 3178025 | D37: 900 | E37: 0 | F37: Level : 04 1ST LEVEL | G37: One or two joins disabled | H37: 3089018 | I37: 6000 | J37: Top | K37: 900 | L37: 110001 | M37: 5450 | N37: By Type | O37: M30 | P37: B10 | Q37: 200 | R37: 2248367 | S37: 0.785 | T37: -2001320 | U37: 0.00° | V37: 0.10 m³ | W37: Left | X37: 0.099 | Y37: No | AA37: Uniform | AB37: 6000 | AC37: 3178025 | AD37: 3089018 | AE37: 3089018 | AF37: 3178025 | AG37: Normal | AH37: 1Yaf6MhzfD4f6xf1L8Ohxb | AI37: 0 | AJ37: 293562 | AK37: 0.9 | AL37: 3089018 | AM37: 550 | AN37: 0 | AO37: Other
A38: 3108931 | B38: 0 | C38: 3178025 | D38: 1110 | E38: 0 | F38: Level : 04 1ST LEVEL | G38: One or two joins disabled | H38: 3089020 | I38: 6000 | J38: Top | K38: 1110 | L38: 110001 | M38: 5450 | N38: By Type | O38: M30 | P38: B12 | Q38: 300 | R38: 2248367 | S38: 1.1085 | T38: -2001320 | U38: 0.00° | V38: 0.18 m³ | W38: Left | X38: 0.1832 | Y38: No | AA38: Uniform | AB38: 6000 | AC38: 3178025 | AD38: 3089020 | AE38: 3089020 | AF38: 3178025 | AG38: Normal | AH38: 1Yaf6MhzfD4f6xf1L8Ohxd | AI38: 0 | AJ38: 293562 | AK38: 1.11 | AL38: 3089020 | AM38: 550 | AN38: 0 | AO38: Other
A39: 3108933 | B39: 0 | C39: 3178025 | D39: 1250 | E39: 0 | F39: Level : 04 1ST LEVEL | G39: One or two joins disabled | H39: 3089018 | I39: 6000 | J39: Top | K39: 1250 | L39: 110001 | M39: 5450 | N39: By Type | O39: M30 | P39: B55 | Q39: 200 | R39: 2248367 | S39: 1.0475 | T39: -2001320 | U39: 0.00° | V39: 0.14 m³ | W39: Left | X39: 0.1375 | Y39: No | AA39: Uniform | AB39: 6000 | AC39: 3178025 | AD39: 3089018 | AE39: 3089018 | AF39: 3178025 | AG39: Normal | AH39: 1Yaf6MhzfD4f6xf1L8OhxX | AI39: 0 | AJ39: 293562 | AK39: 1.25 | AL39: 3089018 | AM39: 550 | AN39: 0 | AO39: Other
A40: 3108935 | B40: 0 | C40: 3178025 | D40: 2900 | E40: 0 | F40: Level : 04 1ST LEVEL | G40: One or two joins disabled | H40: 3089018 | I40: 6000 | J40: Top | K40: 2900 | L40: 110001 | M40: 5450 | N40: By Type | O40: M30 | P40: B31 | Q40: 200 | R40: 2248367 | S40: 2.285 | T40: -2001320 | U40: 0.00° | V40: 0.32 m³ | W40: Right | X40: 0.319 | Y40: No | AA40: Uniform | AB40: 6000 | AC40: 3178025 | AD40: 3089018 | AE40: 3089018 | AF40: 3178025 | AG40: Normal | AH40: 1Yaf6MhzfD4f6xf1L8OhxZ | AI40: 0 | AJ40: 293562 | AK40: 2.9 | AL40: 3089018 | AM40: 550 | AN40: 0 | AO40: Other
A41: 3108937 | B41: 0 | C41: 3178025 | D41: 5150 | E41: 0 | F41: Level : 04 1ST LEVEL | G41: One or two joins disabled | H41: 3089024 | I41: 6000 | J41: Top | K41: 5150 | L41: 110001 | M41: 5450 | N41: By Type | O41: M30 | P41: B54 | Q41: 250 | R41: 2248367 | S41: 4.2575 | T41: -2001320 | U41: 0.00° | V41: 0.71 m³ | W41: Left | X41: 0.7081 | Y41: No | AA41: Uniform | AB41: 6000 | AC41: 3178025 | AD41: 3089024 | AE41: 3089024 | AF41: 3178025 | AG41: Normal | AH41: 1Yaf6MhzfD4f6xf1L8Ohxj | AI41: 0 | AJ41: 293562 | AK41: 5.15 | AL41: 3089024 | AM41: 550 | AN41: 0 | AO41: Other
A42: 3108939 | B42: 0 | C42: 3178025 | D42: 600 | E42: 0 | F42: Level : 04 1ST LEVEL | G42: One or two joins disabled | H42: 3089024 | I42: 6000 | J42: Top | K42: 600 | L42: 110001 | M42: 5450 | N42: By Type | O42: M30 | P42: B13 | Q42: 250 | R42: 2248367 | S42: 0.6175 | T42: -2001320 | U42: 0.00° | V42: 0.08 m³ | W42: Left | X42: 0.0825 | Y42: No | AA42: Uniform | AB42: 6000 | AC42: 3178025 | AD42: 3089024 | AE42: 3089024 | AF42: 3178025 | AG42: Normal | AH42: 1Yaf6MhzfD4f6xf1L8Ohxl | AI42: 0 | AJ42: 293562 | AK42: 0.6 | AL42: 3089024 | AM42: 550 | AN42: 0 | AO42: Other
A43: 3108941 | B43: 0 | C43: 3178025 | D43: 6010 | E43: 0 | F43: Level : 04 1ST LEVEL | G43: One or two joins disabled | H43: 3089024 | I43: 6000 | J43: Top | K43: 6010 | L43: 110001 | M43: 5450 | N43: By Type | O43: M30 | P43: B14 | Q43: 250 | R43: 2248367 | S43: 4.9455 | T43: -2001320 | U43: 0.00° | V43: 0.83 m³ | W43: Left | X43: 0.8264 | Y43: No | AA43: Uniform | AB43: 6000 | AC43: 3178025 | AD43: 3089024 | AE43: 3089024 | AF43: 3178025 | AG43: Normal | AH43: 1Yaf6MhzfD4f6xf1L8Ohxf | AI43: 0 | AJ43: 293562 | AK43: 6.01 | AL43: 3089024 | AM43: 550 | AN43: 0 | AO43: Other
A44: 3108943 | B44: 0 | C44: 3178025 | D44: 1110 | E44: 0 | F44: Level : 04 1ST LEVEL | G44: One or two joins disabled | H44: 3089024 | I44: 6000 | J44: Top | K44: 1110 | L44: 110001 | M44: 5450 | N44: By Type | O44: M30 | P44: B17 | Q44: 250 | R44: 2248367 | S44: 1.0255 | T44: -2001320 | U44: 0.00° | V44: 0.15 m³ | W44: Left | X44: 0.1526 | Y44: No | AA44: Uniform | AB44: 6000 | AC44: 3178025 | AD44: 3089024 | AE44: 3089024 | AF44: 3178025 | AG44: Normal | AH44: 1Yaf6MhzfD4f6xf1L8Ohxh | AI44: 0 | AJ44: 293562 | AK44: 1.11 | AL44: 3089024 | AM44: 550 | AN44: 0 | AO44: Other
A45: 3108945 | B45: 0 | C45: 3178025 | D45: 1900 | E45: 0 | F45: Level : 04 1ST LEVEL | G45: One or two joins disabled | H45: 3089018 | I45: 6000 | J45: Top | K45: 1900 | L45: 110001 | M45: 5450 | N45: By Type | O45: M30 | P45: B16 | Q45: 200 | R45: 2248367 | S45: 1.535 | T45: -2001320 | U45: 0.00° | V45: 0.21 m³ | W45: Right | X45: 0.209 | Y45: No | AA45: Uniform | AB45: 6000 | AC45: 3178025 | AD45: 3089018 | AE45: 3089018 | AF45: 3178025 | AG45: Normal | AH45: 1Yaf6MhzfD4f6xf1L8Ohxr | AI45: 0 | AJ45: 293562 | AK45: 1.9 | AL45: 3089018 | AM45: 550 | AN45: 0 | AO45: Other
A46: 3108947 | B46: 0 | C46: 3178025 | D46: 1850 | E46: 0 | F46: Level : 04 1ST LEVEL | G46: One or two joins disabled | H46: 3089018 | I46: 6000 | J46: Top | K46: 1850 | L46: 110001 | M46: 5450 | N46: By Type | O46: M30 | P46: B48 | Q46: 200 | R46: 2248367 | S46: 1.4975 | T46: -2001320 | U46: 0.00° | V46: 0.20 m³ | W46: Left | X46: 0.2035 | Y46: No | AA46: Uniform | AB46: 6000 | AC46: 3178025 | AD46: 3089018 | AE46: 3089018 | AF46: 3178025 | AG46: Normal | AH46: 1Yaf6MhzfD4f6xf1L8Ohxt | AI46: 0 | AJ46: 293562 | AK46: 1.85 | AL46: 3089018 | AM46: 550 | AN46: 0 | AO46: Other
... A54: 3108963 | B54: 0 | C54: 3178025 | D54: 3050 | E54: 0 | F54: Level : 04 1ST LEVEL | G54: One or two joins disabled | H54: 3089018 | I54: 6000 | J54: Top | K54: 3050 | L54: 110001 | M54: 5450 | N54: By Type | O54: M30 | P54: B51 | Q54: 200 | R54: 2248367 | S54: 2.3975 | T54: -2001320 | U54: 0.00° | V54: 0.34 m³ | W54: Left | X54: 0.3355 | Y54: No | AA54: Uniform | AB54: 6000 | AC54: 3178025 | AD54: 3089018 | AE54: 3089018 | AF54: 3178025 | AG54: Normal | AH54: 1Yaf6MhzfD4f6xf1L8Ohx7 | AI54: 0 | AJ54: 293562 | AK54: 3.05 | AL54: 3089018 | AM54: 550 | AN54: 0 | AO54: Other
A55: 3108965 | B55: 0 | C55: 3178025 | D55: 3800 | E55: 0 | F55: Level : 04 1ST LEVEL | G55: One or two joins disabled | H55: 3089018 | I55: 6000 | J55: Top | K55: 3800 | L55: 110001 | M55: 5450 | N55: By Type | O55: M30 | P55: B20 | Q55: 200 | R55: 2248367 | S55: 2.96 | T55: -2001320 | U55: 0.00° | V55: 0.42 m³ | W55: Right | X55: 0.418 | Y55: No | AA55: Uniform | AB55: 6000 | AD55: 3089018 | AE55: 3089018 | AF55: 3178025 | AG55: Normal | AH55: 1Yaf6MhzfD4f6xf1L8Ohx1 | AI55: 0 | AJ55: 293562 | AK55: 3.8 | AL55: 3089018 | AM55: 550 | AN55: 0 | AO55: Other
A56: 3108969 | B56: 0 | C56: 3178025 | D56: 2400 | E56: 0 | F56: Level : 04 1ST LEVEL | G56: One or two joins disabled | H56: 3089018 | I56: 6000 | J56: Top | K56: 2400 | L56: 110001 | M56: 5450 | N56: By Type | O56: M30 | P56: B57 | Q56: 200 | R56: 2248367 | S56: 1.91 | T56: -2001320 | U56: 0.00° | V56: 0.26 m³ | W56: Left | X56: 0.264 | Y56: No | AA56: Uniform | AB56: 6000 | AC56: 3178025 | AD56: 3089018 | AE56: 3089018 | AF56: 3178025 | AG56: Normal | AH56: 1Yaf6MhzfD4f6xf1L8OhxD | AI56: 0 | AJ56: 293562 | AK56: 2.4 | AL56: 3089018 | AM56: 550 | AN56: 0 | AO56: Other
A57: 3108971 | B57: 0 | C57: 3178025 | D57: 2400 | E57: 0 | F57: Level : 04 1ST LEVEL | G57: One or two joins disabled | H57: 3089018 | I57: 6000 | J57: Top | K57: 2400 | L57: 110001 | M57: 5450 | N57: By Type | O57: M30 | P57: B53 | Q57: 200 | R57: 2248367 | S57: 1.91 | T57: -2001320 | U57: 0.00° | V57: 0.26 m³ | W57: Left | X57: 0.264 | Y57: No | AA57: Uniform | AB57: 6000 | AC57: 3178025 | AD57: 3089018 | AE57: 3089018 | AF57: 3178025 | AG57: Normal | AH57: 1Yaf6MhzfD4f6xf1L8OhxF | AI57: 0 | AJ57: 293562 | AK57: 2.4 | AL57: 3089018 | AM57: 550 | AN57: 0 | AO57: Other
A58: 3108973 | B58: 0 | C58: 3178025 | D58: 5160 | E58: 0 | F58: Level : 04 1ST LEVEL | G58: One or two joins disabled | H58: 3089018 | I58: 6000 | J58: Top | K58: 5160 | L58: 110001 | M58: 5450 | N58: By Type | O58: M30 | P58: B24 | Q58: 200 | R58: 2248367 | S58: 3.98 | T58: -2001320 | U58: 0.00° | V58: 0.57 m³ | W58: Right | X58: 0.5676 | Y58: No | AA58: Uniform | AB58: 6000 | AC58: 3178025 | AD58: 3089018 | AE58: 3089018 | AF58: 3178025 | AG58: Normal | AH58: 1Yaf6MhzfD4f6xf1L8Ohx9 | AI58: 0 | AJ58: 293562 | AK58: 5.16 | AL58: 3089018 | AM58: 550 | AN58: 0 | AO58: Other
A59: 3108975 | B59: 0 | C59: 3178025 | D59: 1900 | E59: 0 | F59: Level : 04 1ST LEVEL | G59: One or two joins disabled | H59: 3089018 | I59: 6000 | J59: Top | K59: 1900 | L59: 110001 | M59: 5450 | N59: By Type | O59: M30 | P59: B35 | Q59: 200 | R59: 2248367 | S59: 1.535 | T59: -2001320 | U59: 0.00° | V59: 0.21 m³ | W59: Left | X59: 0.209 | Y59: No | AA59: Uniform | AB59: 6000 | AC59: 3178025 | AD59: 3089018 | AE59: 3089018 | AF59: 3178025 | AG59: Normal | AH59: 1Yaf6MhzfD4f6xf1L8OhxB | AI59: 0 | AJ59: 293562 | AK59: 1.9 | AL59: 3089018 | AM59: 550 | AN59: 0 | AO59: Other
A60: 3108977 | B60: 0 | C60: 3178025 | D60: 2400 | E60: 0 | F60: Level : 04 1ST LEVEL | G60: One or two joins disabled | H60: 3089018 | I60: 6000 | J60: Top | K60: 2400 | L60: 110001 | M60: 5450 | N60: By Type | O60: M30 | P60: B56 | Q60: 200 | R60: 2248367 | S60: 1.91 | T60: -2001320 | U60: 0.00° | V60: 0.26 m³ | W60: Left | X60: 0.264 | Y60: No | AA60: Uniform | AB60: 6000 | AD60: 3089018 | AE60: 3089018 | AF60: 3178025 | AG60: Normal | AH60: 1Yaf6MhzfD4f6xf1L8OhxL | AI60: 0 | AJ60: 293562 | AK60: 2.4 | AL60: 3089018 | AM60: 550 | AN60: 0 | AO60: Other
A61: 3108979 | B61: 0 | C61: 3178025 | D61: 2400 | E61: 0 | F61: Level : 04 1ST LEVEL | G61: One or two joins disabled | H61: 3089018 | I61: 6000 | J61: Top | K61: 2400 | L61: 110001 | M61: 5450 | N61: By Type | O61: M30 | P61: B22 | Q61: 200 | R61: 2248367 | S61: 1.91 | T61: -2001320 | U61: 0.00° | V61: 0.26 m³ | W61: Right | X61: 0.264 | Y61: No | AA61: Uniform | AB61: 6000 | AC61: 3178025 | AD61: 3089018 | AE61: 3089018 | AF61: 3178025 | AG61: Normal | AH61: 1Yaf6MhzfD4f6xf1L8OhxN | AI61: 0 | AJ61: 293562 | AK61: 2.4 | AL61: 3089018 | AM61: 550 | AN61: 0 | AO61: Other
A62: 3108981 | B62: 0 | C62: 3178025 | D62: 1250 | E62: 0 | F62: Level : 04 1ST LEVEL | G62: One or two joins disabled | H62: 3089020 | I62: 6000 | J62: Top | K62: 1250 | L62: 110001 | M62: 5450 | N62: By Type | O62: M30 | P62: B59 | Q62: 300 | R62: 2248367 | S62: 1.2275 | T62: -2001320 | U62: 0.00° | V62: 0.21 m³ | W62: Left | X62: 0.2063 | Y62: No | AA62: Uniform | AB62: 6000 | AC62: 3178025 | AD62: 3089020 | AE62: 3089020 | AF62: 3178025 | AG62: Normal | AH62: 1Yaf6MhzfD4f6xf1L8OhxH | AI62: 0 | AJ62: 293562 | AK62: 1.25 | AL62: 3089020 | AM62: 550 | AN62: 0 | AO62: Other
A63: 3108983 | B63: 0 | C63: 3178025 | D63: 9510 | E63: 0 | F63: Level : 04 1ST LEVEL | G63: One or two joins disabled | H63: 3089020 | I63: 6000 | J63: Top | K63: 9510 | L63: 110001 | M63: 5450 | N63: By Type | O63: M30 | P63: B27 | Q63: 300 | R63: 2248367 | S63: 8.2485 | T63: -2001320 | U63: 0.00° | V63: 1.57 m³ | W63: Right | X63: 1.5692 | Y63: No | AA63: Uniform | AB63: 6000 | AC63: 3178025 | AD63: 3089020 | AE63: 3089020 | AF63: 3178025 | AG63: Normal | AH63: 1Yaf6MhzfD4f6xf1L8OhxJ | AI63: 0 | AJ63: 293562 | AK63: 9.51 | AL63: 3089020 | AM63: 550 | AN63: 0 | AO63: Other
A64: 3108987 | B64: 0 | C64: 3178025 | D64: 2500 | E64: 0 | F64: Level : 04 1ST LEVEL | G64: One or two joins disabled | H64: 3089018 | I64: 6000 | J64: Top | K64: 2500 | L64: 110001 | M64: 5450 | N64: By Type | O64: M30 | P64: B49 | Q64: 200 | R64: 2248367 | S64: 1.985 | T64: -2001320 | U64: 0.00° | V64: 0.28 m³ | W64: Right | X64: 0.275 | Y64: No | AA64: Uniform | AB64: 6000 | AD64: 3089018 | AE64: 3089018 | AF64: 3178025 | AG64: Normal | AH64: 1Yaf6MhzfD4f6xf1L8OhxV | AI64: 0 | AJ64: 293562 | AK64: 2.5 | AL64: 3089018 | AM64: 550 | AN64: 0 | AO64: Other
A65: 3108989 | B65: 0 | C65: 3178025 | D65: 8000 | E65: 0 | F65: Level : 04 1ST LEVEL | G65: One or two joins disabled | H65: 3089020 | I65: 6000 | J65: Top | K65: 8000 | L65: 110001 | M65: 5450 | N65: By Type | O65: M30 | P65: B26 | Q65: 300 | R65: 2248367 | S65: 6.965 | T65: -2001320 | U65: 0.00° | V65: 1.32 m³ | W65: Right | X65: 1.32 | Y65: No | AA65: Uniform | AB65: 6000 | AC65: 3178025 | AD65: 3089020 | AE65: 3089020 | AF65: 3178025 | AG65: Normal | AH65: 1Yaf6MhzfD4f6xf1L8OhxP | AI65: 0 | AJ65: 293562 | AK65: 8 | AL65: 3089020 | AM65: 550 | AN65: 0 | AO65: Other
A66: 3108991 | B66: 0 | C66: 3178025 | D66: 950 | E66: 0 | F66: Level : 04 1ST LEVEL | G66: One or two joins disabled | H66: 3089018 | I66: 6000 | J66: Top | K66: 950 | L66: 110001 | M66: 5450 | N66: By Type | O66: M30 | P66: B43A | Q66: 200 | R66: 2248367 | S66: 0.8225 | T66: -2001320 | U66: 0.00° | V66: 0.10 m³ | W66: Right | X66: 0.1045 | Y66: No | AA66: Uniform | AB66: 6000 | AC66: 3178025 | AD66: 3089018 | AE66: 3089018 | AF66: 3178025 | AG66: Normal | AH66: 1Yaf6MhzfD4f6xf1L8OhxR | AI66: 0 | AJ66: 293562 | AK66: 0.95 | AL66: 3089018 | AM66: 550 | AN66: 0 | AO66: Other
A67: 3108993 | B67: 0 | C67: 3178025 | D67: 4500 | E67: 0 | F67: Level : 04 1ST LEVEL | G67: One or two joins disabled | H67: 3089018 | I67: 6000 | J67: Top | K67: 4500 | L67: 110001 | M67: 5450 | N67: By Type | O67: M30 | P67: B45 | Q67: 200 | R67: 2248367 | S67: 3.485 | T67: -2001320 | U67: 0.00° | V67: 0.50 m³ | W67: Left | X67: 0.495 | Y67: No | AA67: Uniform | AB67: 6000 | AC67: 3178025 | AD67: 3089018 | AE67: 3089018 | AF67: 3178025 | AG67: Normal | AH67: 1Yaf6MhzfD4f6xf1L8Ohub | AI67: 0 | AJ67: 293562 | AK67: 4.5 | AL67: 3089018 | AM67: 550 | AN67: 0 | AO67: Other
A68: 3108995 | B68: 0 | C68: 3178025 | D68: 5160 | E68: 0 | F68: Level : 04 1ST LEVEL | G68: One or two joins disabled | H68: 3089022 | I68: 6000 | J68: Top | K68: 5160 | L68: 110001 | M68: 4500 | N68: By Type | O68: M30 | P68: GB1 | Q68: 900 | R68: 2248367 | S68: 13.734 | T68: -2001320 | U68: 0.00° | V68: 6.97 m³ | W68: Right | X68: 6.966 | Y68: No | AA68: Uniform | AB68: 6000 | AC68: 3178025 | AD68: 3089022 | AE68: 3089022 | AF68: 3178025 | AG68: Normal | AH68: 1Yaf6MhzfD4f6xf1L8Ohud | AI68: 0 | AJ68: 293562 | AK68: 5.16 | AL68: 3089022 | AM68: 1500 | AN68: 0 | AO68: Other
A69: 3108997 | B69: 0 | C69: 3178025 | D69: 1250 | E69: 0 | F69: Level : 04 1ST LEVEL | G69: One or two joins disabled | H69: 3089020 | I69: 6000 | J69: Top | K69: 1250 | L69: 110001 | M69: 5450 | N69: By Type | O69: M30 | P69: B40 | Q69: 300 | R69: 2248367 | S69: 1.2275 | T69: -2001320 | U69: 0.00° | V69: 0.21 m³ | W69: Right | X69: 0.2063 | Y69: No | AA69: Uniform | AB69: 6000 | AC69: 3178025 | AD69: 3089020 | AE69: 3089020 | AF69: 3178025 | AG69: Normal | AH69: 1Yaf6MhzfD4f6xf1L8OhuX | AI69: 0 | AJ69: 293562 | AK69: 1.25 | AL69: 3089020 | AM69: 550 | AN69: 0 | AO69: Other
A70: 3108999 | B70: 0 | C70: 3178025 | D70: 3850 | E70: 0 | F70: Level : 04 1ST LEVEL | G70: One or two joins disabled | H70: 3089024 | I70: 6000 | J70: Top | K70: 3850 | L70: 110001 | M70: 5450 | N70: By Type | O70: M30 | P70: B41 | Q70: 250 | R70: 2248367 | S70: 3.2175 | T70: -2001320 | U70: 0.00° | V70: 0.53 m³ | W70: Left | X70: 0.5294 | Y70: No | AA70: Uniform | AB70: 6000 | AC70: 3178025 | AD70: 3089024 | AE70: 3089024 | AF70: 3178025 | AG70: Normal | AH70: 1Yaf6MhzfD4f6xf1L8OhuZ | AI70: 0 | AJ70: 293562 | AK70: 3.85 | AL70: 3089024 | AM70: 550 | AN70: 0 | AO70: Other
A71: 3109001 | B71: 0 | C71: 3178025 | D71: 3850 | E71: 0 | F71: Level : 04 1ST LEVEL | G71: One or two joins disabled | H71: 3089018 | I71: 6000 | J71: Top | K71: 3850 | L71: 110001 | M71: 5450 | N71: By Type | O71: M30 | P71: B29 | Q71: 200 | R71: 2248367 | S71: 2.9975 | T71: -2001320 | U71: 0.00° | V71: 0.42 m³ | W71: Right | X71: 0.4235 | Y71: No | AA71: Uniform | AB71: 6000 | AD71: 3089018 | AE71: 3089018 | AF71: 3178025 | AG71: Normal | AH71: 1Yaf6MhzfD4f6xf1L8Ohuj | AI71: 0 | AJ71: 293562 | AK71: 3.85 | AL71: 3089018 | AM71: 550 | AN71: 0 | AO71: Other
A72: 3109003 | B72: 0 | C72: 3178025 | D72: 4000 | E72: 0 | F72: Level : 04 1ST LEVEL | G72: One or two joins disabled | H72: 3089018 | I72: 6000 | J72: Top | K72: 4000 | L72: 110001 | M72: 5450 | N72: By Type | O72: M30 | P72: B23 | Q72: 200 | R72: 2248367 | S72: 3.11 | T72: -2001320 | U72: 0.00° | V72: 0.44 m³ | W72: Right | X72: 0.44 | Y72: No | AA72: Uniform | AB72: 6000 | AC72: 3178025 | AD72: 3089018 | AE72: 3089018 | AF72: 3178025 | AG72: Normal | AH72: 1Yaf6MhzfD4f6xf1L8Ohul | AI72: 0 | AJ72: 293562 | AK72: 4 | AL72: 3089018 | AM72: 550 | AN72: 0 | AO72: Other
A73: 3109005 | B73: 0 | C73: 3178025 | D73: 1250 | E73: -200 | F73: Level : 04 1ST LEVEL | G73: One or two joins disabled | H73: 3089028 | I73: 5800 | J73: Top | K73: 1250 | L73: 110001 | M73: 5450 | N73: By Type | O73: M30 | P73: B33 | Q73: 200 | R73: 2248367 | S73: 0.7575 | T73: -2001320 | U73: 0.00° | V73: 0.09 m³ | W73: Right | X73: 0.0875 | Y73: No | AA73: Uniform | AB73: 6000 | AC73: 3178025 | AD73: 3089028 | AE73: 3089028 | AF73: 3178025 | AG73: Normal | AH73: 1Yaf6MhzfD4f6xf1L8Ohuf | AI73: 0 | AJ73: 293562 | AK73: 1.25 | AL73: 3089028 | AM73: 350 | AN73: 0 | AO73: Other
A74: 3120043 | B74: 0 | C74: 3178025 | D74: 600 | E74: 0 | F74: Level : 05 2ND LEVEL | G74: One or two joins disabled | H74: 3089018 | I74: 8950 | J74: Top | K74: 600 | L74: 110001 | M74: 8400 | N74: By Type | O74: M30 | P74: B44 | Q74: 200 | R74: 2248635 | S74: 0.56 | T74: -2001320 | U74: 0.00° | V74: 0.07 m³ | W74: Left | X74: 0.066 | Y74: No | AA74: Uniform | AB74: 8950 | AC74: 3178025 | AD74: 3089018 | AE74: 3089018 | AF74: 3178025 | AG74: Normal | AH74: 04OWjS4_XFfvTcATeW4r4q | AI74: 0 | AJ74: 293562 | AK74: 0.6 | AL74: 3089018 | AM74: 550 | AN74: 0 | AO74: Other
A75: 3120045 | B75: 0 | C75: 3178025 | D75: 2450 | E75: 0 | F75: Level : 05 2ND LEVEL | G75: One or two joins disabled | H75: 3089018 | I75: 8950 | J75: Top | K75: 2450 | L75: 110001 | M75: 8400 | N75: By Type | O75: M30 | P75: B1 | Q75: 200 | R75: 2248635 | S75: 1.9475 | T75: -2001320 | U75: 0.00° | V75: 0.27 m³ | W75: Right | X75: 0.2695 | Y75: No | AA75: Uniform | AB75: 8950 | AC75: 3178025 | AD75: 3089018 | AE75: 3089018 | AF75: 3178025 | AG75: Normal | AH75: 04OWjS4_XFfvTcATeW4r4o | AI75: 0 | AJ75: 293562 | AK75: 2.45 | AL75: 3089018 | AM75: 550 | AN75: 0 | AO75: Other
A76: 3120047 | B76: 0 | C76: 3178025 | D76: 600 | E76: 0 | F76: Level : 05 2ND LEVEL | G76: One or two joins disabled | H76: 3089018 | I76: 8950 | J76: Top | K76: 600 | L76: 110001 | M76: 8400 | N76: By Type | O76: M30 | P76: B37 | Q76: 200 | R76: 2248635 | S76: 0.56 | T76: -2001320 | U76: 0.00° | V76: 0.07 m³ | W76: Right | X76: 0.066 | Y76: No | AA76: Uniform | AB76: 8950 | AC76: 3178025 | AD76: 3089018 | AE76: 3089018 | AF76: 3178025 | AG76: Normal | AH76: 04OWjS4_XFfvTcATeW4r4m | AI76: 0 | AJ76: 293562 | AK76: 0.6 | AL76: 3089018 | AM76: 550 | AN76: 0 | AO76: Other
A77: 3120049 | B77: 0 | C77: 3178025 | D77: 150 | E77: 0 | F77: Level : 05 2ND LEVEL | G77: One or two joins disabled | H77: 3089020 | I77: 8950 | J77: Top | K77: 150 | L77: 110001 | M77: 8400 | N77: By Type | O77: M30 | P77: B2A | Q77: 300 | R77: 2248635 | S77: 0.2925 | T77: -2001320 | U77: 0.00° | V77: 0.02 m³ | W77: Right | X77: 0.0247 | Y77: No | AA77: Uniform | AB77: 8950 | AC77: 3178025 | AD77: 3089020 | AE77: 3089020 | AF77: 3178025 | AG77: Normal | AH77: 04OWjS4_XFfvTcATeW4r4k | AI77: 0 | AJ77: 293562 | AK77: 0.15 | AL77: 3089020 | AM77: 550 | AN77: 0 | AO77: Other
A78: 3120051 | B78: 0 | C78: 3178025 | D78: 150 | E78: 0 | F78: Level : 05 2ND LEVEL | G78: One or two joins disabled | H78: 3089020 | I78: 8950 | J78: Top | K78: 150 | L78: 110001 | M78: 8400 | N78: By Type | O78: M30 | P78: B2A | Q78: 300 | R78: 2248635 | S78: 0.2925 | T78: -2001320 | U78: 0.00° | V78: 0.02 m³ | W78: Left | X78: 0.0248 | Y78: No | AA78: Uniform | AB78: 8950 | AC78: 3178025 | AD78: 3089020 | AE78: 3089020 | AF78: 3178025 | AG78: Normal | AH78: 04OWjS4_XFfvTcATeW4r4i | AI78: 0 | AJ78: 293562 | AK78: 0.15 | AL78: 3089020 | AM78: 550 | AN78: 0 | AO78: Other
A79: 3120053 | B79: 0 | C79: 3178025 | D79: 3700 | E79: 0 | F79: Level : 05 2ND LEVEL | G79: One or two joins disabled | H79: 3089018 | I79: 8950 | J79: Top | K79: 3700 | L79: 110001 | M79: 8400 | N79: By Type | O79: M30 | P79: B32 | Q79: 200 | R79: 2248635 | S79: 2.885 | T79: -2001320 | U79: 0.00° | V79: 0.41 m³ | W79: Right | X79: 0.407 | Y79: No | AA79: Uniform | AB79: 8950 | AC79: 3178025 | AD79: 3089018 | AE79: 3089018 | AF79: 3178025 | AG79: Normal | AH79: 04OWjS4_XFfvTcATeW4r4g | AI79: 0 | AJ79: 293562 | AK79: 3.7 | AL79: 3089018 | AM79: 550 | AN79: 0 | AO79: Other
A80: 3120055 | B80: 0 | C80: 3178025 | D80: 900 | E80: 0 | F80: Level : 05 2ND LEVEL | G80: One or two joins disabled | H80: 3089018 | I80: 8950 | J80: Top | K80: 900 | L80: 110001 | M80: 8400 | N80: By Type | O80: M30 | P80: B6 | Q80: 200 | R80: 2248635 | S80: 0.785 | T80: -2001320 | U80: 0.00° | V80: 0.10 m³ | W80: Right | X80: 0.099 | Y80: No | AA80: Uniform | AB80: 8950 | AC80: 3178025 | AD80: 3089018 | AE80: 3089018 | AF80: 3178025 | AG80: Normal | AH80: 04OWjS4_XFfvTcATeW4r4e | AI80: 0 | AJ80: 293562 | AK80: 0.9 | AL80: 3089018 | AM80: 550 | AN80: 0 | AO80: Other
A81: 3120057 | B81: 0 | C81: 3178025 | D81: 550 | E81: 0 | F81: Level : 05 2ND LEVEL | G81: One or two joins disabled | H81: 3089020 | I81: 8950 | J81: Top | K81: 550 | L81: 110001 | M81: 8400 | N81: By Type | O81: M30 | P81: B3 | Q81: 300 | R81: 2248635 | S81: 0.6325 | T81: -2001320 | U81: 0.00° | V81: 0.09 m³ | W81: Right | X81: 0.0908 | Y81: No | AA81: Uniform | AB81: 8950 | AC81: 3178025 | AD81: 3089020 | AE81: 3089020 | AF81: 3178025 | AG81: Normal | AH81: 04OWjS4_XFfvTcATeW4r4c | AI81: 0 | AJ81: 293562 | AK81: 0.55 | AL81: 3089020 | AM81: 550 | AN81: 0 | AO81: Other
A82: 3120059 | B82: 0 | C82: 3178025 | D82: 8500 | E82: 0 | F82: Level : 05 2ND LEVEL | G82: One or two joins disabled | H82: 3089020 | I82: 8950 | J82: Top | K82: 8500 | L82: 110001 | M82: 8400 | N82: By Type | O82: M30 | P82: B2 | Q82: 300 | R82: 2248635 | S82: 7.39 | T82: -2001320 | U82: 0.00° | V82: 1.40 m³ | W82: Left | X82: 1.4025 | Y82: No | AA82: Uniform | AB82: 8950 | AC82: 3178025 | AD82: 3089020 | AE82: 3089020 | AF82: 3178025 | AG82: Normal | AH82: 04OWjS4_XFfvTcATeW4r4a | AI82: 0 | AJ82: 293562 | AK82: 8.5 | AL82: 3089020 | AM82: 550 | AN82: 0 | AO82: Other
A83: 3120061 | B83: 0 | C83: 3178025 | D83: 4450 | E83: 0 | F83: Level : 05 2ND LEVEL | G83: One or two joins disabled | H83: 3089018 | I83: 8950 | J83: Top | K83: 4450 | L83: 110001 | M83: 8400 | N83: By Type | O83: M30 | P83: B51 | Q83: 200 | R83: 2248635 | S83: 3.4475 | T83: -2001320 | U83: 0.00° | V83: 0.49 m³ | W83: Left | X83: 0.4895 | Y83: No | AA83: Uniform | AB83: 8950 | AC83: 3178025 | AD83: 3089018 | AE83: 3089018 | AF83: 3178025 | AG83: Normal | AH83: 04OWjS4_XFfvTcATeW4r4Y | AI83: 0 | AJ83: 293562 | AK83: 4.45 | AL83: 3089018 | AM83: 550 | AN83: 0 | AO83: Other
... A91: 3120079 | B91: 0 | C91: 3178025 | D91: 1250 | E91: 0 | F91: Level : 05 2ND LEVEL | G91: One or two joins disabled | H91: 3089018 | I91: 8950 | J91: Top | K91: 1250 | L91: 110001 | M91: 8400 | N91: By Type | O91: M30 | P91: B28 | Q91: 200 | R91: 2248635 | S91: 1.0475 | T91: -2001320 | U91: 0.00° | V91: 0.14 m³ | W91: Right | X91: 0.1375 | Y91: No | AA91: Uniform | AB91: 8950 | AC91: 3178025 | AD91: 3089018 | AE91: 3089018 | AF91: 3178025 | AG91: Normal | AH91: 04OWjS4_XFfvTcATeW4r5G | AI91: 0 | AJ91: 293562 | AK91: 1.25 | AL91: 3089018 | AM91: 550 | AN91: 0 | AO91: Other
A92: 3120081 | B92: 0 | C92: 3178025 | D92: 900 | E92: 0 | F92: Level : 05 2ND LEVEL | G92: One or two joins disabled | H92: 3089018 | I92: 8950 | J92: Top | K92: 900 | L92: 110001 | M92: 8400 | N92: By Type | O92: M30 | P92: B10 | Q92: 200 | R92: 2248635 | S92: 0.785 | T92: -2001320 | U92: 0.00° | V92: 0.10 m³ | W92: Left | X92: 0.099 | Y92: No | AA92: Uniform | AB92: 8950 | AD92: 3089018 | AE92: 3089018 | AF92: 3178025 | AG92: Normal | AH92: 04OWjS4_XFfvTcATeW4r5E | AI92: 0 | AJ92: 293562 | AK92: 0.9 | AL92: 3089018 | AM92: 550 | AN92: 0 | AO92: Other
A93: 3120083 | B93: 0 | C93: 3178025 | D93: 1110 | E93: 0 | F93: Level : 05 2ND LEVEL | G93: One or two joins disabled | H93: 3089020 | I93: 8950 | J93: Top | K93: 1110 | L93: 110001 | M93: 8400 | N93: By Type | O93: M30 | P93: B12 | Q93: 300 | R93: 2248635 | S93: 1.1085 | T93: -2001320 | U93: 0.00° | V93: 0.18 m³ | W93: Left | X93: 0.1832 | Y93: No | AA93: Uniform | AB93: 8950 | AC93: 3178025 | AD93: 3089020 | AE93: 3089020 | AF93: 3178025 | AG93: Normal | AH93: 04OWjS4_XFfvTcATeW4r5C | AI93: 0 | AJ93: 293562 | AK93: 1.11 | AL93: 3089020 | AM93: 550 | AN93: 0 | AO93: Other
A94: 3120085 | B94: 0 | C94: 3178025 | D94: 1250 | E94: 0 | F94: Level : 05 2ND LEVEL | G94: One or two joins disabled | H94: 3089018 | I94: 8950 | J94: Top | K94: 1250 | L94: 110001 | M94: 8400 | N94: By Type | O94: M30 | P94: B54 | Q94: 200 | R94: 2248635 | S94: 1.0475 | T94: -2001320 | U94: 0.00° | V94: 0.14 m³ | W94: Left | X94: 0.1375 | Y94: No | AA94: Uniform | AB94: 8950 | AC94: 3178025 | AD94: 3089018 | AE94: 3089018 | AF94: 3178025 | AG94: Normal | AH94: 04OWjS4_XFfvTcATeW4r5A | AI94: 0 | AJ94: 293562 | AK94: 1.25 | AL94: 3089018 | AM94: 550 | AN94: 0 | AO94: Other
A95: 3120087 | B95: 0 | C95: 3178025 | D95: 2900 | E95: 0 | F95: Level : 05 2ND LEVEL | G95: One or two joins disabled | H95: 3089018 | I95: 8950 | J95: Top | K95: 2900 | L95: 110001 | M95: 8400 | N95: By Type | O95: M30 | P95: B31 | Q95: 200 | R95: 2248635 | S95: 2.285 | T95: -2001320 | U95: 0.00° | V95: 0.32 m³ | W95: Right | X95: 0.319 | Y95: No | AA95: Uniform | AB95: 8950 | AC95: 3178025 | AD95: 3089018 | AE95: 3089018 | AF95: 3178025 | AG95: Normal | AH95: 04OWjS4_XFfvTcATeW4r58 | AI95: 0 | AJ95: 293562 | AK95: 2.9 | AL95: 3089018 | AM95: 550 | AN95: 0 | AO95: Other
A96: 3120089 | B96: 0 | C96: 3178025 | D96: 5150 | E96: 0 | F96: Level : 05 2ND LEVEL | G96: One or two joins disabled | H96: 3089024 | I96: 8950 | J96: Top | K96: 5150 | L96: 110001 | M96: 8400 | N96: By Type | O96: M30 | P96: B53 | Q96: 250 | R96: 2248635 | S96: 4.2575 | T96: -2001320 | U96: 0.00° | V96: 0.71 m³ | W96: Left | X96: 0.7081 | Y96: No | AA96: Uniform | AB96: 8950 | AC96: 3178025 | AD96: 3089024 | AE96: 3089024 | AF96: 3178025 | AG96: Normal | AH96: 04OWjS4_XFfvTcATeW4r56 | AI96: 0 | AJ96: 293562 | AK96: 5.15 | AL96: 3089024 | AM96: 550 | AN96: 0 | AO96: Other
A97: 3120091 | B97: 0 | C97: 3178025 | D97: 600 | E97: 0 | F97: Level : 05 2ND LEVEL | G97: One or two joins disabled | H97: 3089024 | I97: 8950 | J97: Top | K97: 600 | L97: 110001 | M97: 8400 | N97: By Type | O97: M30 | P97: B13 | Q97: 250 | R97: 2248635 | S97: 0.6175 | T97: -2001320 | U97: 0.00° | V97: 0.08 m³ | W97: Left | X97: 0.0825 | Y97: No | AA97: Uniform | AB97: 8950 | AC97: 3178025 | AD97: 3089024 | AE97: 3089024 | AF97: 3178025 | AG97: Normal | AH97: 04OWjS4_XFfvTcATeW4r54 | AI97: 0 | AJ97: 293562 | AK97: 0.6 | AL97: 3089024 | AM97: 550 | AN97: 0 | AO97: Other
A98: 3120093 | B98: 0 | C98: 3178025 | D98: 6010 | E98: 0 | F98: Level : 05 2ND LEVEL | G98: One or two joins disabled | H98: 3089024 | I98: 8950 | J98: Top | K98: 6010 | L98: 110001 | M98: 8400 | N98: By Type | O98: M30 | P98: B14 | Q98: 250 | R98: 2248635 | S98: 4.9455 | T98: -2001320 | U98: 0.00° | V98: 0.83 m³ | W98: Left | X98: 0.8264 | Y98: No | AA98: Uniform | AB98: 8950 | AC98: 3178025 | AD98: 3089024 | AE98: 3089024 | AF98: 3178025 | AG98: Normal | AH98: 04OWjS4_XFfvTcATeW4r52 | AI98: 0 | AJ98: 293562 | AK98: 6.01 | AL98: 3089024 | AM98: 550 | AN98: 0 | AO98: Other
A99: 3120095 | B99: 0 | C99: 3178025 | D99: 1110 | E99: 0 | F99: Level : 05 2ND LEVEL | G99: One or two joins disabled | H99: 3089024 | I99: 8950 | J99: Top | K99: 1110 | L99: 110001 | M99: 8400 | N99: By Type | O99: M30 | P99: B17 | Q99: 250 | R99: 2248635 | S99: 1.0255 | T99: -2001320 | U99: 0.00° | V99: 0.15 m³ | W99: Left | X99: 0.1526 | Y99: No | AA99: Uniform | AB99: 8950 | AD99: 3089024 | AE99: 3089024 | AF99: 3178025 | AG99: Normal | AH99: 04OWjS4_XFfvTcATeW4r50 | AI99: 0 | AJ99: 293562 | AK99: 1.11 | AL99: 3089024 | AM99: 550 | AN99: 0 | AO99: Other
A100: 3120097 | B100: 0 | C100: 3178025 | D100: 1900 | E100: 0 | F100: Level : 05 2ND LEVEL | G100: One or two joins disabled | H100: 3089018 | I100: 8950 | J100: Top | K100: 1900 | L100: 110001 | M100: 8400 | N100: By Type | O100: M30 | P100: B16 | Q100: 200 | R100: 2248635 | S100: 1.535 | T100: -2001320 | U100: 0.00° | V100: 0.21 m³ | W100: Right | X100: 0.209 | Y100: No | AA100: Uniform | AB100: 8950 | AC100: 3178025 | AD100: 3089018 | AE100: 3089018 | AF100: 3178025 | AG100: Normal | AH100: 04OWjS4_XFfvTcATeW4r5_ | AI100: 0 | AJ100: 293562 | AK100: 1.9 | AL100: 3089018 | AM100: 550 | AN100: 0 | AO100: Other
A101: 3120099 | B101: 0 | C101: 3178025 | D101: 1850 | E101: 0 | F101: Level : 05 2ND LEVEL | G101: One or two joins disabled | H101: 3089018 | I101: 8950 | J101: Top | K101: 1850 | L101: 110001 | M101: 8400 | N101: By Type | O101: M30 | P101: B47 | Q101: 200 | R101: 2248635 | S101: 1.4975 | T101: -2001320 | U101: 0.00° | V101: 0.20 m³ | W101: Left | X101: 0.2035 | Y101: No | AA101: Uniform | AB101: 8950 | AC101: 3178025 | AD101: 3089018 | AE101: 3089018 | AF101: 3178025 | AG101: Normal | AH101: 04OWjS4_XFfvTcATeW4r5y | AI101: 0 | AJ101: 293562 | AK101: 1.85 | AL101: 3089018 | AM101: 550 | AN101: 0 | AO101: Other
A102: 3120101 | B102: 0 | C102: 3178025 | D102: 3500 | E102: 0 | F102: Level : 05 2ND LEVEL | G102: One or two joins disabled | H102: 3089018 | I102: 8950 | J102: Top | K102: 3500 | L102: 110001 | M102: 8400 | N102: By Type | O102: M30 | P102: B30 | Q102: 200 | R102: 2248635 | S102: 2.735 | T102: -2001320 | U102: 0.00° | V102: 0.39 m³ | W102: Right | X102: 0.385 | Y102: No | AA102: Uniform | AB102: 8950 | AC102: 3178025 | AD102: 3089018 | AE102: 3089018 | AF102: 3178025 | AG102: Normal | AH102: 04OWjS4_XFfvTcATeW4r5w | AI102: 0 | AJ102: 293562 | AK102: 3.5 | AL102: 3089018 | AM102: 550 | AN102: 0 | AO102: Other
A103: 3120103 | B103: 0 | C103: 3178025 | D103: 3750 | E103: 0 | F103: Level : 05 2ND LEVEL | G103: One or two joins disabled | H103: 3089024 | I103: 8950 | J103: Top | K103: 3750 | L103: 110001 | M103: 8400 | N103: By Type | O103: M30 | P103: B39 | Q103: 250 | R103: 2248635 | S103: 3.0025 | T103: -2001320 | U103: 0.00° | V103: 0.44 m³ | W103: Left | X103: 0.4414 | Y103: No | AA103: Uniform | AB103: 8950 | AC103: 3178025 | AD103: 3089024 | AE103: 3089024 | AF103: 3178025 | AG103: Normal | AH103: 04OWjS4_XFfvTcATeW4r5u | AI103: 0 | AJ103: 293562 | AK103: 3.75 | AL103: 3089024 | AM103: 550 | AN103: 0 | AO103: Other
A104: 3120105 | B104: 0 | C104: 3178025 | D104: 5100 | E104: 0 | F104: Level : 05 2ND LEVEL | G104: One or two joins disabled | H104: 3089018 | I104: 8950 | J104: Top | K104: 5100 | L104: 110001 | M104: 8400 | N104: By Type | O104: M30 | P104: B45 | Q104: 200 | R104: 2248635 | S104: 3.935 | T104: -2001320 | U104: 0.00° | V104: 0.56 m³ | W104: Left | X104: 0.561 | Y104: No | AA104: Uniform | AB104: 8950 | AC104: 3178025 | AD104: 3089018 | AE104: 3089018 | AF104: 3178025 | AG104: Normal | AH104: 04OWjS4_XFfvTcATeW4r5s | AI104: 0 | AJ104: 293562 | AK104: 5.1 | AL104: 3089018 | AM104: 550 | AN104: 0 | AO104: Other
A105: 3120107 | B105: 0 | C105: 3178025 | D105: 4050 | E105: 0 | F105: Level : 05 2ND LEVEL | G105: One or two joins disabled | H105: 3089018 | I105: 8950 | J105: Top | K105: 4050 | L105: 110001 | M105: 8400 | N105: By Type | O105: M30 | P105: B18 | Q105: 200 | R105: 2248635 | S105: 3.14 | T105: -2001320 | U105: 0.00° | V105: 0.44 m³ | W105: Left | X105: 0.4414 | Y105: No | AA105: Uniform | AB105: 8950 | AC105: 3178025 | AD105: 3089018 | AE105: 3089018 | AF105: 3178025 | AG105: Normal | AH105: 04OWjS4_XFfvTcATeW4r5q | AI105: 0 | AJ105: 293562 | AK105: 4.05 | AL105: 3089018 | AM105: 550 | AN105: 0 | AO105: Other
A106: 3120109 | B106: 0 | C106: 3178025 | D106: 1400 | E106: 0 | F106: Level : 05 2ND LEVEL | G106: One or two joins disabled | H106: 3089018 | I106: 8950 | J106: Top | K106: 1400 | L106: 110001 | M106: 8400 | N106: By Type | O106: M30 | P106: B19 | Q106: 200 | R106: 2248635 | S106: 1.16 | T106: -2001320 | U106: 0.00° | V106: 0.15 m³ | W106: Left | X106: 0.154 | Y106: No | AA106: Uniform | AB106: 8950 | AC106: 3178025 | AD106: 3089018 | AE106: 3089018 | AF106: 3178025 | AG106: Normal | AH106: 04OWjS4_XFfvTcATeW4r5o | AI106: 0 | AJ106: 293562 | AK106: 1.4 | AL106: 3089018 | AM106: 550 | AN106: 0 | AO106: Other
A107: 3120111 | B107: 0 | C107: 3178025 | D107: 8600 | E107: 0 | F107: Level : 05 2ND LEVEL | G107: One or two joins disabled | H107: 3089020 | I107: 8950 | J107: Top | K107: 8600 | L107: 110001 | M107: 8400 | N107: By Type | O107: M30 | P107: B21 | Q107: 300 | R107: 2248635 | S107: 7.475 | T107: -2001320 | U107: 0.00° | V107: 1.42 m³ | W107: Left | X107: 1.419 | Y107: No | AA107: Uniform | AB107: 8950 | AC107: 3178025 | AD107: 3089020 | AE107: 3089020 | AF107: 3178025 | AG107: Normal | AH107: 04OWjS4_XFfvTcATeW4r5m | AI107: 0 | AJ107: 293562 | AK107: 8.6 | AL107: 3089020 | AM107: 550 | AN107: 0 | AO107: Other
A108: 3120113 | B108: 0 | C108: 3178025 | D108: 3050 | E108: 0 | F108: Level : 05 2ND LEVEL | G108: One or two joins disabled | H108: 3089018 | I108: 8950 | J108: Top | K108: 3050 | L108: 110001 | M108: 8400 | N108: By Type | O108: M30 | P108: B49 | Q108: 200 | R108: 2248635 | S108: 2.3975 | T108: -2001320 | U108: 0.00° | V108: 0.34 m³ | W108: Left | X108: 0.3355 | Y108: No | AA108: Uniform | AB108: 8950 | AC108: 3178025 | AD108: 3089018 | AE108: 3089018 | AF108: 3178025 | AG108: Normal | AH108: 04OWjS4_XFfvTcATeW4r5k | AI108: 0 | AJ108: 293562 | AK108: 3.05 | AL108: 3089018 | AM108: 550 | AN108: 0 | AO108: Other
A109: 3120115 | B109: 0 | C109: 3178025 | D109: 3050 | E109: 0 | F109: Level : 05 2ND LEVEL | G109: One or two joins disabled | H109: 3089018 | I109: 8950 | J109: Top | K109: 3050 | L109: 110001 | M109: 8400 | N109: By Type | O109: M30 | P109: B50 | Q109: 200 | R109: 2248635 | S109: 2.3975 | T109: -2001320 | U109: 0.00° | V109: 0.34 m³ | W109: Left | X109: 0.3355 | Y109: No | AA109: Uniform | AB109: 8950 | AD109: 3089018 | AE109: 3089018 | AF109: 3178025 | AG109: Normal | AH109: 04OWjS4_XFfvTcATeW4r5i | AI109: 0 | AJ109: 293562 | AK109: 3.05 | AL109: 3089018 | AM109: 550 | AN109: 0 | AO109: Other
A110: 3120117 | B110: 0 | C110: 3178025 | D110: 3800 | E110: 0 | F110: Level : 05 2ND LEVEL | G110: One or two joins disabled | H110: 3089018 | I110: 8950 | J110: Top | K110: 3800 | L110: 110001 | M110: 8400 | N110: By Type | O110: M30 | P110: B20 | Q110: 200 | R110: 2248635 | S110: 2.96 | T110: -2001320 | U110: 0.00° | V110: 0.42 m³ | W110: Right | X110: 0.418 | Y110: No | AA110: Uniform | AB110: 8950 | AD110: 3089018 | AE110: 3089018 | AF110: 3178025 | AG110: Normal | AH110: 04OWjS4_XFfvTcATeW4r5g | AI110: 0 | AJ110: 293562 | AK110: 3.8 | AL110: 3089018 | AM110: 550 | AN110: 0 | AO110: Other
A111: 3120121 | B111: 0 | C111: 3178025 | D111: 2400 | E111: 0 | F111: Level : 05 2ND LEVEL | G111: One or two joins disabled | H111: 3089018 | I111: 8950 | J111: Top | K111: 2400 | L111: 110001 | M111: 8400 | N111: By Type | O111: M30 | P111: B56 | Q111: 200 | R111: 2248635 | S111: 1.91 | T111: -2001320 | U111: 0.00° | V111: 0.26 m³ | W111: Left | X111: 0.264 | Y111: No | AA111: Uniform | AB111: 8950 | AC111: 3178025 | AD111: 3089018 | AE111: 3089018 | AF111: 3178025 | AG111: Normal | AH111: 04OWjS4_XFfvTcATeW4r5c | AI111: 0 | AJ111: 293562 | AK111: 2.4 | AL111: 3089018 | AM111: 550 | AN111: 0 | AO111: Other
A112: 3120123 | B112: 0 | C112: 3178025 | D112: 2400 | E112: 0 | F112: Level : 05 2ND LEVEL | G112: One or two joins disabled | H112: 3089018 | I112: 8950 | J112: Top | K112: 2400 | L112: 110001 | M112: 8400 | N112: By Type | O112: M30 | P112: B52 | Q112: 200 | R112: 2248635 | S112: 1.91 | T112: -2001320 | U112: 0.00° | V112: 0.26 m³ | W112: Left | X112: 0.264 | Y112: No | AA112: Uniform | AB112: 8950 | AC112: 3178025 | AD112: 3089018 | AE112: 3089018 | AF112: 3178025 | AG112: Normal | AH112: 04OWjS4_XFfvTcATeW4r5a | AI112: 0 | AJ112: 293562 | AK112: 2.4 | AL112: 3089018 | AM112: 550 | AN112: 0 | AO112: Other
A113: 3120125 | B113: 0 | C113: 3178025 | D113: 5260 | E113: 0 | F113: Level : 05 2ND LEVEL | G113: One or two joins disabled | H113: 3089018 | I113: 8950 | J113: Top | K113: 5260 | L113: 110001 | M113: 8400 | N113: By Type | O113: M30 | P113: B24 | Q113: 200 | R113: 2248635 | S113: 4.055 | T113: -2001320 | U113: 0.00° | V113: 0.58 m³ | W113: Right | X113: 0.5786 | Y113: No | AA113: Uniform | AB113: 8950 | AD113: 3089018 | AE113: 3089018 | AF113: 3178025 | AG113: Normal | AH113: 04OWjS4_XFfvTcATeW4r5Y | AI113: 0 | AJ113: 293562 | AK113: 5.26 | AL113: 3089018 | AM113: 550 | AN113: 0 | AO113: Other
A114: 3120127 | B114: 0 | C114: 3178025 | D114: 1900 | E114: 0 | F114: Level : 05 2ND LEVEL | G114: One or two joins disabled | H114: 3089018 | I114: 8950 | J114: Top | K114: 1900 | L114: 110001 | M114: 8400 | N114: By Type | O114: M30 | P114: B35 | Q114: 200 | R114: 2248635 | S114: 1.535 | T114: -2001320 | U114: 0.00° | V114: 0.21 m³ | W114: Left | X114: 0.209 | Y114: No | AA114: Uniform | AB114: 8950 | AC114: 3178025 | AD114: 3089018 | AE114: 3089018 | AF114: 3178025 | AG114: Normal | AH114: 04OWjS4_XFfvTcATeW4r5W | AI114: 0 | AJ114: 293562 | AK114: 1.9 | AL114: 3089018 | AM114: 550 | AN114: 0 | AO114: Other
A115: 3120129 | B115: 0 | C115: 3178025 | D115: 2400 | E115: 0 | F115: Level : 05 2ND LEVEL | G115: One or two joins disabled | H115: 3089018 | I115: 8950 | J115: Top | K115: 2400 | L115: 110001 | M115: 8400 | N115: By Type | O115: M30 | P115: B55 | Q115: 200 | R115: 2248635 | S115: 1.91 | T115: -2001320 | U115: 0.00° | V115: 0.26 m³ | W115: Left | X115: 0.264 | Y115: No | AA115: Uniform | AB115: 8950 | AC115: 3178025 | AD115: 3089018 | AE115: 3089018 | AF115: 3178025 | AG115: Normal | AH115: 04OWjS4_XFfvTcATeW4rQU | AI115: 0 | AJ115: 293562 | AK115: 2.4 | AL115: 3089018 | AM115: 550 | AN115: 0 | AO115: Other
A116: 3120131 | B116: 0 | C116: 3178025 | D116: 2400 | E116: 0 | F116: Level : 05 2ND LEVEL | G116: One or two joins disabled | H116: 3089018 | I116: 8950 | J116: Top | K116: 2400 | L116: 110001 | M116: 8400 | N116: By Type | O116: M30 | P116: B22 | Q116: 200 | R116: 2248635 | S116: 1.91 | T116: -2001320 | U116: 0.00° | V116: 0.26 m³ | W116: Right | X116: 0.264 | Y116: No | AA116: Uniform | AB116: 8950 | AC116: 3178025 | AD116: 3089018 | AE116: 3089018 | AF116: 3178025 | AG116: Normal | AH116: 04OWjS4_XFfvTcATeW4rQS | AI116: 0 | AJ116: 293562 | AK116: 2.4 | AL116: 3089018 | AM116: 550 | AN116: 0 | AO116: Other
A117: 3120133 | B117: 0 | C117: 3178025 | D117: 1250 | E117: 0 | F117: Level : 05 2ND LEVEL | G117: One or two joins disabled | H117: 3089020 | I117: 8950 | J117: Top | K117: 1250 | L117: 110001 | M117: 8400 | N117: By Type | O117: M30 | P117: B58 | Q117: 300 | R117: 2248635 | S117: 1.2275 | T117: -2001320 | U117: 0.00° | V117: 0.21 m³ | W117: Left | X117: 0.2063 | Y117: No | AA117: Uniform | AB117: 8950 | AC117: 3178025 | AD117: 3089020 | AE117: 3089020 | AF117: 3178025 | AG117: Normal | AH117: 04OWjS4_XFfvTcATeW4rQQ | AI117: 0 | AJ117: 293562 | AK117: 1.25 | AL117: 3089020 | AM117: 550 | AN117: 0 | AO117: Other
...

Sheet Column
A1: Element ID | B1: Level | C1: Rebar Cover - Top Face | D1: Moves With Grids | E1: Top Level | F1: Type | G1: Length | H1: Phase Created | I1: Export to IFC | J1: GRADE OF CONCRETE | K1: Base Offset | L1: ID_UNMT | M1: Top Offset | N1: Qty: Area (m2) | O1: Category | P1: Volume | Q1: Base Level | R1: Room Bounding | S1: Qty: Volume (m3) | T1: Has Association | U1: Column Style | V1: Rebar Cover - Other Faces | W1: Type Id | X1: Family | Y1: Rebar Cover - Bottom Face | Z1: IfcGUID | AA1: Structural Material | AB1: Qty: Length (m) | AC1: Family and Type
A2: 3072170 | B2: 2248493 | C2: 124652 | D2: Yes | E2: 2248242 | F2: 2270699 | G2: 2800 | H2: 110001 | I2: By Type | J2: M40 | K2: 0 | L2: P31 | M2: 0 | N2: 3.63 | O2: -2001330 | P2: 0.76 m³ | Q2: 2248493 | R2: Yes | S2: 0.756 | T2: No | U2: Vertical | V2: 124652 | W2: 2270699 | X2: 2270699 | Y2: 124652 | Z2: 1cOR_VX$r0AOI0dQYfFQzi | AA2: 230012 | AB2: 2.8 | AC2: 2270699
A3: 3072220 | B3: 2248493 | C3: 124652 | D3: Yes | E3: 2248242 | F3: 3113818 | G3: 2800 | H3: 110001 | I3: By Type | J3: M40 | K3: 0 | M3: 0 | N3: 3.32 | O3: -2001330 | P3: 0.67 m³ | Q3: 2248493 | R3: Yes | S3: 0.672 | T3: No | U3: Vertical | V3: 124652 | W3: 3113818 | X3: 3113818 | Y3: 124652 | Z3: 3g$5deWJz9Pw1ItRzeIhWG | AA3: 230012 | AB3: 2.8 | AC3: 3113818
A4: 3072869 | B4: 2248493 | C4: 124652 | D4: Yes | E4: 2248242 | F4: 3072865 | G4: 2800 | H4: 110001 | I4: By Type | J4: M40 | K4: 0 | M4: 0 | N4: 4.04 | O4: -2001330 | P4: 1.12 m³ | Q4: 2248493 | R4: Yes | S4: 1.12 | T4: No | U4: Vertical | V4: 124652 | W4: 3072865 | X4: 3072865 | Z4: 2ohiwoKjf239MUfP$H_zLU | AA4: 230012 | AB4: 2.8 | AC4: 3072865
A5: 3072935 | B5: 2248493 | C5: 124652 | D5: Yes | E5: 2248242 | F5: 3080622 | G5: 2800 | H5: 110001 | I5: By Type | J5: M40 | K5: 0 | M5: 0 | N5: 4.0225 | O5: -2001330 | P5: 1.07 m³ | Q5: 2248493 | R5: Yes | S5: 1.071 | T5: No | U5: Vertical | V5: 124652 | W5: 3080622 | X5: 3080622 | Y5: 124652 | Z5: 279mmlFkP8VQg8p_cJohR9 | AA5: 230012 | AB5: 2.8 | AC5: 3080622
A6: 3073001 | B6: 2248493 | C6: 124652 | D6: Yes | E6: 2248242 | F6: 3072997 | G6: 2800 | H6: 110001 | I6: By Type | J6: M40 | K6: 0 | M6: 0 | N6: 6.6475 | O6: -2001330 | P6: 1.37 m³ | Q6: 2248493 | R6: Yes | S6: 1.365 | T6: No | U6: Vertical | V6: 124652 | W6: 3072997 | X6: 3072997 | Y6: 124652 | Z6: 3qVNAAsVTApum02lPcqKEt | AA6: 230012 | AB6: 2.8 | AC6: 3072997
A7: 3073025 | B7: 2248493 | C7: 124652 | D7: Yes | E7: 2248242 | F7: 3073021 | G7: 2800 | H7: 110001 | I7: By Type | J7: M40 | K7: 0 | M7: 0 | N7: 1.46 | O7: -2001330 | P7: 0.17 m³ | Q7: 2248493 | R7: Yes | S7: 0.168 | T7: No | U7: Vertical | V7: 124652 | W7: 3073021 | X7: 3073021 | Y7: 124652 | Z7: 3qVNAAsVTApum02lPcqKHV | AA7: 230012 | AB7: 2.8 | AC7: 3073021
A8: 3075646 | B8: 2248493 | C8: 124652 | D8: Yes | E8: 2248242 | F8: 3075811 | G8: 2800 | H8: 110001 | I8: By Type | J8: M40 | K8: 0 | M8: 0 | N8: 6.6475 | O8: -2001330 | P8: 1.37 m³ | Q8: 2248493 | R8: Yes | S8: 1.365 | T8: No | U8: Vertical | V8: 124652 | W8: 3075811 | X8: 3075811 | Y8: 124652 | Z8: 2Gt5m7wB13Yu3J4t117AYf | AA8: 230012 | AB8: 2.8 | AC8: 3075811
A9: 3075703 | B9: 2248493 | C9: 124652 | D9: Yes | E9: 2248242 | F9: 3075838 | G9: 2800 | H9: 110001 | I9: By Type | J9: M40 | K9: 0 | M9: 0 | N9: 2.7588 | O9: -2001330 | P9: 0.47 m³ | Q9: 2248493 | R9: Yes | S9: 0.4725 | T9: No | U9: Vertical | V9: 124652 | W9: 3075838 | X9: 3075838 | Y9: 124652 | Z9: 2Gt5m7wB13Yu3J4t117AZW | AA9: 230012 | AB9: 2.8 | AC9: 3075838
A10: 3076026 | B10: 2248493 | C10: 124652 | D10: Yes | E10: 2248242 | F10: 3076022 | G10: 2800 | H10: 110001 | I10: By Type | J10: M40 | K10: 0 | M10: 0 | N10: 5.885 | O10: -2001330 | P10: 1.19 m³ | Q10: 2248493 | R10: Yes | S10: 1.19 | T10: No | U10: Vertical | V10: 124652 | W10: 3076022 | X10: 3076022 | Y10: 124652 | Z10: 1JkEnnoEj7aw8NfVQaT7HK | AA10: 230012 | AB10: 2.8 | AC10: 3076022
A11: 3076226 | B11: 2248493 | C11: 124652 | D11: Yes | E11: 2248242 | F11: 3076222 | G11: 2800 | H11: 110001 | I11: By Type | J11: M40 | K11: 0 | M11: 0 | N11: 3.04 | O11: -2001330 | P11: 0.67 m³ | Q11: 2248493 | R11: Yes | S11: 0.672 | T11: No | U11: Vertical | V11: 124652 | W11: 3076222 | X11: 3076222 | Y11: 124652 | Z11: 2ovWY3igbER80XEiIP5Z1M | AA11: 230012 | AB11: 2.8 | AC11: 3076222
A12: 3076643 | B12: 2248493 | C12: 124652 | D12: Yes | E12: 2248242 | F12: 3076639 | G12: 2800 | H12: 110001 | I12: By Type | J12: M40 | K12: 0 | M12: 0 | N12: 10.72 | O12: -2001330 | P12: 3.36 m³ | Q12: 2248493 | R12: Yes | S12: 3.36 | T12: No | U12: Vertical | V12: 124652 | W12: 3076639 | X12: 3076639 | Y12: 124652 | Z12: 3AGwxIsxDFSPW7X3sFtVlp | AA12: 230012 | AB12: 2.8 | AC12: 3076639
A13: 3076721 | B13: 2248493 | C13: 124652 | D13: Yes | E13: 2248242 | F13: 3076717 | G13: 2800 | H13: 110001 | I13: By Type | J13: M40 | K13: 0 | M13: 0 | N13: 3.94 | O13: -2001330 | P13: 0.84 m³ | Q13: 2248493 | R13: Yes | S13: 0.84 | T13: No | U13: Vertical | V13: 124652 | W13: 3076717 | X13: 3076717 | Y13: 124652 | Z13: 1E5fPVYML1B9eG4TrHYjpN | AA13: 230012 | AB13: 2.8 | AC13: 3076717
A14: 3076756 | B14: 2248493 | C14: 124652 | D14: Yes | E14: 2248242 | F14: 3076752 | G14: 2800 | H14: 110001 | I14: By Type | J14: M40 | K14: 0 | M14: 0 | N14: 4 | O14: -2001330 | P14: 1.01 m³ | Q14: 2248493 | R14: Yes | S14: 1.008 | T14: No | U14: Vertical | V14: 124652 | W14: 3076752 | X14: 3076752 | Y14: 124652 | Z14: 1E5fPVYML1B9eG4TrHYjmo | AA14: 230012 | AB14: 2.8 | AC14: 3076752
A15: 3076782 | B15: 2248493 | C15: 124652 | D15: Yes | E15: 2248242 | F15: 3076778 | G15: 2800 | H15: 110001 | I15: By Type | J15: M40 | K15: 0 | M15: 0 | N15: 4 | O15: -2001330 | P15: 1.01 m³ | Q15: 2248493 | R15: Yes | S15: 1.008 | T15: No | U15: Vertical | V15: 124652 | W15: 3076778 | X15: 3076778 | Y15: 124652 | Z15: 1E5fPVYML1B9eG4TrHYjm8 | AA15: 230012 | AB15: 2.8 | AC15: 3076778
A16: 3076920 | B16: 2248493 | C16: 124652 | D16: Yes | E16: 2248242 | F16: 3076916 | G16: 2800 | H16: 110001 | I16: By Type | J16: M40 | K16: 0 | M16: 0 | N16: 6.9525 | O16: -2001330 | P16: 1.44 m³ | Q16: 2248493 | R16: Yes | S16: 1.435 | T16: No | U16: Vertical | V16: 124652 | W16: 3076916 | X16: 3076916 | Y16: 124652 | Z16: 0HkMLA0MP5wgflFwXOfFA9 | AA16: 230012 | AB16: 2.8 | AC16: 3076916
... A18: 3077251 | B18: 2248493 | C18: 124652 | D18: Yes | E18: 2248242 | F18: 3077247 | G18: 2800 | H18: 110001 | I18: By Type | J18: M40 | K18: 0 | M18: 0 | N18: 13.91 | O18: -2001330 | P18: 2.49 m³ | Q18: 2248493 | R18: Yes | S18: 2.492 | T18: No | U18: Vertical | V18: 124652 | W18: 3077247 | X18: 3077247 | Y18: 124652 | Z18: 3HF6TA$qL7KxUmTx2qwlF9 | AA18: 230012 | AB18: 2.8 | AC18: 3077247
A19: 3084306 | B19: 2248242 | C19: 124652 | D19: Yes | E19: 2248367 | F19: 2270699 | G19: 5550 | H19: 110001 | I19: By Type | J19: M40 | K19: 0 | L19: P31 | M19: 0 | N19: 6.93 | O19: -2001330 | P19: 1.50 m³ | Q19: 2248242 | R19: Yes | S19: 1.4985 | T19: No | U19: Vertical | V19: 124652 | W19: 2270699 | X19: 2270699 | Y19: 124652 | Z19: 2JGI2Z2THB_wudpkjjxw_6 | AA19: 230012 | AB19: 5.55 | AC19: 2270699
A20: 3084308 | B20: 2248242 | C20: 124652 | D20: Yes | E20: 2248367 | F20: 3113818 | G20: 5550 | H20: 110001 | I20: By Type | J20: M40 | K20: 0 | M20: 0 | N20: 6.345 | O20: -2001330 | P20: 1.33 m³ | Q20: 2248242 | R20: Yes | S20: 1.332 | T20: No | U20: Vertical | V20: 124652 | W20: 3113818 | X20: 3113818 | Y20: 124652 | Z20: 2JGI2Z2THB_wudpkjjxw_0 | AA20: 230012 | AB20: 5.55 | AC20: 3113818
A21: 3084310 | B21: 2248242 | C21: 124652 | D21: Yes | E21: 2248367 | F21: 3072865 | G21: 5550 | H21: 110001 | I21: By Type | J21: M40 | K21: 0 | M21: 0 | N21: 7.615 | O21: -2001330 | P21: 2.22 m³ | Q21: 2248242 | R21: Yes | S21: 2.22 | T21: No | U21: Vertical | V21: 124652 | W21: 3072865 | X21: 3072865 | Y21: 124652 | Z21: 2JGI2Z2THB_wudpkjjxw_2 | AA21: 230012 | AB21: 5.55 | AC21: 3072865
A22: 3084312 | B22: 2248242 | C22: 124652 | D22: Yes | E22: 2248367 | F22: 3080622 | G22: 5550 | H22: 110001 | I22: By Type | J22: M40 | K22: 0 | M22: 0 | N22: 7.5975 | O22: -2001330 | P22: 2.12 m³ | Q22: 2248242 | R22: Yes | S22: 2.1229 | T22: No | U22: Vertical | V22: 124652 | W22: 3080622 | X22: 3080622 | Y22: 124652 | Z22: 2JGI2Z2THB_wudpkjjxw_C | AA22: 230012 | AB22: 5.55 | AC22: 3080622
A23: 3084314 | B23: 2248242 | C23: 124652 | D23: Yes | E23: 2248367 | F23: 3072997 | G23: 5550 | H23: 110001 | I23: By Type | J23: M40 | K23: 0 | M23: 0 | N23: 12.6975 | O23: -2001330 | P23: 2.71 m³ | Q23: 2248242 | R23: Yes | S23: 2.7056 | T23: No | U23: Vertical | V23: 124652 | W23: 3072997 | X23: 3072997 | Y23: 124652 | Z23: 2JGI2Z2THB_wudpkjjxw_E | AA23: 230012 | AB23: 5.55 | AC23: 3072997
A24: 3084316 | B24: 2248242 | C24: 124652 | D24: Yes | E24: 2248367 | F24: 3073021 | G24: 5550 | H24: 110001 | I24: By Type | J24: M40 | K24: 0 | M24: 0 | N24: 2.835 | O24: -2001330 | P24: 0.33 m³ | Q24: 2248242 | R24: Yes | S24: 0.333 | T24: No | U24: Vertical | V24: 124652 | W24: 3073021 | X24: 3073021 | Y24: 124652 | Z24: 2JGI2Z2THB_wudpkjjxw_8 | AA24: 230012 | AB24: 5.55 | AC24: 3073021
A25: 3084318 | B25: 2248242 | C25: 124652 | D25: Yes | E25: 2248367 | F25: 3075811 | G25: 5550 | H25: 110001 | I25: By Type | J25: M40 | K25: 0 | M25: 0 | N25: 12.6975 | O25: -2001330 | P25: 2.71 m³ | Q25: 2248242 | R25: Yes | S25: 2.7056 | T25: No | U25: Vertical | V25: 124652 | W25: 3075811 | X25: 3075811 | Y25: 124652 | Z25: 2JGI2Z2THB_wudpkjjxw_A | AA25: 230012 | AB25: 5.55 | AC25: 3075811
A26: 3084320 | B26: 2248242 | C26: 124652 | D26: Yes | E26: 2248367 | F26: 3075838 | G26: 5550 | H26: 110001 | I26: By Type | J26: M40 | K26: 0 | M26: 0 | N26: 5.3025 | O26: -2001330 | P26: 0.94 m³ | Q26: 2248242 | R26: Yes | S26: 0.9366 | T26: No | U26: Vertical | V26: 124652 | W26: 3075838 | X26: 3075838 | Y26: 124652 | Z26: 2JGI2Z2THB_wudpkjjxw_q | AA26: 230012 | AB26: 5.55 | AC26: 3075838
A27: 3084324 | B27: 2248242 | C27: 124652 | D27: Yes | E27: 2248367 | F27: 3076022 | G27: 5550 | H27: 110001 | I27: By Type | J27: M40 | K27: 0 | M27: 0 | N27: 11.2475 | O27: -2001330 | P27: 2.36 m³ | Q27: 2248242 | R27: Yes | S27: 2.3587 | T27: No | U27: Vertical | V27: 124652 | W27: 3076022 | X27: 3076022 | Y27: 124652 | Z27: 2JGI2Z2THB_wudpkjjxw_m | AA27: 230012 | AB27: 5.55 | AC27: 3076022
A28: 3084326 | B28: 2248242 | C28: 124652 | D28: Yes | E28: 2248367 | F28: 3076222 | G28: 5550 | H28: 110001 | I28: By Type | J28: M40 | K28: 0 | M28: 0 | N28: 5.79 | O28: -2001330 | P28: 1.33 m³ | Q28: 2248242 | R28: Yes | S28: 1.332 | T28: No | U28: Vertical | V28: 124652 | W28: 3076222 | X28: 3076222 | Y28: 124652 | Z28: 2JGI2Z2THB_wudpkjjxw_o | AA28: 230012 | AB28: 5.55 | AC28: 3076222
A29: 3084332 | B29: 2248242 | C29: 124652 | D29: Yes | E29: 2248367 | F29: 3076717 | G29: 5550 | H29: 110001 | I29: By Type | J29: M40 | K29: 0 | M29: 0 | N29: 7.515 | O29: -2001330 | P29: 1.67 m³ | Q29: 2248242 | R29: Yes | S29: 1.665 | T29: No | U29: Vertical | V29: 124652 | W29: 3076717 | X29: 3076717 | Y29: 124652 | Z29: 2JGI2Z2THB_wudpkjjxw_u | AA29: 230012 | AB29: 5.55 | AC29: 3076717
A30: 3084334 | B30: 2248242 | C30: 124652 | D30: Yes | E30: 2248367 | F30: 3076752 | G30: 5550 | H30: 110001 | I30: By Type | J30: M40 | K30: 0 | M30: 0 | N30: 7.575 | O30: -2001330 | P30: 2.00 m³ | Q30: 2248242 | R30: Yes | S30: 1.998 | T30: No | U30: Vertical | V30: 124652 | W30: 3076752 | X30: 3076752 | Y30: 124652 | Z30: 2JGI2Z2THB_wudpkjjxw_w | AA30: 230012 | AB30: 5.55 | AC30: 3076752
A31: 3084336 | B31: 2248242 | C31: 124652 | D31: Yes | E31: 2248367 | F31: 3076778 | G31: 5550 | H31: 110001 | I31: By Type | J31: M40 | K31: 0 | M31: 0 | N31: 7.575 | O31: -2001330 | P31: 2.00 m³ | Q31: 2248242 | R31: Yes | S31: 1.998 | T31: No | U31: Vertical | V31: 124652 | W31: 3076778 | X31: 3076778 | Y31: 124652 | Z31: 2JGI2Z2THB_wudpkjjxw_a | AA31: 230012 | AB31: 5.55 | AC31: 3076778
... A35: 3105514 | B35: 2248242 | C35: 124652 | D35: Yes | E35: 2248367 | F35: 3076639 | G35: 5550 | H35: 110001 | I35: By Type | J35: M40 | K35: 0 | M35: 0 | N35: 20.07 | O35: -2001330 | P35: 6.66 m³ | Q35: 2248242 | R35: Yes | S35: 6.66 | T35: No | U35: Vertical | V35: 124652 | W35: 3076639 | X35: 3076639 | Y35: 124652 | Z35: 0wOuN0$KH13wHCGl$5xo0c | AA35: 230012 | AB35: 5.55 | AC35: 3076639
A36: 3118481 | B36: 2248367 | C36: 124652 | D36: Yes | E36: 2248635 | F36: 2270699 | G36: 2950 | H36: 110001 | I36: By Type | J36: M40 | K36: 0 | L36: P31 | M36: 0 | N36: 3.81 | O36: -2001330 | P36: 0.80 m³ | Q36: 2248367 | R36: Yes | S36: 0.7965 | T36: No | U36: Vertical | V36: 124652 | W36: 2270699 | X36: 2270699 | Y36: 124652 | Z36: 0g26lkPdX4oOgZBW9zmKal | AA36: 230012 | AB36: 2.95 | AC36: 2270699
A37: 3118483 | B37: 2248367 | C37: 124652 | D37: Yes | E37: 2248635 | F37: 3113818 | G37: 2950 | H37: 110001 | I37: By Type | J37: M40 | K37: 0 | M37: 0 | N37: 3.485 | O37: -2001330 | P37: 0.71 m³ | Q37: 2248367 | R37: Yes | S37: 0.708 | T37: No | U37: Vertical | V37: 124652 | W37: 3113818 | X37: 3113818 | Y37: 124652 | Z37: 0g26lkPdX4oOgZBW9zmKaj | AA37: 230012 | AB37: 2.95 | AC37: 3113818
A38: 3118485 | B38: 2248367 | C38: 124652 | D38: Yes | E38: 2248635 | F38: 3072865 | G38: 2950 | H38: 110001 | I38: By Type | J38: M40 | K38: 0 | M38: 0 | N38: 4.235 | O38: -2001330 | P38: 1.18 m³ | Q38: 2248367 | R38: Yes | S38: 1.18 | T38: No | U38: Vertical | V38: 124652 | W38: 3072865 | X38: 3072865 | Y38: 124652 | Z38: 0g26lkPdX4oOgZBW9zmKah | AA38: 230012 | AB38: 2.95 | AC38: 3072865
A39: 3118487 | B39: 2248367 | C39: 124652 | D39: Yes | E39: 2248635 | F39: 3080622 | G39: 2950 | H39: 110001 | I39: By Type | J39: M40 | K39: 0 | M39: 0 | N39: 4.2175 | O39: -2001330 | P39: 1.13 m³ | Q39: 2248367 | R39: Yes | S39: 1.1284 | T39: No | U39: Vertical | V39: 124652 | W39: 3080622 | X39: 3080622 | Y39: 124652 | Z39: 0g26lkPdX4oOgZBW9zmKaf | AA39: 230012 | AB39: 2.95 | AC39: 3080622
A40: 3118489 | B40: 2248367 | C40: 124652 | D40: Yes | E40: 2248635 | F40: 3072997 | G40: 2950 | H40: 110001 | I40: By Type | J40: M40 | K40: 0 | M40: 0 | N40: 6.9775 | O40: -2001330 | P40: 1.44 m³ | Q40: 2248367 | R40: Yes | S40: 1.4381 | T40: No | U40: Vertical | V40: 124652 | W40: 3072997 | X40: 3072997 | Y40: 124652 | Z40: 0g26lkPdX4oOgZBW9zmKad | AA40: 230012 | AB40: 2.95 | AC40: 3072997
A41: 3118491 | B41: 2248367 | C41: 124652 | D41: Yes | E41: 2248635 | F41: 3073021 | G41: 2950 | H41: 110001 | I41: By Type | J41: M40 | K41: 0 | M41: 0 | N41: 1.535 | O41: -2001330 | P41: 0.18 m³ | Q41: 2248367 | R41: Yes | S41: 0.177 | T41: No | U41: Vertical | V41: 124652 | W41: 3073021 | X41: 3073021 | Y41: 124652 | Z41: 0g26lkPdX4oOgZBW9zmKab | AA41: 230012 | AB41: 2.95 | AC41: 3073021
A42: 3118493 | B42: 2248367 | C42: 124652 | D42: Yes | E42: 2248635 | F42: 3075811 | G42: 2950 | H42: 110001 | I42: By Type | J42: M40 | K42: 0 | M42: 0 | N42: 6.9775 | O42: -2001330 | P42: 1.44 m³ | Q42: 2248367 | R42: Yes | S42: 1.4381 | T42: No | U42: Vertical | V42: 124652 | W42: 3075811 | X42: 3075811 | Y42: 124652 | Z42: 0g26lkPdX4oOgZBW9zmKaZ | AA42: 230012 | AB42: 2.95 | AC42: 3075811
A43: 3118495 | B43: 2248367 | C43: 124652 | D43: Yes | E43: 2248635 | F43: 3075838 | G43: 2950 | H43: 110001 | I43: By Type | J43: M40 | K43: 0 | M43: 0 | N43: 2.8975 | O43: -2001330 | P43: 0.50 m³ | Q43: 2248367 | R43: Yes | S43: 0.4978 | T43: No | U43: Vertical | V43: 124652 | W43: 3075838 | X43: 3075838 | Y43: 124652 | Z43: 0g26lkPdX4oOgZBW9zmKaX | AA43: 230012 | AB43: 2.95 | AC43: 3075838
A44: 3118499 | B44: 2248367 | C44: 124652 | D44: Yes | E44: 2248635 | F44: 3076022 | G44: 2950 | H44: 110001 | I44: By Type | J44: M40 | K44: 0 | M44: 0 | N44: 6.1775 | O44: -2001330 | P44: 1.25 m³ | Q44: 2248367 | R44: Yes | S44: 1.2537 | T44: No | U44: Vertical | V44: 124652 | W44: 3076022 | X44: 3076022 | Y44: 124652 | Z44: 0g26lkPdX4oOgZBW9zmKaT | AA44: 230012 | AB44: 2.95 | AC44: 3076022
A45: 3118501 | B45: 2248367 | C45: 124652 | D45: Yes | E45: 2248635 | F45: 3076222 | G45: 2950 | H45: 110001 | I45: By Type | J45: M40 | K45: 0 | M45: 0 | N45: 3.19 | O45: -2001330 | P45: 0.71 m³ | Q45: 2248367 | R45: Yes | S45: 0.708 | T45: No | U45: Vertical | V45: 124652 | W45: 3076222 | X45: 3076222 | Y45: 124652 | Z45: 0g26lkPdX4oOgZBW9zmKaR | AA45: 230012 | AB45: 2.95 | AC45: 3076222
A46: 3118505 | B46: 2248367 | C46: 124652 | D46: Yes | E46: 2248635 | F46: 3105465 | G46: 2950 | H46: 110001 | I46: By Type | J46: M40 | K46: 0 | M46: 0 | N46: 5.2075 | O46: -2001330 | P46: 1.18 m³ | Q46: 2248367 | R46: Yes | S46: 1.177 | T46: No | U46: Vertical | V46: 124652 | W46: 3105465 | X46: 3105465 | Y46: 124652 | Z46: 0g26lkPdX4oOgZBW9zmKaN | AA46: 230012 | AB46: 2.95 | AC46: 3105465
A47: 3118507 | B47: 2248367 | C47: 124652 | D47: Yes | E47: 2248635 | F47: 3076717 | G47: 2950 | H47: 110001 | I47: By Type | J47: M40 | K47: 0 | M47: 0 | N47: 4.135 | O47: -2001330 | P47: 0.89 m³ | Q47: 2248367 | R47: Yes | S47: 0.885 | T47: No | U47: Vertical | V47: 124652 | W47: 3076717 | X47: 3076717 | Y47: 124652 | Z47: 0g26lkPdX4oOgZBW9zmKaL | AA47: 230012 | AB47: 2.95 | AC47: 3076717
A48: 3118509 | B48: 2248367 | C48: 124652 | D48: Yes | E48: 2248635 | F48: 3119205 | G48: 2950 | H48: 110001 | I48: By Type | J48: M40 | K48: 0 | M48: 0 | N48: 3.81 | O48: -2001330 | P48: 0.80 m³ | Q48: 2248367 | R48: Yes | S48: 0.7965 | T48: No | U48: Vertical | V48: 124652 | W48: 3119205 | X48: 3119205 | Z48: 0g26lkPdX4oOgZBW9zmKaJ | AA48: 230012 | AB48: 2.95 | AC48: 3119205
A49: 3118511 | B49: 2248367 | C49: 124652 | D49: Yes | E49: 2248635 | F49: 3123481 | G49: 2950 | H49: 110001 | I49: By Type | J49: M40 | K49: 0 | M49: 0 | N49: 3.81 | O49: -2001330 | P49: 0.80 m³ | Q49: 2248367 | R49: Yes | S49: 0.7965 | T49: No | U49: Vertical | V49: 124652 | W49: 3123481 | X49: 3123481 | Y49: 124652 | Z49: 0g26lkPdX4oOgZBW9zmKaH | AA49: 230012 | AB49: 2.95 | AC49: 3123481
A50: 3118513 | B50: 2248367 | C50: 124652 | D50: Yes | E50: 2248635 | F50: 3076916 | G50: 2950 | H50: 110001 | I50: By Type | J50: M40 | K50: 0 | M50: 0 | N50: 7.2975 | O50: -2001330 | P50: 1.51 m³ | Q50: 2248367 | R50: Yes | S50: 1.5119 | T50: No | U50: Vertical | V50: 124652 | W50: 3076916 | X50: 3076916 | Y50: 124652 | Z50: 0g26lkPdX4oOgZBW9zmKaF | AA50: 230012 | AB50: 2.95 | AC50: 3076916
A51: 3118515 | B51: 2248367 | C51: 124652 | D51: Yes | E51: 2248635 | F51: 3077029 | G51: 2950 | H51: 110001 | I51: By Type | J51: M40 | K51: 0 | M51: 0 | N51: 7.205 | O51: -2001330 | P51: 1.24 m³ | Q51: 2248367 | R51: Yes | S51: 1.239 | T51: No | U51: Vertical | V51: 124652 | W51: 3077029 | X51: 3077029 | Y51: 124652 | Z51: 0g26lkPdX4oOgZBW9zmKaD | AA51: 230012 | AB51: 2.95 | AC51: 3077029
A52: 3118517 | B52: 2248367 | C52: 124652 | D52: Yes | E52: 2248635 | F52: 3077247 | G52: 2950 | H52: 110001 | I52: By Type | J52: M40 | K52: 0 | M52: 0 | N52: 14.6075 | O52: -2001330 | P52: 2.63 m³ | Q52: 2248367 | R52: Yes | S52: 2.6255 | T52: No | U52: Vertical | V52: 124652 | W52: 3077247 | X52: 3077247 | Y52: 124652 | Z52: 0g26lkPdX4oOgZBW9zmKaB | AA52: 230012 | AB52: 2.95 | AC52: 3077247
A53: 3118525 | B53: 2248367 | C53: 124652 | D53: Yes | E53: 2248635 | F53: 3105446 | G53: 2950 | H53: 110001 | I53: By Type | J53: M40 | K53: 0 | M53: 0 | N53: 3.8588 | O53: -2001330 | P53: 0.81 m³ | Q53: 2248367 | R53: Yes | S53: 0.8098 | T53: No | U53: Vertical | V53: 124652 | W53: 3105446 | X53: 3105446 | Y53: 124652 | Z53: 0g26lkPdX4oOgZBW9zmKa3 | AA53: 230012 | AB53: 2.95 | AC53: 3105446
A54: 3126813 | B54: 2248635 | C54: 124652 | D54: Yes | E54: 2248691 | F54: 2270699 | G54: 2950 | H54: 110001 | I54: By Type | J54: M40 | K54: 0 | L54: P31 | M54: 0 | N54: 3.81 | O54: -2001330 | P54: 0.80 m³ | Q54: 2248635 | R54: Yes | S54: 0.7965 | T54: No | U54: Vertical | V54: 124652 | W54: 2270699 | X54: 2270699 | Y54: 124652 | Z54: 09Ys5OXKv3UAz2iOv$6_pg | AA54: 230012 | AB54: 2.95 | AC54: 2270699
A55: 3126815 | B55: 2248635 | C55: 124652 | D55: Yes | E55: 2248691 | F55: 3113818 | G55: 2950 | H55: 110001 | I55: By Type | J55: M40 | K55: 0 | M55: 0 | N55: 3.485 | O55: -2001330 | P55: 0.71 m³ | Q55: 2248635 | R55: Yes | S55: 0.708 | T55: No | U55: Vertical | V55: 124652 | W55: 3113818 | X55: 3113818 | Y55: 124652 | Z55: 09Ys5OXKv3UAz2iOv$6_pe | AA55: 230012 | AB55: 2.95 | AC55: 3113818
A56: 3126817 | B56: 2248635 | C56: 124652 | D56: Yes | E56: 2248691 | F56: 3072865 | G56: 2950 | H56: 110001 | I56: By Type | J56: M40 | K56: 0 | M56: 0 | N56: 4.235 | O56: -2001330 | P56: 1.18 m³ | Q56: 2248635 | R56: Yes | S56: 1.18 | T56: No | U56: Vertical | V56: 124652 | W56: 3072865 | X56: 3072865 | Y56: 124652 | Z56: 09Ys5OXKv3UAz2iOv$6_pM | AA56: 230012 | AB56: 2.95 | AC56: 3072865
A57: 3126819 | B57: 2248635 | C57: 124652 | D57: Yes | E57: 2248691 | F57: 3080622 | G57: 2950 | H57: 110001 | I57: By Type | J57: M40 | K57: 0 | M57: 0 | N57: 4.2175 | O57: -2001330 | P57: 1.13 m³ | Q57: 2248635 | R57: Yes | S57: 1.1284 | T57: No | U57: Vertical | V57: 124652 | W57: 3080622 | X57: 3080622 | Y57: 124652 | Z57: 09Ys5OXKv3UAz2iOv$6_pK | AA57: 230012 | AB57: 2.95 | AC57: 3080622
A58: 3126821 | B58: 2248635 | C58: 124652 | D58: Yes | E58: 2248691 | F58: 3072997 | G58: 2950 | H58: 110001 | I58: By Type | J58: M40 | K58: 0 | M58: 0 | N58: 6.9775 | O58: -2001330 | P58: 1.44 m³ | Q58: 2248635 | R58: Yes | S58: 1.4381 | T58: No | U58: Vertical | V58: 124652 | W58: 3072997 | X58: 3072997 | Y58: 124652 | Z58: 09Ys5OXKv3UAz2iOv$6_pI | AA58: 230012 | AB58: 2.95 | AC58: 3072997
A59: 3126823 | B59: 2248635 | C59: 124652 | D59: Yes | E59: 2248691 | F59: 3073021 | G59: 2950 | H59: 110001 | I59: By Type | J59: M40 | K59: 0 | M59: 0 | N59: 1.535 | O59: -2001330 | P59: 0.18 m³ | Q59: 2248635 | R59: Yes | S59: 0.177 | T59: No | U59: Vertical | V59: 124652 | W59: 3073021 | X59: 3073021 | Y59: 124652 | Z59: 09Ys5OXKv3UAz2iOv$6_pG | AA59: 230012 | AB59: 2.95 | AC59: 3073021
A60: 3126825 | B60: 2248635 | C60: 124652 | D60: Yes | E60: 2248691 | F60: 3075811 | G60: 2950 | H60: 110001 | I60: By Type | J60: M40 | K60: 0 | M60: 0 | N60: 6.9775 | O60: -2001330 | P60: 1.44 m³ | Q60: 2248635 | R60: Yes | S60: 1.4381 | T60: No | U60: Vertical | V60: 124652 | W60: 3075811 | X60: 3075811 | Y60: 124652 | Z60: 09Ys5OXKv3UAz2iOv$6_pU | AA60: 230012 | AB60: 2.95 | AC60: 3075811
A61: 3126827 | B61: 2248635 | C61: 124652 | D61: Yes | E61: 2248691 | F61: 3075838 | G61: 2950 | H61: 110001 | I61: By Type | J61: M40 | K61: 0 | M61: 0 | N61: 2.8975 | O61: -2001330 | P61: 0.50 m³ | Q61: 2248635 | R61: Yes | S61: 0.4978 | T61: No | U61: Vertical | V61: 124652 | W61: 3075838 | X61: 3075838 | Y61: 124652 | Z61: 09Ys5OXKv3UAz2iOv$6_pS | AA61: 230012 | AB61: 2.95 | AC61: 3075838
A62: 3126831 | B62: 2248635 | C62: 124652 | D62: Yes | E62: 2248691 | F62: 3076022 | G62: 2950 | H62: 110001 | I62: By Type | J62: M40 | K62: 0 | M62: 0 | N62: 6.1775 | O62: -2001330 | P62: 1.25 m³ | Q62: 2248635 | R62: Yes | S62: 1.2537 | T62: No | U62: Vertical | V62: 124652 | W62: 3076022 | X62: 3076022 | Y62: 124652 | Z62: 09Ys5OXKv3UAz2iOv$6_pO | AA62: 230012 | AB62: 2.95 | AC62: 3076022
A63: 3126833 | B63: 2248635 | C63: 124652 | D63: Yes | E63: 2248691 | F63: 3076222 | G63: 2950 | H63: 110001 | I63: By Type | J63: M40 | K63: 0 | M63: 0 | N63: 3.19 | O63: -2001330 | P63: 0.71 m³ | Q63: 2248635 | R63: Yes | S63: 0.708 | T63: No | U63: Vertical | V63: 124652 | W63: 3076222 | X63: 3076222 | Y63: 124652 | Z63: 09Ys5OXKv3UAz2iOv$6_p6 | AA63: 230012 | AB63: 2.95 | AC63: 3076222
A64: 3126837 | B64: 2248635 | C64: 124652 | D64: Yes | E64: 2248691 | F64: 3105465 | G64: 2950 | H64: 110001 | I64: By Type | J64: M40 | K64: 0 | M64: 0 | N64: 5.2075 | O64: -2001330 | P64: 1.18 m³ | Q64: 2248635 | R64: Yes | S64: 1.177 | T64: No | U64: Vertical | V64: 124652 | W64: 3105465 | X64: 3105465 | Y64: 124652 | Z64: 09Ys5OXKv3UAz2iOv$6_p2 | AA64: 230012 | AB64: 2.95 | AC64: 3105465
A65: 3126839 | B65: 2248635 | C65: 124652 | D65: Yes | E65: 2248691 | F65: 3076717 | G65: 2950 | H65: 110001 | I65: By Type | J65: M40 | K65: 0 | M65: 0 | N65: 4.135 | O65: -2001330 | P65: 0.89 m³ | Q65: 2248635 | R65: Yes | S65: 0.885 | T65: No | U65: Vertical | V65: 124652 | W65: 3076717 | X65: 3076717 | Y65: 124652 | Z65: 09Ys5OXKv3UAz2iOv$6_p0 | AA65: 230012 | AB65: 2.95 | AC65: 3076717
A66: 3126841 | B66: 2248635 | C66: 124652 | D66: Yes | E66: 2248691 | F66: 3119205 | G66: 2950 | H66: 110001 | I66: By Type | J66: M40 | K66: 0 | M66: 0 | N66: 3.81 | O66: -2001330 | P66: 0.80 m³ | Q66: 2248635 | R66: Yes | S66: 0.7965 | T66: No | U66: Vertical | V66: 124652 | W66: 3119205 | X66: 3119205 | Y66: 124652 | Z66: 09Ys5OXKv3UAz2iOv$6_pE | AA66: 230012 | AB66: 2.95 | AC66: 3119205
... A71: 3126857 | B71: 2248635 | C71: 124652 | D71: Yes | E71: 2248691 | F71: 3105446 | G71: 2950 | H71: 110001 | I71: By Type | J71: M40 | K71: 0 | M71: 0 | N71: 3.8588 | O71: -2001330 | P71: 0.81 m³ | Q71: 2248635 | R71: Yes | S71: 0.8098 | T71: No | U71: Vertical | V71: 124652 | W71: 3105446 | X71: 3105446 | Y71: 124652 | Z71: 09Ys5OXKv3UAz2iOv$6_o_ | AA71: 230012 | AB71: 2.95 | AC71: 3105446
A72: 3127999 | B72: 2248691 | C72: 124652 | D72: Yes | E72: 2248698 | F72: 2270699 | G72: 2950 | H72: 110001 | I72: By Type | J72: M40 | K72: 0 | L72: P31 | M72: 0 | N72: 3.81 | O72: -2001330 | P72: 0.80 m³ | Q72: 2248691 | R72: Yes | S72: 0.7965 | T72: No | U72: Vertical | V72: 124652 | W72: 2270699 | X72: 2270699 | Y72: 124652 | Z72: 21CQ5RLDzB$hYK9Aj$kVRu | AA72: 230012 | AB72: 2.95 | AC72: 2270699
A73: 3128001 | B73: 2248691 | C73: 124652 | D73: Yes | E73: 2248698 | F73: 3113818 | G73: 2950 | H73: 110001 | I73: By Type | J73: M40 | K73: 0 | M73: 0 | N73: 3.485 | O73: -2001330 | P73: 0.71 m³ | Q73: 2248691 | R73: Yes | S73: 0.708 | T73: No | U73: Vertical | V73: 124652 | W73: 3113818 | X73: 3113818 | Y73: 124652 | Z73: 21CQ5RLDzB$hYK9Aj$kVQ6 | AA73: 230012 | AB73: 2.95 | AC73: 3113818
A74: 3128003 | B74: 2248691 | C74: 124652 | D74: Yes | E74: 2248698 | F74: 3072865 | G74: 2950 | H74: 110001 | I74: By Type | J74: M40 | K74: 0 | M74: 0 | N74: 4.235 | O74: -2001330 | P74: 1.18 m³ | Q74: 2248691 | R74: Yes | S74: 1.18 | T74: No | U74: Vertical | V74: 124652 | W74: 3072865 | X74: 3072865 | Y74: 124652 | Z74: 21CQ5RLDzB$hYK9Aj$kVQ4 | AA74: 230012 | AB74: 2.95 | AC74: 3072865
A75: 3128005 | B75: 2248691 | C75: 124652 | D75: Yes | E75: 2248698 | F75: 3080622 | G75: 2950 | H75: 110001 | I75: By Type | J75: M40 | K75: 0 | M75: 0 | N75: 4.2175 | O75: -2001330 | P75: 1.13 m³ | Q75: 2248691 | R75: Yes | S75: 1.1284 | T75: No | U75: Vertical | V75: 124652 | W75: 3080622 | X75: 3080622 | Y75: 124652 | Z75: 21CQ5RLDzB$hYK9Aj$kVQ2 | AA75: 230012 | AB75: 2.95 | AC75: 3080622
A76: 3128007 | B76: 2248691 | C76: 124652 | D76: Yes | E76: 2248698 | F76: 3072997 | G76: 2950 | H76: 110001 | I76: By Type | J76: M40 | K76: 0 | M76: 0 | N76: 6.9775 | O76: -2001330 | P76: 1.44 m³ | Q76: 2248691 | R76: Yes | S76: 1.4381 | T76: No | U76: Vertical | V76: 124652 | W76: 3072997 | X76: 3072997 | Y76: 124652 | Z76: 21CQ5RLDzB$hYK9Aj$kVQ0 | AA76: 230012 | AB76: 2.95 | AC76: 3072997
A77: 3128009 | B77: 2248691 | C77: 124652 | D77: Yes | E77: 2248698 | F77: 3073021 | G77: 2950 | H77: 110001 | I77: By Type | J77: M40 | K77: 0 | M77: 0 | N77: 1.535 | O77: -2001330 | P77: 0.18 m³ | Q77: 2248691 | R77: Yes | S77: 0.177 | T77: No | U77: Vertical | V77: 124652 | W77: 3073021 | X77: 3073021 | Y77: 124652 | Z77: 21CQ5RLDzB$hYK9Aj$kVQE | AA77: 230012 | AB77: 2.95 | AC77: 3073021
A78: 3128011 | B78: 2248691 | C78: 124652 | D78: Yes | E78: 2248698 | F78: 3075811 | G78: 2950 | H78: 110001 | I78: By Type | J78: M40 | K78: 0 | M78: 0 | N78: 6.9775 | O78: -2001330 | P78: 1.44 m³ | Q78: 2248691 | R78: Yes | S78: 1.4381 | T78: No | U78: Vertical | V78: 124652 | W78: 3075811 | X78: 3075811 | Y78: 124652 | Z78: 21CQ5RLDzB$hYK9Aj$kVQC | AA78: 230012 | AB78: 2.95 | AC78: 3075811
A79: 3128013 | B79: 2248691 | C79: 124652 | D79: Yes | E79: 2248698 | F79: 3075838 | G79: 2950 | H79: 110001 | I79: By Type | J79: M40 | K79: 0 | M79: 0 | N79: 2.8975 | O79: -2001330 | P79: 0.50 m³ | Q79: 2248691 | R79: Yes | S79: 0.4978 | T79: No | U79: Vertical | V79: 124652 | W79: 3075838 | X79: 3075838 | Y79: 124652 | Z79: 21CQ5RLDzB$hYK9Aj$kVQA | AA79: 230012 | AB79: 2.95 | AC79: 3075838
A80: 3128017 | B80: 2248691 | C80: 124652 | D80: Yes | E80: 2248698 | F80: 3076022 | G80: 2950 | H80: 110001 | I80: By Type | J80: M40 | K80: 0 | M80: 0 | N80: 6.1775 | O80: -2001330 | P80: 1.25 m³ | Q80: 2248691 | R80: Yes | S80: 1.2537 | T80: No | U80: Vertical | V80: 124652 | W80: 3076022 | X80: 3076022 | Y80: 124652 | Z80: 21CQ5RLDzB$hYK9Aj$kVQM | AA80: 230012 | AB80: 2.95 | AC80: 3076022
A81: 3128019 | B81: 2248691 | C81: 124652 | D81: Yes | E81: 2248698 | F81: 3076222 | G81: 2950 | H81: 110001 | I81: By Type | J81: M40 | K81: 0 | M81: 0 | N81: 3.19 | O81: -2001330 | P81: 0.71 m³ | Q81: 2248691 | R81: Yes | S81: 0.708 | T81: No | U81: Vertical | V81: 124652 | W81: 3076222 | X81: 3076222 | Y81: 124652 | Z81: 21CQ5RLDzB$hYK9Aj$kVQK | AA81: 230012 | AB81: 2.95 | AC81: 3076222
A82: 3128023 | B82: 2248691 | C82: 124652 | D82: Yes | E82: 2248698 | F82: 3105465 | G82: 2950 | H82: 110001 | I82: By Type | J82: M40 | K82: 0 | M82: 0 | N82: 5.2075 | O82: -2001330 | P82: 1.18 m³ | Q82: 2248691 | R82: Yes | S82: 1.177 | T82: No | U82: Vertical | V82: 124652 | W82: 3105465 | X82: 3105465 | Y82: 124652 | Z82: 21CQ5RLDzB$hYK9Aj$kVQG | AA82: 230012 | AB82: 2.95 | AC82: 3105465
A83: 3128025 | B83: 2248691 | C83: 124652 | D83: Yes | E83: 2248698 | F83: 3076717 | G83: 2950 | H83: 110001 | I83: By Type | J83: M40 | K83: 0 | M83: 0 | N83: 4.135 | O83: -2001330 | P83: 0.89 m³ | Q83: 2248691 | R83: Yes | S83: 0.885 | T83: No | U83: Vertical | V83: 124652 | W83: 3076717 | X83: 3076717 | Y83: 124652 | Z83: 21CQ5RLDzB$hYK9Aj$kVQU | AA83: 230012 | AB83: 2.95 | AC83: 3076717
A84: 3128027 | B84: 2248691 | C84: 124652 | D84: Yes | E84: 2248698 | F84: 3119205 | G84: 2950 | H84: 110001 | I84: By Type | J84: M40 | K84: 0 | M84: 0 | N84: 3.81 | O84: -2001330 | P84: 0.80 m³ | Q84: 2248691 | R84: Yes | S84: 0.7965 | T84: No | U84: Vertical | V84: 124652 | W84: 3119205 | X84: 3119205 | Y84: 124652 | Z84: 21CQ5RLDzB$hYK9Aj$kVQS | AA84: 230012 | AB84: 2.95 | AC84: 3119205
... A89: 3128043 | B89: 2248691 | C89: 124652 | D89: Yes | E89: 2248698 | F89: 3105446 | G89: 2950 | H89: 110001 | I89: By Type | J89: M40 | K89: 0 | M89: 0 | N89: 3.8588 | O89: -2001330 | P89: 0.81 m³ | Q89: 2248691 | R89: Yes | S89: 0.8098 | T89: No | U89: Vertical | V89: 124652 | W89: 3105446 | X89: 3105446 | Y89: 124652 | Z89: 21CQ5RLDzB$hYK9Aj$kVQi | AA89: 230012 | AB89: 2.95 | AC89: 3105446
A90: 3136117 | B90: 2248705 | C90: 124652 | D90: Yes | E90: 2248712 | F90: 2270699 | G90: 2950 | H90: 110001 | I90: By Type | J90: M40 | K90: 0 | L90: P31 | M90: 0 | N90: 3.81 | O90: -2001330 | P90: 0.80 m³ | Q90: 2248705 | R90: Yes | S90: 0.7965 | T90: No | U90: Vertical | V90: 124652 | W90: 2270699 | X90: 2270699 | Y90: 124652 | Z90: 2K2F5Rw6X6Y852ei53muZi | AA90: 230012 | AB90: 2.95 | AC90: 2270699
A91: 3136119 | B91: 2248705 | C91: 124652 | D91: Yes | E91: 2248712 | F91: 3113818 | G91: 2950 | H91: 110001 | I91: By Type | J91: M40 | K91: 0 | M91: 0 | N91: 3.485 | O91: -2001330 | P91: 0.71 m³ | Q91: 2248705 | R91: Yes | S91: 0.708 | T91: No | U91: Vertical | V91: 124652 | W91: 3113818 | X91: 3113818 | Y91: 124652 | Z91: 2K2F5Rw6X6Y852ei53muZk | AA91: 230012 | AB91: 2.95 | AC91: 3113818
A92: 3136121 | B92: 2248705 | C92: 124652 | D92: Yes | E92: 2248712 | F92: 3132717 | G92: 2950 | H92: 110001 | I92: By Type | J92: M40 | K92: 0 | M92: 0 | N92: 3.485 | O92: -2001330 | P92: 0.71 m³ | Q92: 2248705 | R92: Yes | S92: 0.708 | T92: No | U92: Vertical | V92: 124652 | W92: 3132717 | X92: 3132717 | Y92: 124652 | Z92: 2K2F5Rw6X6Y852ei53muZW | AA92: 230012 | AB92: 2.95 | AC92: 3132717
A93: 3136123 | B93: 2248705 | C93: 124652 | D93: Yes | E93: 2248712 | F93: 3132720 | G93: 2950 | H93: 110001 | I93: By Type | J93: M40 | K93: 0 | M93: 0 | N93: 3.6475 | O93: -2001330 | P93: 0.75 m³ | Q93: 2248705 | R93: Yes | S93: 0.7523 | T93: No | U93: Vertical | V93: 124652 | W93: 3132720 | X93: 3132720 | Y93: 124652 | Z93: 2K2F5Rw6X6Y852ei53muZY | AA93: 230012 | AB93: 2.95 | AC93: 3132720
A94: 3136125 | B94: 2248705 | C94: 124652 | D94: Yes | E94: 2248712 | F94: 3072997 | G94: 2950 | H94: 110001 | I94: By Type | J94: M40 | K94: 0 | M94: 0 | N94: 6.9775 | O94: -2001330 | P94: 1.44 m³ | Q94: 2248705 | R94: Yes | S94: 1.4381 | T94: No | U94: Vertical | V94: 124652 | W94: 3072997 | X94: 3072997 | Y94: 124652 | Z94: 2K2F5Rw6X6Y852ei53muZa | AA94: 230012 | AB94: 2.95 | AC94: 3072997
A95: 3136127 | B95: 2248705 | C95: 124652 | D95: Yes | E95: 2248712 | F95: 3073021 | G95: 2950 | H95: 110001 | I95: By Type | J95: M40 | K95: 0 | M95: 0 | N95: 1.535 | O95: -2001330 | P95: 0.18 m³ | Q95: 2248705 | R95: Yes | S95: 0.177 | T95: No | U95: Vertical | V95: 124652 | W95: 3073021 | X95: 3073021 | Y95: 124652 | Z95: 2K2F5Rw6X6Y852ei53muZc | AA95: 230012 | AB95: 2.95 | AC95: 3073021
A96: 3136129 | B96: 2248705 | C96: 124652 | D96: Yes | E96: 2248712 | F96: 3075811 | G96: 2950 | H96: 110001 | I96: By Type | J96: M40 | K96: 0 | M96: 0 | N96: 6.9775 | O96: -2001330 | P96: 1.44 m³ | Q96: 2248705 | R96: Yes | S96: 1.4381 | T96: No | U96: Vertical | V96: 124652 | W96: 3075811 | X96: 3075811 | Y96: 124652 | Z96: 2K2F5Rw6X6Y852ei53muWO | AA96: 230012 | AB96: 2.95 | AC96: 3075811
A97: 3136131 | B97: 2248705 | C97: 124652 | D97: Yes | E97: 2248712 | F97: 3075838 | G97: 2950 | H97: 110001 | I97: By Type | J97: M40 | K97: 0 | M97: 0 | N97: 2.8975 | O97: -2001330 | P97: 0.50 m³ | Q97: 2248705 | R97: Yes | S97: 0.4978 | T97: No | U97: Vertical | V97: 124652 | W97: 3075838 | X97: 3075838 | Y97: 124652 | Z97: 2K2F5Rw6X6Y852ei53muWQ | AA97: 230012 | AB97: 2.95 | AC97: 3075838
A98: 3136135 | B98: 2248705 | C98: 124652 | D98: Yes | E98: 2248712 | F98: 3076022 | G98: 2950 | H98: 110001 | I98: By Type | J98: M40 | K98: 0 | M98: 0 | N98: 6.1775 | O98: -2001330 | P98: 1.25 m³ | Q98: 2248705 | R98: Yes | S98: 1.2537 | T98: No | U98: Vertical | V98: 124652 | W98: 3076022 | X98: 3076022 | Y98: 124652 | Z98: 2K2F5Rw6X6Y852ei53muWU | AA98: 230012 | AB98: 2.95 | AC98: 3076022
A99: 3136137 | B99: 2248705 | C99: 124652 | D99: Yes | E99: 2248712 | F99: 3076222 | G99: 2950 | H99: 110001 | I99: By Type | J99: M40 | K99: 0 | M99: 0 | N99: 3.19 | O99: -2001330 | P99: 0.71 m³ | Q99: 2248705 | R99: Yes | S99: 0.708 | T99: No | U99: Vertical | V99: 124652 | W99: 3076222 | X99: 3076222 | Y99: 124652 | Z99: 2K2F5Rw6X6Y852ei53muWG | AA99: 230012 | AB99: 2.95 | AC99: 3076222
A100: 3136141 | B100: 2248705 | C100: 124652 | D100: Yes | E100: 2248712 | F100: 3105465 | G100: 2950 | H100: 110001 | I100: By Type | J100: M40 | K100: 0 | M100: 0 | N100: 5.2075 | O100: -2001330 | P100: 1.18 m³ | Q100: 2248705 | R100: Yes | S100: 1.177 | T100: No | U100: Vertical | V100: 124652 | W100: 3105465 | X100: 3105465 | Y100: 124652 | Z100: 2K2F5Rw6X6Y852ei53muWK | AA100: 230012 | AB100: 2.95 | AC100: 3105465
A101: 3136143 | B101: 2248705 | C101: 124652 | D101: Yes | E101: 2248712 | F101: 3076717 | G101: 2950 | H101: 110001 | I101: By Type | J101: M40 | K101: 0 | M101: 0 | N101: 4.135 | O101: -2001330 | P101: 0.89 m³ | Q101: 2248705 | R101: Yes | S101: 0.885 | T101: No | U101: Vertical | V101: 124652 | W101: 3076717 | X101: 3076717 | Y101: 124652 | Z101: 2K2F5Rw6X6Y852ei53muWM | AA101: 230012 | AB101: 2.95 | AC101: 3076717
A102: 3136145 | B102: 2248705 | C102: 124652 | D102: Yes | E102: 2248712 | F102: 3119205 | G102: 2950 | H102: 110001 | I102: By Type | J102: M40 | K102: 0 | M102: 0 | N102: 3.81 | O102: -2001330 | P102: 0.80 m³ | Q102: 2248705 | R102: Yes | S102: 0.7965 | T102: No | U102: Vertical | V102: 124652 | W102: 3119205 | X102: 3119205 | Y102: 124652 | Z102: 2K2F5Rw6X6Y852ei53muW8 | AA102: 230012 | AB102: 2.95 | AC102: 3119205
... A107: 3136161 | B107: 2248705 | C107: 124652 | D107: Yes | E107: 2248712 | F107: 3105446 | G107: 2950 | H107: 110001 | I107: By Type | J107: M40 | K107: 0 | M107: 0 | N107: 3.8588 | O107: -2001330 | P107: 0.81 m³ | Q107: 2248705 | R107: Yes | S107: 0.8098 | T107: No | U107: Vertical | V107: 124652 | W107: 3105446 | X107: 3105446 | Y107: 124652 | Z107: 2K2F5Rw6X6Y852ei53muWu | AA107: 230012 | AB107: 2.95 | AC107: 3105446
A108: 3137067 | B108: 2248712 | C108: 124652 | D108: Yes | E108: 2248719 | F108: 2270699 | G108: 2950 | H108: 110001 | I108: By Type | J108: M40 | K108: 0 | L108: P31 | M108: 0 | N108: 3.81 | O108: -2001330 | P108: 0.80 m³ | Q108: 2248712 | R108: Yes | S108: 0.7965 | T108: No | U108: Vertical | V108: 124652 | W108: 2270699 | X108: 2270699 | Y108: 124652 | Z108: 1sB$mGqbXA$eAUQSIgQWU8 | AA108: 230012 | AB108: 2.95 | AC108: 2270699
A109: 3137069 | B109: 2248712 | C109: 124652 | D109: Yes | E109: 2248719 | F109: 3113818 | G109: 2950 | H109: 110001 | I109: By Type | J109: M40 | K109: 0 | M109: 0 | N109: 3.485 | O109: -2001330 | P109: 0.71 m³ | Q109: 2248712 | R109: Yes | S109: 0.708 | T109: No | U109: Vertical | V109: 124652 | W109: 3113818 | X109: 3113818 | Y109: 124652 | Z109: 1sB$mGqbXA$eAUQSIgQWUE | AA109: 230012 | AB109: 2.95 | AC109: 3113818
A110: 3137071 | B110: 2248712 | C110: 124652 | D110: Yes | E110: 2248719 | F110: 3132717 | G110: 2950 | H110: 110001 | I110: By Type | J110: M40 | K110: 0 | M110: 0 | N110: 3.485 | O110: -2001330 | P110: 0.71 m³ | Q110: 2248712 | R110: Yes | S110: 0.708 | T110: No | U110: Vertical | V110: 124652 | W110: 3132717 | X110: 3132717 | Y110: 124652 | Z110: 1sB$mGqbXA$eAUQSIgQWUC | AA110: 230012 | AB110: 2.95 | AC110: 3132717
A111: 3137073 | B111: 2248712 | C111: 124652 | D111: Yes | E111: 2248719 | F111: 3132720 | G111: 2950 | H111: 110001 | I111: By Type | J111: M40 | K111: 0 | M111: 0 | N111: 3.6475 | O111: -2001330 | P111: 0.75 m³ | Q111: 2248712 | R111: Yes | S111: 0.7523 | T111: No | U111: Vertical | V111: 124652 | W111: 3132720 | X111: 3132720 | Y111: 124652 | Z111: 1sB$mGqbXA$eAUQSIgQWUI | AA111: 230012 | AB111: 2.95 | AC111: 3132720
A112: 3137075 | B112: 2248712 | C112: 124652 | D112: Yes | E112: 2248719 | F112: 3072997 | G112: 2950 | H112: 110001 | I112: By Type | J112: M40 | K112: 0 | M112: 0 | N112: 6.9775 | O112: -2001330 | P112: 1.44 m³ | Q112: 2248712 | R112: Yes | S112: 1.4381 | T112: No | U112: Vertical | V112: 124652 | W112: 3072997 | X112: 3072997 | Y112: 124652 | Z112: 1sB$mGqbXA$eAUQSIgQWUG | AA112: 230012 | AB112: 2.95 | AC112: 3072997
A113: 3137077 | B113: 2248712 | C113: 124652 | D113: Yes | E113: 2248719 | F113: 3073021 | G113: 2950 | H113: 110001 | I113: By Type | J113: M40 | K113: 0 | M113: 0 | N113: 1.535 | O113: -2001330 | P113: 0.18 m³ | Q113: 2248712 | R113: Yes | S113: 0.177 | T113: No | U113: Vertical | V113: 124652 | W113: 3073021 | X113: 3073021 | Y113: 124652 | Z113: 1sB$mGqbXA$eAUQSIgQWUM | AA113: 230012 | AB113: 2.95 | AC113: 3073021
A114: 3137079 | B114: 2248712 | C114: 124652 | D114: Yes | E114: 2248719 | F114: 3075811 | G114: 2950 | H114: 110001 | I114: By Type | J114: M40 | K114: 0 | M114: 0 | N114: 6.9775 | O114: -2001330 | P114: 1.44 m³ | Q114: 2248712 | R114: Yes | S114: 1.4381 | T114: No | U114: Vertical | V114: 124652 | W114: 3075811 | X114: 3075811 | Y114: 124652 | Z114: 1sB$mGqbXA$eAUQSIgQWUK | AA114: 230012 | AB114: 2.95 | AC114: 3075811
A115: 3137081 | B115: 2248712 | C115: 124652 | D115: Yes | E115: 2248719 | F115: 3075838 | G115: 2950 | H115: 110001 | I115: By Type | J115: M40 | K115: 0 | M115: 0 | N115: 2.8975 | O115: -2001330 | P115: 0.50 m³ | Q115: 2248712 | R115: Yes | S115: 0.4978 | T115: No | U115: Vertical | V115: 124652 | W115: 3075838 | X115: 3075838 | Y115: 124652 | Z115: 1sB$mGqbXA$eAUQSIgQWUQ | AA115: 230012 | AB115: 2.95 | AC115: 3075838
A116: 3137085 | B116: 2248712 | C116: 124652 | D116: Yes | E116: 2248719 | F116: 3076022 | G116: 2950 | H116: 110001 | I116: By Type | J116: M40 | K116: 0 | M116: 0 | N116: 6.1775 | O116: -2001330 | P116: 1.25 m³ | Q116: 2248712 | R116: Yes | S116: 1.2537 | T116: No | U116: Vertical | V116: 124652 | W116: 3076022 | X116: 3076022 | Y116: 124652 | Z116: 1sB$mGqbXA$eAUQSIgQWUU | AA116: 230012 | AB116: 2.95 | AC116: 3076022
...

Sheet Slab
A1: Element ID | B1: Level | C1: Rebar Cover - Top Face | D1: Elevation at Top Survey | E1: Height Offset From Level | F1: Related to Mass | G1: Structural | H1: Type | I1: Elevation at Top | J1: Length | K1: Phase Created | L1: Elevation at Bottom | M1: Elevation at Top Core | N1: Export to IFC | O1: Perimeter | P1: GRADE OF CONCRETE | Q1: ID_UNMT | R1: Width | S1: Qty: Area (m2) | T1: Area | U1: Category | V1: Volume | W1: Thickness | X1: Qty: Volume (m3) | Y1: Has Association | Z1: Core Thickness | AA1: Elevation at Bottom Core | AB1: Elevation at Bottom Survey | AC1: Rebar Cover - Other Faces | AD1: Type Id | AE1: Family | AF1: Rebar Cover - Bottom Face | AG1: IfcGUID | AH1: Family and Type
A2: 3070305 | B2: 2248493 | C2: 3178027 | D2: -2350 | E2: 0 | F2: No | G2: Yes | H2: 3070326 | I2: -2350 | J2: 1500 | K2: 110001 | L2: -2950 | M2: -2350 | N2: By Type | O2: 7000 | P2: M40 | Q2: F1 | R2: 2000 | S2: 3 | T2: 3 m² | U2: -2001300 | V2: 1.80 m³ | W2: 600 | X2: 1.8 | Y2: No | Z2: 600 | AA2: -2950 | AB2: -2950 | AC2: 3178027 | AD2: 3070326 | AE2: 3070326 | AG2: 33AYsgylX80BV2OFfKznor | AH2: 3070326
A3: 3070393 | B3: 2248493 | C3: 124652 | D3: -2950 | E3: -600 | F3: No | G3: Yes | H3: 2255647 | I3: -2950 | J3: 1700 | K3: 110001 | L3: -3050 | M3: -2950 | N3: By Type | O3: 7800 | P3: M10 | Q3: PCC_FOOTING | R3: 2200 | S3: 3.74 | T3: 4 m² | U3: -2001300 | V3: 0.37 m³ | W3: 100 | X3: 0.374 | Y3: No | Z3: 100 | AA3: -3050 | AB3: -3050 | AC3: 124652 | AD3: 2255647 | AE3: 2255647 | AF3: 124652 | AG3: 33AYsgylX80BV2OFfKznnj | AH3: 2255647
A4: 3070773 | B4: 2248493 | C4: 3178027 | D4: -2350 | E4: 0 | F4: No | G4: Yes | H4: 3070326 | I4: -2350 | J4: 1500 | K4: 110001 | L4: -2950 | M4: -2350 | N4: By Type | O4: 7000 | P4: M40 | Q4: F1 | R4: 2000 | S4: 3 | T4: 3 m² | U4: -2001300 | V4: 1.80 m³ | W4: 600 | X4: 1.8 | Y4: No | Z4: 600 | AA4: -2950 | AB4: -2950 | AC4: 3178027 | AD4: 3070326 | AE4: 3070326 | AG4: 1OIgpuqiH33Qs8VR23YRZc | AH4: 3070326
A5: 3070782 | B5: 2248493 | C5: 124652 | D5: -2950 | E5: -600 | F5: No | G5: Yes | H5: 2255647 | I5: -2950 | J5: 1700 | K5: 110001 | L5: -3050 | M5: -2950 | N5: By Type | O5: 7800 | P5: M10 | Q5: PCC_FOOTING | R5: 2200 | S5: 3.74 | T5: 4 m² | U5: -2001300 | V5: 0.37 m³ | W5: 100 | X5: 0.374 | Y5: No | Z5: 100 | AA5: -3050 | AB5: -3050 | AC5: 124652 | AD5: 2255647 | AE5: 2255647 | AF5: 124652 | AG5: 1OIgpuqiH33Qs8VR23YRZj | AH5: 2255647
A6: 3070818 | B6: 2248493 | C6: 3178027 | D6: -2350 | E6: 0 | F6: No | G6: Yes | H6: 3071073 | I6: -2350 | J6: 2200 | K6: 110001 | L6: -3050 | M6: -2350 | N6: By Type | O6: 8000 | P6: M40 | Q6: F2 | R6: 1800 | S6: 3.96 | T6: 4 m² | U6: -2001300 | V6: 2.77 m³ | W6: 700 | X6: 2.772 | Y6: No | Z6: 700 | AA6: -3050 | AB6: -3050 | AC6: 3178027 | AD6: 3071073 | AE6: 3071073 | AG6: 3_y0Jm7LL5Uf8xXWt_c0b1 | AH6: 3071073
A7: 3070827 | B7: 2248493 | C7: 124652 | D7: -3050 | E7: -700 | F7: No | G7: Yes | H7: 2255647 | I7: -3050 | J7: 2400 | K7: 110001 | L7: -3150 | M7: -3050 | N7: By Type | O7: 8800 | P7: M10 | Q7: PCC_FOOTING | R7: 2000 | S7: 4.8 | T7: 5 m² | U7: -2001300 | V7: 0.48 m³ | W7: 100 | X7: 0.48 | Y7: No | Z7: 100 | AA7: -3150 | AB7: -3150 | AC7: 124652 | AD7: 2255647 | AE7: 2255647 | AF7: 124652 | AG7: 3_y0Jm7LL5Uf8xXWt_c0b8 | AH7: 2255647
A8: 3070960 | B8: 2248493 | C8: 3178027 | D8: -2350 | E8: 0 | F8: No | G8: Yes | H8: 3071073 | I8: -2350 | J8: 2200 | K8: 110001 | L8: -3050 | M8: -2350 | N8: By Type | O8: 8000 | P8: M40 | Q8: F2 | R8: 1800 | S8: 3.96 | T8: 4 m² | U8: -2001300 | V8: 2.77 m³ | W8: 700 | X8: 2.772 | Y8: No | Z8: 700 | AA8: -3050 | AB8: -3050 | AC8: 3178027 | AD8: 3071073 | AE8: 3071073 | AG8: 2vYX391Bf25OBSrHEK9sy$ | AH8: 3071073
A9: 3070969 | B9: 2248493 | C9: 124652 | D9: -3050 | E9: -700 | F9: No | G9: Yes | H9: 2255647 | I9: -3050 | J9: 2400 | K9: 110001 | L9: -3150 | M9: -3050 | N9: By Type | O9: 8800 | P9: M10 | Q9: PCC_FOOTING | R9: 2000 | S9: 4.8 | T9: 5 m² | U9: -2001300 | V9: 0.48 m³ | W9: 100 | X9: 0.48 | Y9: No | Z9: 100 | AA9: -3150 | AB9: -3150 | AC9: 124652 | AD9: 2255647 | AE9: 2255647 | AF9: 124652 | AG9: 2vYX391Bf25OBSrHEK9sys | AH9: 2255647
A10: 3071149 | B10: 2248493 | C10: 3178027 | D10: -2350 | E10: 0 | F10: No | G10: Yes | H10: 3071090 | I10: -2350 | J10: 2700 | K10: 110001 | L10: -3050 | M10: -2350 | N10: By Type | O10: 8000 | P10: M40 | Q10: F3 | R10: 1300 | S10: 3.51 | T10: 4 m² | U10: -2001300 | V10: 2.46 m³ | W10: 700 | X10: 2.457 | Y10: No | Z10: 700 | AA10: -3050 | AB10: -3050 | AC10: 3178027 | AD10: 3071090 | AE10: 3071090 | AG10: 0pBnFJmFzFEwLCxY_KwjGT | AH10: 3071090
A11: 3071158 | B11: 2248493 | C11: 124652 | D11: -3050 | E11: -700 | F11: No | G11: Yes | H11: 2255647 | I11: -3050 | J11: 2900 | K11: 110001 | L11: -3150 | M11: -3050 | N11: By Type | O11: 8800 | P11: M10 | Q11: PCC_FOOTING | R11: 1500 | S11: 4.35 | T11: 4 m² | U11: -2001300 | V11: 0.44 m³ | W11: 100 | X11: 0.435 | Y11: No | Z11: 100 | AA11: -3150 | AB11: -3150 | AC11: 124652 | AD11: 2255647 | AE11: 2255647 | AF11: 124652 | AG11: 0pBnFJmFzFEwLCxY_KwjG6 | AH11: 2255647
A12: 3071322 | B12: 2248493 | C12: 3178027 | D12: -2350 | E12: 0 | F12: No | G12: Yes | H12: 3175964 | I12: -2350 | J12: 1300 | K12: 110001 | L12: -2850 | M12: -2350 | N12: By Type | O12: 6200 | P12: M40 | Q12: F5 | R12: 1800 | S12: 2.34 | T12: 2 m² | U12: -2001300 | V12: 1.17 m³ | W12: 500 | X12: 1.17 | Y12: No | Z12: 500 | AA12: -2850 | AB12: -2850 | AC12: 3178027 | AD12: 3175964 | AE12: 3175964 | AG12: 2tUNbxU1T0IBvn6Zylc4PG | AH12: 3175964
A13: 3071331 | B13: 2248493 | C13: 124652 | D13: -2850 | E13: -500 | F13: No | G13: Yes | H13: 2255647 | I13: -2850 | J13: 1500 | K13: 110001 | L13: -2950 | M13: -2850 | N13: By Type | O13: 7000 | P13: M10 | Q13: PCC_FOOTING | R13: 2000 | S13: 3 | T13: 3 m² | U13: -2001300 | V13: 0.30 m³ | W13: 100 | X13: 0.3 | Y13: No | Z13: 100 | AA13: -2950 | AB13: -2950 | AC13: 124652 | AD13: 2255647 | AE13: 2255647 | AF13: 124652 | AG13: 2tUNbxU1T0IBvn6Zylc4Pf | AH13: 2255647
A14: 3071454 | B14: 2248493 | C14: 3178027 | D14: -2350 | E14: 0 | F14: No | G14: Yes | H14: 3071368 | I14: -2350 | J14: 7550 | K14: 110001 | L14: -3100 | M14: -2350 | N14: By Type | O14: 32600 | P14: M40 | Q14: CF1 | R14: 8750 | S14: 66.0625 | T14: 66 m² | U14: -2001300 | V14: 49.55 m³ | W14: 750 | X14: 49.5469 | Y14: No | Z14: 750 | AA14: -3100 | AB14: -3100 | AC14: 3178027 | AD14: 3071368 | AE14: 3071368 | AG14: 0yn1G3deX64RIHl7h1zcMy | AH14: 3071368
A15: 3071463 | B15: 2248493 | C15: 124652 | D15: -3100 | E15: -750 | F15: No | G15: Yes | H15: 2255647 | I15: -3100 | J15: 7750 | K15: 110001 | L15: -3200 | M15: -3100 | N15: By Type | O15: 33400 | P15: M10 | Q15: PCC_FOOTING | R15: 8950 | S15: 69.3625 | T15: 69 m² | U15: -2001300 | V15: 6.94 m³ | W15: 100 | X15: 6.9363 | Y15: No | Z15: 100 | AA15: -3200 | AB15: -3200 | AC15: 124652 | AD15: 2255647 | AE15: 2255647 | AF15: 124652 | AG15: 0yn1G3deX64RIHl7h1zcM5 | AH15: 2255647
A16: 3071667 | B16: 2248493 | C16: 3178027 | D16: -2350 | E16: 0 | F16: No | G16: Yes | H16: 3071385 | I16: -2350 | J16: 4000 | K16: 110001 | L16: -3100 | M16: -2350 | N16: By Type | O16: 24600 | P16: M40 | Q16: CF2 | R16: 8300 | S16: 28.9418 | T16: 29 m² | U16: -2001300 | V16: 21.71 m³ | W16: 750 | X16: 21.7063 | Y16: No | Z16: 750 | AA16: -3100 | AB16: -3100 | AC16: 3178027 | AD16: 3071385 | AE16: 3071385 | AG16: 1iNhjbtjT27ezT3D1vCLgG | AH16: 3071385
A17: 3071676 | B17: 2248493 | C17: 124652 | D17: -3100 | E17: -750 | F17: No | G17: Yes | H17: 2255647 | I17: -3100 | J17: 4200 | K17: 110001 | L17: -3200 | M17: -3100 | N17: By Type | O17: 25400 | P17: M10 | Q17: PCC_FOOTING | R17: 8500 | S17: 31.4418 | T17: 31 m² | U17: -2001300 | V17: 3.14 m³ | W17: 100 | X17: 3.1442 | Y17: No | Z17: 100 | AA17: -3200 | AB17: -3200 | AC17: 124652 | AD17: 2255647 | AE17: 2255647 | AF17: 124652 | AG17: 1iNhjbtjT27ezT3D1vCLgV | AH17: 2255647
A18: 3087101 | B18: 2248242 | C18: 3178026 | D18: 450 | E18: 0 | F18: No | G18: Yes | H18: 2432663 | I18: 450 | J18: 3850 | K18: 110001 | L18: 300 | M18: 450 | N18: By Type | O18: 15600 | P18: M30 | Q18: GS | R18: 3950 | S18: 15.2075 | T18: 15 m² | U18: -2001300 | V18: 2.28 m³ | W18: 150 | X18: 2.2811 | Y18: No | Z18: 150 | AA18: 300 | AB18: 300 | AC18: 3178026 | AD18: 2432663 | AE18: 2432663 | AF18: 3178026 | AG18: 1ndm0CiUv2$BFHfN_6Vb0K | AH18: 2432663
A19: 3087176 | B19: 2248242 | C19: 3178026 | D19: 450 | E19: 0 | F19: No | G19: Yes | H19: 2432663 | I19: 450 | J19: 4500 | K19: 110001 | L19: 300 | M19: 450 | N19: By Type | O19: 11800 | P19: M30 | Q19: GS | R19: 1400 | S19: 5.882 | T19: 6 m² | U19: -2001300 | V19: 0.88 m³ | W19: 150 | X19: 0.8823 | Y19: No | Z19: 150 | AA19: 300 | AB19: 300 | AC19: 3178026 | AD19: 2432663 | AE19: 2432663 | AF19: 3178026 | AG19: 1ndm0CiUv2$BFHfN_6Vb6X | AH19: 2432663
A20: 3087547 | B20: 2248242 | C20: 3178026 | D20: 450 | E20: 0 | F20: No | G20: Yes | H20: 2432663 | I20: 450 | J20: 7300 | K20: 110001 | L20: 300 | M20: 450 | N20: By Type | O20: 19200 | P20: M30 | Q20: GS | R20: 2300 | S20: 16.79 | T20: 17 m² | U20: -2001300 | V20: 2.52 m³ | W20: 150 | X20: 2.5185 | Y20: No | Z20: 150 | AA20: 300 | AB20: 300 | AC20: 3178026 | AD20: 2432663 | AE20: 2432663 | AF20: 3178026 | AG20: 2s4LoatorAAwedE__QUFe9 | AH20: 2432663
A21: 3087577 | B21: 2248242 | C21: 3178026 | D21: 450 | E21: 0 | F21: No | G21: Yes | H21: 2432663 | I21: 450 | J21: 1100 | K21: 110001 | L21: 300 | M21: 450 | N21: By Type | O21: 5000 | P21: M30 | Q21: GS | R21: 1400 | S21: 1.54 | T21: 2 m² | U21: -2001300 | V21: 0.23 m³ | W21: 150 | X21: 0.231 | Y21: No | Z21: 150 | AA21: 300 | AB21: 300 | AC21: 3178026 | AD21: 2432663 | AE21: 2432663 | AF21: 3178026 | AG21: 2s4LoatorAAwedE__QUFfh | AH21: 2432663
A22: 3087615 | B22: 2248242 | C22: 3178026 | D22: 450 | E22: 0 | F22: No | G22: Yes | H22: 2432663 | I22: 450 | J22: 1800 | K22: 110001 | L22: 300 | M22: 450 | N22: By Type | O22: 9100 | P22: M30 | Q22: GS | R22: 2750 | S22: 4.95 | T22: 5 m² | U22: -2001300 | V22: 0.74 m³ | W22: 150 | X22: 0.7425 | Y22: No | Z22: 150 | AA22: 300 | AB22: 300 | AC22: 3178026 | AD22: 2432663 | AE22: 2432663 | AF22: 3178026 | AG22: 2s4LoatorAAwedE__QUFfD | AH22: 2432663
A23: 3087646 | B23: 2248242 | C23: 3178026 | D23: 450 | E23: 0 | F23: No | G23: Yes | H23: 2432663 | I23: 450 | J23: 3750 | K23: 110001 | L23: 300 | M23: 450 | N23: By Type | O23: 10100 | P23: M30 | Q23: GS | R23: 1300 | S23: 4.875 | T23: 5 m² | U23: -2001300 | V23: 0.73 m³ | W23: 150 | X23: 0.7312 | Y23: No | Z23: 150 | AA23: 300 | AB23: 300 | AC23: 3178026 | AD23: 2432663 | AE23: 2432663 | AF23: 3178026 | AG23: 2s4LoatorAAwedE__QUFki | AH23: 2432663
A24: 3109330 | B24: 2248367 | C24: 3178026 | D24: 6000 | E24: 0 | F24: No | G24: Yes | H24: 3109334 | I24: 6000 | J24: 3000 | K24: 110001 | L24: 5875 | M24: 6000 | N24: By Type | O24: 11900 | P24: M30 | Q24: S1 | R24: 2950 | S24: 8.625 | T24: 9 m² | U24: -2001300 | V24: 1.08 m³ | W24: 125 | X24: 1.0781 | Y24: No | Z24: 125 | AA24: 5875 | AB24: 5875 | AC24: 3178026 | AD24: 3109334 | AE24: 3109334 | AF24: 3178026 | AG24: 0UylgE0A9EXxC6WjIwqD9C | AH24: 3109334
A25: 3109385 | B25: 2248367 | C25: 3178026 | D25: 6000 | E25: 0 | F25: No | G25: Yes | H25: 3109334 | I25: 6000 | J25: 3000 | K25: 110001 | L25: 5875 | M25: 6000 | N25: By Type | O25: 13100 | P25: M30 | Q25: S1 | R25: 3400 | S25: 9.83 | T25: 10 m² | U25: -2001300 | V25: 1.23 m³ | W25: 125 | X25: 1.2288 | Y25: No | Z25: 125 | AA25: 5875 | AB25: 5875 | AC25: 3178026 | AD25: 3109334 | AE25: 3109334 | AF25: 3178026 | AG25: 27y$lZUv133P$f_o6eKHOJ | AH25: 3109334
A26: 3109449 | B26: 2248367 | C26: 3178026 | D26: 6000 | E26: 0 | F26: No | G26: Yes | H26: 3109334 | I26: 6000 | J26: 1150 | K26: 110001 | L26: 5875 | M26: 6000 | N26: By Type | O26: 4600 | P26: M30 | Q26: S2 | R26: 1150 | S26: 1.3225 | T26: 1 m² | U26: -2001300 | V26: 0.17 m³ | W26: 125 | X26: 0.1653 | Y26: No | Z26: 125 | AA26: 5875 | AB26: 5875 | AC26: 3178026 | AD26: 3109334 | AE26: 3109334 | AF26: 3178026 | AG26: 27y$lZUv133P$f_o6eKHPJ | AH26: 3109334
A27: 3109467 | B27: 2248367 | C27: 3178026 | D27: 5800 | E27: -200 | F27: No | G27: Yes | H27: 3109334 | I27: 5800 | J27: 1850 | K27: 110001 | L27: 5675 | M27: 5800 | N27: By Type | O27: 6000 | P27: M30 | Q27: S3 | R27: 1150 | S27: 2.1275 | T27: 2 m² | U27: -2001300 | V27: 0.27 m³ | W27: 125 | X27: 0.2659 | Y27: No | Z27: 125 | AA27: 5675 | AB27: 5675 | AC27: 3178026 | AD27: 3109334 | AE27: 3109334 | AF27: 3178026 | AG27: 27y$lZUv133P$f_o6eKHP1 | AH27: 3109334
A28: 3112954 | B28: 2248367 | C28: 3178026 | D28: 5875 | E28: -125 | F28: No | G28: Yes | H28: 3112958 | I28: 5875 | J28: 125 | K28: 110001 | L28: 5675 | M28: 5875 | N28: By Type | O28: 2550 | P28: M30 | Q28: FOLD 200 THK | R28: 1150 | S28: 0.1437 | T28: 0 m² | U28: -2001300 | V28: 0.03 m³ | W28: 200 | X28: 0.0287 | Y28: No | Z28: 200 | AA28: 5675 | AB28: 5675 | AC28: 3178026 | AD28: 3112958 | AE28: 3112958 | AF28: 3178026 | AG28: 2rDPgXFQP2mOAbXe12L2W3 | AH28: 3112958
... A86: 3120416 | B86: 2248635 | C86: 3178026 | D86: 8950 | E86: 0 | F86: No | G86: Yes | H86: 3109334 | I86: 8950 | J86: 3100 | K86: 110001 | L86: 8825 | M86: 8950 | N86: By Type | O86: 14200 | P86: M30 | Q86: S1 | R86: 4000 | S86: 12.33 | T86: 12 m² | U86: -2001300 | V86: 1.54 m³ | W86: 125 | X86: 1.5412 | Y86: No | Z86: 125 | AA86: 8825 | AB86: 8825 | AC86: 3178026 | AD86: 3109334 | AE86: 3109334 | AF86: 3178026 | AG86: 04OWjS4_XFfvTcATeW4rU$ | AH86: 3109334
A87: 3120425 | B87: 2248635 | C87: 3178026 | D87: 8950 | E87: 0 | F87: No | G87: Yes | H87: 3113164 | I87: 8950 | J87: 3550 | K87: 110001 | L87: 8800 | M87: 8950 | N87: By Type | O87: 19220 | P87: M30 | Q87: S6 | R87: 6060 | S87: 21.2335 | T87: 21 m² | U87: -2001300 | V87: 3.19 m³ | W87: 150 | X87: 3.185 | Y87: No | Z87: 150 | AA87: 8800 | AB87: 8800 | AD87: 3113164 | AE87: 3113164 | AF87: 3178026 | AG87: 04OWjS4_XFfvTcATeW4rUs | AH87: 3113164
A88: 3120443 | B88: 2248635 | C88: 3178026 | D88: 8950 | E88: 0 | F88: No | G88: Yes | H88: 3113164 | I88: 8950 | J88: 5200 | K88: 110001 | L88: 8800 | M88: 8950 | N88: By Type | O88: 20600 | P88: M30 | Q88: S6 | R88: 5000 | S88: 21.21 | T88: 21 m² | U88: -2001300 | V88: 3.18 m³ | W88: 150 | X88: 3.1815 | Y88: No | Z88: 150 | AA88: 8800 | AB88: 8800 | AC88: 3178026 | AD88: 3113164 | AE88: 3113164 | AF88: 3178026 | AG88: 04OWjS4_XFfvTcATeW4rUa | AH88: 3113164
A89: 3120452 | B89: 2248635 | C89: 3178026 | D89: 8750 | E89: -200 | F89: No | G89: Yes | H89: 3109334 | I89: 8750 | J89: 750 | K89: 110001 | L89: 8625 | M89: 8750 | N89: By Type | O89: 8000 | P89: M30 | Q89: S8 | R89: 3250 | S89: 2.4375 | T89: 2 m² | U89: -2001300 | V89: 0.30 m³ | W89: 125 | X89: 0.3047 | Y89: No | Z89: 125 | AA89: 8625 | AB89: 8625 | AC89: 3178026 | AD89: 3109334 | AE89: 3109334 | AF89: 3178026 | AG89: 04OWjS4_XFfvTcATeW4rVR | AH89: 3109334
A90: 3120478 | B90: 2248635 | C90: 3178026 | D90: 8500 | E90: -450 | F90: No | G90: Yes | H90: 3113132 | I90: 8500 | J90: 750 | K90: 110001 | L90: 8400 | M90: 8500 | N90: By Type | O90: 14620 | P90: M30 | Q90: S9 | R90: 6560 | S90: 4.92 | T90: 5 m² | U90: -2001300 | V90: 0.49 m³ | W90: 100 | X90: 0.492 | Y90: No | Z90: 100 | AA90: 8400 | AB90: 8400 | AC90: 3178026 | AD90: 3113132 | AE90: 3113132 | AF90: 3178026 | AG90: 04OWjS4_XFfvTcATeW4rV1 | AH90: 3113132
A91: 3120487 | B91: 2248635 | C91: 3178026 | D91: 8500 | E91: -450 | F91: No | G91: Yes | H91: 3113132 | I91: 8500 | J91: 750 | K91: 110001 | L91: 8400 | M91: 8500 | N91: By Type | O91: 10000 | P91: M30 | Q91: S9 | R91: 4250 | S91: 3.1875 | T91: 3 m² | U91: -2001300 | V91: 0.32 m³ | W91: 100 | X91: 0.3187 | Y91: No | Z91: 100 | AA91: 8400 | AB91: 8400 | AC91: 3178026 | AD91: 3113132 | AE91: 3113132 | AF91: 3178026 | AG91: 04OWjS4_XFfvTcATeW4rVu | AH91: 3113132
A92: 3120496 | B92: 2248635 | C92: 3178026 | D92: 8500 | E92: -450 | F92: No | G92: Yes | H92: 3113132 | I92: 8500 | J92: 600 | K92: 110001 | L92: 8400 | M92: 8500 | N92: By Type | O92: 16160 | P92: M30 | Q92: S9 | R92: 7480 | S92: 4.488 | T92: 4 m² | U92: -2001300 | V92: 0.45 m³ | W92: 100 | X92: 0.4488 | Y92: No | Z92: 100 | AA92: 8400 | AB92: 8400 | AC92: 3178026 | AD92: 3113132 | AE92: 3113132 | AF92: 3178026 | AG92: 04OWjS4_XFfvTcATeW4rVl | AH92: 3113132
A93: 3120507 | B93: 2248635 | C93: 3178026 | D93: 8500 | E93: -450 | F93: No | G93: Yes | H93: 3113132 | I93: 8500 | J93: 600 | K93: 110001 | L93: 8400 | M93: 8500 | N93: By Type | O93: 12600 | P93: M30 | Q93: S9 | R93: 5700 | S93: 3.42 | T93: 3 m² | U93: -2001300 | V93: 0.34 m³ | W93: 100 | X93: 0.342 | Y93: No | Z93: 100 | AA93: 8400 | AB93: 8400 | AC93: 3178026 | AD93: 3113132 | AE93: 3113132 | AF93: 3178026 | AG93: 04OWjS4_XFfvTcATeW4rVa | AH93: 3113132
A94: 3120516 | B94: 2248635 | C94: 3178026 | D94: 8500 | E94: -450 | F94: No | G94: Yes | H94: 3113132 | I94: 8500 | J94: 600 | K94: 110001 | L94: 8400 | M94: 8500 | N94: By Type | O94: 2710 | P94: M30 | Q94: S9 | R94: 755 | S94: 0.453 | T94: 0 m² | U94: -2001300 | V94: 0.05 m³ | W94: 100 | X94: 0.0453 | Y94: No | Z94: 100 | AA94: 8400 | AB94: 8400 | AC94: 3178026 | AD94: 3113132 | AE94: 3113132 | AF94: 3178026 | AG94: 04OWjS4_XFfvTcATeW4rSR | AH94: 3113132
A95: 3121237 | B95: 2248635 | C95: 3178026 | D95: 8750 | E95: -200 | F95: No | G95: Yes | H95: 3109334 | I95: 8750 | J95: 1850 | K95: 110001 | L95: 8625 | M95: 8750 | N95: By Type | O95: 6100 | P95: M30 | Q95: S3 | R95: 1200 | S95: 2.22 | T95: 2 m² | U95: -2001300 | V95: 0.28 m³ | W95: 125 | X95: 0.2775 | Y95: No | Z95: 125 | AA95: 8625 | AB95: 8625 | AC95: 3178026 | AD95: 3109334 | AE95: 3109334 | AF95: 3178026 | AG95: 3E1pXqZUjAQuCbu1RRb8Ss | AH95: 3109334
A96: 3121246 | B96: 2248635 | D96: 8825 | E96: -125 | F96: No | G96: Yes | H96: 3112958 | I96: 8825 | J96: 150 | K96: 110001 | L96: 8625 | M96: 8825 | N96: By Type | O96: 2700 | P96: M30 | Q96: FOLD 200 THK | R96: 1200 | S96: 0.18 | T96: 0 m² | U96: -2001300 | V96: 0.04 m³ | W96: 200 | X96: 0.036 | Y96: No | Z96: 200 | AA96: 8625 | AB96: 8625 | AC96: 3178026 | AD96: 3112958 | AE96: 3112958 | AF96: 3178026 | AG96: 3E1pXqZUjAQuCbu1RRb8Sz | AH96: 3112958
A97: 3127253 | B97: 2248691 | C97: 3178026 | D97: 11900 | E97: 0 | F97: No | G97: Yes | H97: 3109334 | I97: 11900 | J97: 3000 | K97: 110001 | L97: 11775 | M97: 11900 | N97: By Type | O97: 11800 | P97: M30 | Q97: S1 | R97: 2900 | S97: 8.475 | T97: 8 m² | U97: -2001300 | V97: 1.06 m³ | W97: 125 | X97: 1.0594 | Y97: No | Z97: 125 | AA97: 11775 | AB97: 11775 | AC97: 3178026 | AD97: 3109334 | AE97: 3109334 | AF97: 3178026 | AG97: 3Efj1PFo5FlAk9KG3QmchX | AH97: 3109334
A98: 3127262 | B98: 2248691 | C98: 3178026 | D98: 11900 | E98: 0 | F98: No | G98: Yes | H98: 3109334 | I98: 11900 | J98: 3000 | K98: 110001 | L98: 11775 | M98: 11900 | N98: By Type | O98: 13100 | P98: M30 | Q98: S1 | R98: 3400 | S98: 9.83 | T98: 10 m² | U98: -2001300 | V98: 1.23 m³ | W98: 125 | X98: 1.2288 | Y98: No | Z98: 125 | AA98: 11775 | AB98: 11775 | AC98: 3178026 | AD98: 3109334 | AE98: 3109334 | AF98: 3178026 | AG98: 3Efj1PFo5FlAk9KG3Qmchg | AH98: 3109334
A99: 3127271 | B99: 2248691 | C99: 3178026 | D99: 11900 | E99: 0 | F99: No | G99: Yes | H99: 3109334 | I99: 11900 | J99: 1150 | K99: 110001 | L99: 11775 | M99: 11900 | N99: By Type | O99: 4600 | P99: M30 | Q99: S2 | R99: 1150 | S99: 1.3225 | T99: 1 m² | U99: -2001300 | V99: 0.17 m³ | W99: 125 | X99: 0.1653 | Y99: No | Z99: 125 | AA99: 11775 | AB99: 11775 | AC99: 3178026 | AD99: 3109334 | AE99: 3109334 | AF99: 3178026 | AG99: 3Efj1PFo5FlAk9KG3QmchJ | AH99: 3109334
A100: 3127280 | B100: 2248691 | C100: 3178026 | D100: 11700 | E100: -200 | F100: No | G100: Yes | H100: 3109334 | I100: 11700 | J100: 1850 | K100: 110001 | L100: 11575 | M100: 11700 | N100: By Type | O100: 6000 | P100: M30 | Q100: S3 | R100: 1150 | S100: 2.1275 | T100: 2 m² | U100: -2001300 | V100: 0.27 m³ | W100: 125 | X100: 0.2659 | Y100: No | Z100: 125 | AA100: 11575 | AB100: 11575 | AC100: 3178026 | AD100: 3109334 | AE100: 3109334 | AF100: 3178026 | AG100: 3Efj1PFo5FlAk9KG3Qmch4 | AH100: 3109334
A101: 3127294 | B101: 2248691 | C101: 3178026 | D101: 11775 | E101: -125 | F101: No | G101: Yes | H101: 3112958 | I101: 11775 | J101: 150 | K101: 110001 | L101: 11575 | M101: 11775 | N101: By Type | O101: 2600 | P101: M30 | Q101: FOLD 200 THK | R101: 1150 | S101: 0.1725 | T101: 0 m² | U101: -2001300 | V101: 0.03 m³ | W101: 200 | X101: 0.0345 | Y101: No | Z101: 200 | AA101: 11575 | AB101: 11575 | AC101: 3178026 | AD101: 3112958 | AE101: 3112958 | AF101: 3178026 | AG101: 3Efj1PFo5FlAk9KG3QmchA | AH101: 3112958
A102: 3127303 | B102: 2248691 | C102: 3178026 | D102: 11900 | E102: 0 | F102: No | G102: Yes | H102: 3109334 | I102: 11900 | J102: 1150 | K102: 110001 | L102: 11775 | M102: 11900 | N102: By Type | O102: 4700 | P102: M30 | Q102: S2 | R102: 1200 | S102: 1.38 | T102: 1 m² | U102: -2001300 | V102: 0.17 m³ | W102: 125 | X102: 0.1725 | Y102: No | Z102: 125 | AA102: 11775 | AB102: 11775 | AC102: 3178026 | AD102: 3109334 | AE102: 3109334 | AF102: 3178026 | AG102: 3Efj1PFo5FlAk9KG3QmcKp | AH102: 3109334
A103: 3127312 | B103: 2248691 | C103: 3178026 | D103: 11450 | E103: -450 | F103: No | G103: Yes | H103: 3113132 | I103: 11450 | J103: 600 | K103: 110001 | L103: 11350 | M103: 11450 | N103: By Type | O103: 6300 | P103: M30 | Q103: S9 | R103: 2550 | S103: 1.53 | T103: 2 m² | U103: -2001300 | V103: 0.15 m³ | W103: 100 | X103: 0.153 | Y103: No | Z103: 100 | AA103: 11350 | AB103: 11350 | AC103: 3178026 | AD103: 3113132 | AE103: 3113132 | AF103: 3178026 | AG103: 3Efj1PFo5FlAk9KG3QmcKa | AH103: 3113132
A104: 3127321 | B104: 2248691 | C104: 3178026 | D104: 11450 | E104: -450 | F104: No | G104: Yes | H104: 3113132 | I104: 11450 | J104: 600 | K104: 110001 | L104: 11350 | M104: 11450 | N104: By Type | O104: 7400 | P104: M30 | Q104: S9 | R104: 3100 | S104: 1.86 | T104: 2 m² | U104: -2001300 | V104: 0.19 m³ | W104: 100 | X104: 0.186 | Y104: No | Z104: 100 | AA104: 11350 | AB104: 11350 | AC104: 3178026 | AD104: 3113132 | AE104: 3113132 | AF104: 3178026 | AG104: 3Efj1PFo5FlAk9KG3QmcKj | AH104: 3113132
A105: 3127330 | B105: 2248691 | C105: 3178026 | D105: 11700 | E105: -200 | F105: No | G105: Yes | H105: 3109334 | I105: 11700 | J105: 1250 | K105: 110001 | L105: 11575 | M105: 11700 | N105: By Type | O105: 7300 | P105: M30 | Q105: S3 | R105: 2400 | S105: 3 | T105: 3 m² | U105: -2001300 | V105: 0.38 m³ | W105: 125 | X105: 0.375 | Y105: No | Z105: 125 | AA105: 11575 | AB105: 11575 | AC105: 3178026 | AD105: 3109334 | AE105: 3109334 | AF105: 3178026 | AG105: 3Efj1PFo5FlAk9KG3QmcKM | AH105: 3109334
A106: 3127339 | B106: 2248691 | C106: 3178026 | D106: 11900 | E106: 0 | F106: No | G106: Yes | H106: 3109334 | I106: 11900 | J106: 1250 | K106: 110001 | L106: 11775 | M106: 11900 | N106: By Type | O106: 7200 | P106: M30 | Q106: S7 | R106: 2350 | S106: 2.9375 | T106: 3 m² | U106: -2001300 | V106: 0.37 m³ | W106: 125 | X106: 0.3672 | Y106: No | Z106: 125 | AA106: 11775 | AB106: 11775 | AC106: 3178026 | AD106: 3109334 | AE106: 3109334 | AF106: 3178026 | AG106: 3Efj1PFo5FlAk9KG3QmcKV | AH106: 3109334
A107: 3127348 | B107: 2248691 | C107: 3178026 | D107: 11775 | E107: -125 | F107: No | G107: Yes | H107: 3112958 | I107: 11775 | J107: 1250 | K107: 110001 | L107: 11575 | M107: 11775 | N107: By Type | O107: 2800 | P107: M30 | Q107: FOLD 200 THK | R107: 150 | S107: 0.1875 | T107: 0 m² | U107: -2001300 | V107: 0.04 m³ | W107: 200 | X107: 0.0375 | Y107: No | Z107: 200 | AA107: 11575 | AB107: 11575 | AC107: 3178026 | AD107: 3112958 | AE107: 3112958 | AF107: 3178026 | AG107: 3Efj1PFo5FlAk9KG3QmcK0 | AH107: 3112958
A108: 3127357 | B108: 2248691 | C108: 3178026 | D108: 11700 | E108: -200 | F108: No | G108: Yes | H108: 3109334 | I108: 11700 | J108: 1250 | K108: 110001 | L108: 11575 | M108: 11700 | N108: By Type | O108: 6100 | P108: M30 | Q108: S3 | R108: 1800 | S108: 2.25 | T108: 2 m² | U108: -2001300 | V108: 0.28 m³ | W108: 125 | X108: 0.2813 | Y108: No | Z108: 125 | AA108: 11575 | AB108: 11575 | AC108: 3178026 | AD108: 3109334 | AE108: 3109334 | AF108: 3178026 | AG108: 3Efj1PFo5FlAk9KG3QmcK9 | AH108: 3109334
... A132: 3127585 | B132: 2248691 | C132: 3178026 | D132: 11700 | E132: -200 | F132: No | G132: Yes | H132: 3109334 | I132: 11700 | J132: 1850 | K132: 110001 | L132: 11575 | M132: 11700 | N132: By Type | O132: 6100 | P132: M30 | Q132: S3 | R132: 1200 | S132: 2.22 | T132: 2 m² | U132: -2001300 | V132: 0.28 m³ | W132: 125 | X132: 0.2775 | Y132: No | Z132: 125 | AA132: 11575 | AB132: 11575 | AC132: 3178026 | AD132: 3109334 | AE132: 3109334 | AF132: 3178026 | AG132: 3Efj1PFo5FlAk9KG3QmcGL | AH132: 3109334
A133: 3127594 | B133: 2248691 | D133: 11775 | E133: -125 | F133: No | G133: Yes | H133: 3112958 | I133: 11775 | J133: 150 | K133: 110001 | L133: 11575 | M133: 11775 | N133: By Type | O133: 2700 | P133: M30 | Q133: FOLD 200 THK | R133: 1200 | S133: 0.18 | T133: 0 m² | U133: -2001300 | V133: 0.04 m³ | W133: 200 | X133: 0.036 | Y133: No | Z133: 200 | AA133: 11575 | AB133: 11575 | AC133: 3178026 | AD133: 3112958 | AE133: 3112958 | AF133: 3178026 | AG133: 3Efj1PFo5FlAk9KG3QmcGU | AH133: 3112958
A134: 3128543 | B134: 2248698 | C134: 3178026 | D134: 14850 | E134: 0 | F134: No | G134: Yes | H134: 3109334 | I134: 14850 | J134: 3000 | K134: 110001 | L134: 14725 | M134: 14850 | N134: By Type | O134: 15450 | P134: M30 | Q134: S1 | R134: 4725 | S134: 13.95 | T134: 14 m² | U134: -2001300 | V134: 1.74 m³ | W134: 125 | X134: 1.7438 | Y134: No | Z134: 125 | AA134: 14725 | AB134: 14725 | AC134: 3178026 | AD134: 3109334 | AE134: 3109334 | AF134: 3178026 | AG134: 0fzDk9fsTDhwCBpArvKY5_ | AH134: 3109334
A135: 3128552 | B135: 2248698 | C135: 3178026 | D135: 14850 | E135: 0 | F135: No | G135: Yes | H135: 3109334 | I135: 14850 | J135: 3000 | K135: 110001 | L135: 14725 | M135: 14850 | N135: By Type | O135: 14950 | P135: M30 | Q135: S1 | R135: 4325 | S135: 12.605 | T135: 13 m² | U135: -2001300 | V135: 1.58 m³ | W135: 125 | X135: 1.5756 | Y135: No | Z135: 125 | AA135: 14725 | AB135: 14725 | AC135: 3178026 | AD135: 3109334 | AE135: 3109334 | AF135: 3178026 | AG135: 0fzDk9fsTDhwCBpArvKY59 | AH135: 3109334
A136: 3128602 | B136: 2248698 | C136: 3178026 | D136: 14400 | E136: -450 | F136: No | G136: Yes | H136: 3113132 | I136: 14400 | J136: 450 | K136: 110001 | L136: 14300 | M136: 14400 | N136: By Type | O136: 17900 | P136: M30 | Q136: S9 | R136: 8500 | S136: 3.825 | T136: 4 m² | U136: -2001300 | V136: 0.38 m³ | W136: 100 | X136: 0.3825 | Y136: No | Z136: 100 | AA136: 14300 | AB136: 14300 | AC136: 3178026 | AD136: 3113132 | AE136: 3113132 | AF136: 3178026 | AG136: 0fzDk9fsTDhwCBpArvKY2x | AH136: 3113132
A137: 3128620 | B137: 2248698 | C137: 3178026 | D137: 14650 | E137: -200 | F137: No | G137: Yes | H137: 3109334 | I137: 14650 | J137: 1250 | K137: 110001 | L137: 14525 | M137: 14650 | N137: By Type | O137: 7300 | P137: M30 | Q137: S3 | R137: 2400 | S137: 3 | T137: 3 m² | U137: -2001300 | V137: 0.38 m³ | W137: 125 | X137: 0.375 | Y137: No | Z137: 125 | AA137: 14525 | AB137: 14525 | AC137: 3178026 | AD137: 3109334 | AE137: 3109334 | AF137: 3178026 | AG137: 0fzDk9fsTDhwCBpArvKY2D | AH137: 3109334
A138: 3128629 | B138: 2248698 | C138: 3178026 | D138: 14850 | E138: 0 | F138: No | G138: Yes | H138: 3109334 | I138: 14850 | J138: 1250 | K138: 110001 | L138: 14725 | M138: 14850 | N138: By Type | O138: 4850 | P138: M30 | Q138: S2 | R138: 1175 | S138: 1.4688 | T138: 1 m² | U138: -2001300 | V138: 0.18 m³ | W138: 125 | X138: 0.1836 | Y138: No | Z138: 125 | AA138: 14725 | AB138: 14725 | AC138: 3178026 | AD138: 3109334 | AE138: 3109334 | AF138: 3178026 | AG138: 0fzDk9fsTDhwCBpArvKY2K | AH138: 3109334
A139: 3128647 | B139: 2248698 | C139: 3178026 | D139: 14650 | E139: -200 | F139: No | G139: Yes | H139: 3109334 | I139: 14650 | J139: 1250 | K139: 110001 | L139: 14525 | M139: 14650 | N139: By Type | O139: 7300 | P139: M30 | Q139: S3 | R139: 2400 | S139: 3 | T139: 3 m² | U139: -2001300 | V139: 0.38 m³ | W139: 125 | X139: 0.375 | Y139: No | Z139: 125 | AA139: 14525 | AB139: 14525 | AC139: 3178026 | AD139: 3109334 | AE139: 3109334 | AF139: 3178026 | AG139: 0fzDk9fsTDhwCBpArvKY3c | AH139: 3109334
A140: 3128656 | B140: 2248698 | C140: 3178026 | D140: 14850 | E140: 0 | F140: No | G140: Yes | H140: 3109334 | I140: 14850 | J140: 1250 | K140: 110001 | L140: 14725 | M140: 14850 | N140: By Type | O140: 4650 | P140: M30 | Q140: S2 | R140: 1075 | S140: 1.3438 | T140: 1 m² | U140: -2001300 | V140: 0.17 m³ | W140: 125 | X140: 0.168 | Y140: No | Z140: 125 | AA140: 14725 | AB140: 14725 | AC140: 3178026 | AD140: 3109334 | AE140: 3109334 | AF140: 3178026 | AG140: 0fzDk9fsTDhwCBpArvKY3n | AH140: 3109334
A141: 3128665 | B141: 2248698 | C141: 3178026 | D141: 14725 | E141: -125 | F141: No | G141: Yes | H141: 3112958 | I141: 14725 | J141: 1250 | K141: 110001 | L141: 14525 | M141: 14725 | N141: By Type | O141: 2800 | P141: M30 | Q141: FOLD 200 THK | R141: 150 | S141: 0.1875 | T141: 0 m² | U141: -2001300 | V141: 0.04 m³ | W141: 200 | X141: 0.0375 | Y141: No | Z141: 200 | AA141: 14525 | AB141: 14525 | AC141: 3178026 | AD141: 3112958 | AE141: 3112958 | AF141: 3178026 | AG141: 0fzDk9fsTDhwCBpArvKY3u | AH141: 3112958
A142: 3128670 | B142: 2248698 | C142: 3178026 | D142: 14850 | E142: 0 | F142: No | G142: Yes | H142: 3113164 | I142: 14850 | J142: 3100 | K142: 110001 | L142: 14700 | M142: 14850 | N142: By Type | O142: 22100 | P142: M30 | Q142: S5 | R142: 7950 | S142: 24.555 | T142: 25 m² | U142: -2001300 | V142: 3.68 m³ | W142: 150 | X142: 3.6832 | Y142: No | Z142: 150 | AA142: 14700 | AB142: 14700 | AC142: 3178026 | AD142: 3113164 | AE142: 3113164 | AF142: 3178026 | AG142: 0fzDk9fsTDhwCBpArvKY3$ | AH142: 3113164
A143: 3128683 | B143: 2248698 | C143: 3178026 | D143: 14850 | E143: 0 | F143: No | G143: Yes | H143: 3109334 | I143: 14850 | J143: 1850 | K143: 110001 | L143: 14725 | M143: 14850 | N143: By Type | O143: 7700 | P143: M30 | Q143: S1 | R143: 2000 | S143: 3.6275 | T143: 4 m² | U143: -2001300 | V143: 0.45 m³ | W143: 125 | X143: 0.4534 | Y143: No | Z143: 125 | AA143: 14725 | AB143: 14725 | AC143: 3178026 | AD143: 3109334 | AE143: 3109334 | AF143: 3178026 | AG143: 0fzDk9fsTDhwCBpArvKY3A | AH143: 3109334
A144: 3128694 | B144: 2248698 | C144: 124652 | D144: 14850 | E144: 0 | F144: No | G144: Yes | H144: 3109334 | I144: 14850 | J144: 3750 | K144: 110001 | L144: 14725 | M144: 14850 | N144: By Type | O144: 10100 | P144: M30 | Q144: 125 THK | R144: 1300 | S144: 4.875 | T144: 5 m² | U144: -2001300 | V144: 0.61 m³ | W144: 125 | X144: 0.6094 | Y144: No | Z144: 125 | AA144: 14725 | AB144: 14725 | AC144: 3178026 | AD144: 3109334 | AE144: 3109334 | AF144: 3178026 | AG144: 0fzDk9fsTDhwCBpArvKY3N | AH144: 3109334
A145: 3128703 | B145: 2248698 | C145: 3178026 | D145: 14850 | E145: 0 | F145: No | G145: Yes | H145: 3109334 | I145: 14850 | J145: 1150 | K145: 110001 | L145: 14725 | M145: 14850 | N145: By Type | O145: 5100 | P145: M30 | Q145: S2 | R145: 1400 | S145: 1.61 | T145: 2 m² | U145: -2001300 | V145: 0.20 m³ | W145: 125 | X145: 0.2012 | Y145: No | Z145: 125 | AA145: 14725 | AB145: 14725 | AC145: 3178026 | AD145: 3109334 | AE145: 3109334 | AF145: 3178026 | AG145: 0fzDk9fsTDhwCBpArvKY3U | AH145: 3109334
... A154: 3128784 | B154: 2248698 | C154: 3178026 | D154: 14850 | E154: 0 | F154: No | G154: Yes | H154: 3113164 | I154: 14850 | J154: 3100 | K154: 110001 | L154: 14700 | M154: 14850 | N154: By Type | O154: 14200 | P154: M30 | Q154: S1 | R154: 4000 | S154: 12.33 | T154: 12 m² | U154: -2001300 | V154: 1.85 m³ | W154: 150 | X154: 1.8495 | Y154: No | Z154: 150 | AA154: 14700 | AB154: 14700 | AC154: 3178026 | AD154: 3113164 | AE154: 3113164 | AF154: 3178026 | AG154: 0fzDk9fsTDhwCBpArvKY1n | AH154: 3113164
A155: 3128793 | B155: 2248698 | C155: 3178026 | D155: 14850 | E155: 0 | F155: No | G155: Yes | H155: 3113164 | I155: 14850 | J155: 3550 | K155: 110001 | L155: 14700 | M155: 14850 | N155: By Type | O155: 19220 | P155: M30 | Q155: S6 | R155: 6060 | S155: 21.2335 | T155: 21 m² | U155: -2001300 | V155: 3.19 m³ | W155: 150 | X155: 3.185 | Y155: No | Z155: 150 | AA155: 14700 | AB155: 14700 | AD155: 3113164 | AE155: 3113164 | AF155: 3178026 | AG155: 0fzDk9fsTDhwCBpArvKY1u | AH155: 3113164
A156: 3128802 | B156: 2248698 | C156: 3178026 | D156: 14850 | E156: 0 | F156: No | G156: Yes | H156: 3113164 | I156: 14850 | J156: 5200 | K156: 110001 | L156: 14700 | M156: 14850 | N156: By Type | O156: 20600 | P156: M30 | Q156: S6 | R156: 5000 | S156: 21.21 | T156: 21 m² | U156: -2001300 | V156: 3.18 m³ | W156: 150 | X156: 3.1815 | Y156: No | Z156: 150 | AA156: 14700 | AB156: 14700 | AC156: 3178026 | AD156: 3113164 | AE156: 3113164 | AF156: 3178026 | AG156: 0fzDk9fsTDhwCBpArvKY13 | AH156: 3113164
A157: 3128811 | B157: 2248698 | C157: 3178026 | D157: 14650 | E157: -200 | F157: No | G157: Yes | H157: 3109334 | I157: 14650 | J157: 750 | K157: 110001 | L157: 14525 | M157: 14650 | N157: By Type | O157: 8000 | P157: M30 | Q157: S8 | R157: 3250 | S157: 2.4375 | T157: 2 m² | U157: -2001300 | V157: 0.30 m³ | W157: 125 | X157: 0.3047 | Y157: No | Z157: 125 | AA157: 14525 | AB157: 14525 | AC157: 3178026 | AD157: 3109334 | AE157: 3109334 | AF157: 3178026 | AG157: 0fzDk9fsTDhwCBpArvKY1A | AH157: 3109334
A158: 3128828 | B158: 2248698 | C158: 3178026 | D158: 14400 | E158: -450 | F158: No | G158: Yes | H158: 3113132 | I158: 14400 | J158: 750 | K158: 110001 | L158: 14300 | M158: 14400 | N158: By Type | O158: 14620 | P158: M30 | Q158: S9 | R158: 6560 | S158: 4.92 | T158: 5 m² | U158: -2001300 | V158: 0.49 m³ | W158: 100 | X158: 0.492 | Y158: No | Z158: 100 | AA158: 14300 | AB158: 14300 | AC158: 3178026 | AD158: 3113132 | AE158: 3113132 | AF158: 3178026 | AG158: 0fzDk9fsTDhwCBpArvKY1T | AH158: 3113132
A159: 3128837 | B159: 2248698 | C159: 3178026 | D159: 14400 | E159: -450 | F159: No | G159: Yes | H159: 3113132 | I159: 14400 | J159: 750 | K159: 110001 | L159: 14300 | M159: 14400 | N159: By Type | O159: 10000 | P159: M30 | Q159: S9 | R159: 4250 | S159: 3.1875 | T159: 3 m² | U159: -2001300 | V159: 0.32 m³ | W159: 100 | X159: 0.3187 | Y159: No | Z159: 100 | AA159: 14300 | AB159: 14300 | AC159: 3178026 | AD159: 3113132 | AE159: 3113132 | AF159: 3178026 | AG159: 0fzDk9fsTDhwCBpArvKYEa | AH159: 3113132
A160: 3128846 | B160: 2248698 | C160: 3178026 | D160: 14400 | E160: -450 | F160: No | G160: Yes | H160: 3113132 | I160: 14400 | J160: 550 | K160: 110001 | L160: 14300 | M160: 14400 | N160: By Type | O160: 9000 | P160: M30 | Q160: S9 | R160: 3950 | S160: 2.1725 | T160: 2 m² | U160: -2001300 | V160: 0.22 m³ | W160: 100 | X160: 0.2172 | Y160: No | Z160: 100 | AA160: 14300 | AB160: 14300 | AC160: 3178026 | AD160: 3113132 | AE160: 3113132 | AF160: 3178026 | AG160: 0fzDk9fsTDhwCBpArvKYEl | AH160: 3113132
A161: 3128857 | B161: 2248698 | C161: 3178026 | D161: 14400 | E161: -450 | F161: No | G161: Yes | H161: 3113132 | I161: 14400 | J161: 750 | K161: 110001 | L161: 14300 | M161: 14400 | N161: By Type | O161: 6000 | P161: M30 | Q161: S9 | R161: 2250 | S161: 1.6875 | T161: 2 m² | U161: -2001300 | V161: 0.17 m³ | W161: 100 | X161: 0.1687 | Y161: No | Z161: 100 | AA161: 14300 | AB161: 14300 | AC161: 3178026 | AD161: 3113132 | AE161: 3113132 | AF161: 3178026 | AG161: 0fzDk9fsTDhwCBpArvKYEu | AH161: 3113132
A162: 3128866 | B162: 2248698 | C162: 3178026 | D162: 14400 | E162: -450 | F162: No | G162: Yes | H162: 3113132 | I162: 14400 | J162: 600 | K162: 110001 | L162: 14300 | M162: 14400 | N162: By Type | O162: 2710 | P162: M30 | Q162: S9 | R162: 755 | S162: 0.453 | T162: 0 m² | U162: -2001300 | V162: 0.05 m³ | W162: 100 | X162: 0.0453 | Y162: No | Z162: 100 | AA162: 14300 | AB162: 14300 | AC162: 3178026 | AD162: 3113132 | AE162: 3113132 | AF162: 3178026 | AG162: 0fzDk9fsTDhwCBpArvKYE3 | AH162: 3113132
A163: 3129429 | B163: 2248698 | C163: 3178026 | D163: 14650 | E163: -200 | F163: No | G163: Yes | H163: 3109334 | I163: 14650 | J163: 1050 | K163: 110001 | L163: 14525 | M163: 14650 | N163: By Type | O163: 8300 | P163: M30 | Q163: S8 | R163: 3100 | S163: 3.135 | T163: 3 m² | U163: -2001300 | V163: 0.39 m³ | W163: 125 | X163: 0.3919 | Y163: No | Z163: 125 | AA163: 14525 | AB163: 14525 | AC163: 3178026 | AD163: 3109334 | AE163: 3109334 | AF163: 3178026 | AG163: 0cDYc4VgPD7e6bOaMVbI4S | AH163: 3109334
A164: 3130126 | B164: 2248698 | C164: 3178026 | D164: 14850 | E164: 0 | F164: No | G164: Yes | H164: 3109334 | I164: 14850 | J164: 860 | K164: 110001 | L164: 14725 | M164: 14850 | N164: By Type | O164: 12020 | P164: M30 | Q164: S8 | R164: 5150 | S164: 4.429 | T164: 4 m² | U164: -2001300 | V164: 0.55 m³ | W164: 125 | X164: 0.5536 | Y164: No | Z164: 125 | AA164: 14725 | AB164: 14725 | AC164: 3178026 | AD164: 3109334 | AE164: 3109334 | AF164: 3178026 | AG164: 2kDPyKnWz6NPJgUk0SCnD1 | AH164: 3109334
A165: 3130324 | B165: 2248698 | D165: 14725 | E165: -125 | F165: No | G165: Yes | H165: 3112958 | I165: 14725 | J165: 1250 | K165: 110001 | L165: 14525 | M165: 14725 | N165: By Type | O165: 2800 | P165: M30 | Q165: FOLD 200 THK | R165: 150 | S165: 0.1875 | T165: 0 m² | U165: -2001300 | V165: 0.04 m³ | W165: 200 | X165: 0.0375 | Y165: No | Z165: 200 | AA165: 14525 | AB165: 14525 | AC165: 3178026 | AD165: 3112958 | AE165: 3112958 | AF165: 3178026 | AG165: 0D11zYTBb8$OS5NyeeC8dK | AH165: 3112958
A166: 3132914 | B166: 2248705 | C166: 3178026 | D166: 17800 | E166: 0 | F166: No | G166: Yes | H166: 3109334 | I166: 17800 | J166: 3000 | K166: 110001 | L166: 17675 | M166: 17800 | N166: By Type | O166: 15450 | P166: M30 | Q166: S1 | R166: 4725 | S166: 13.95 | T166: 14 m² | U166: -2001300 | V166: 1.74 m³ | W166: 125 | X166: 1.7438 | Y166: No | Z166: 125 | AA166: 17675 | AB166: 17675 | AC166: 3178026 | AD166: 3109334 | AE166: 3109334 | AF166: 3178026 | AG166: 0$FdoHL055IuGFRHyVISa3 | AH166: 3109334
A167: 3132923 | B167: 2248705 | C167: 3178026 | D167: 17800 | E167: 0 | F167: No | G167: Yes | H167: 3109334 | I167: 17800 | J167: 3000 | K167: 110001 | L167: 17675 | M167: 17800 | N167: By Type | O167: 14950 | P167: M30 | Q167: S1 | R167: 4325 | S167: 12.605 | T167: 13 m² | U167: -2001300 | V167: 1.58 m³ | W167: 125 | X167: 1.5756 | Y167: No | Z167: 125 | AA167: 17675 | AB167: 17675 | AC167: 3178026 | AD167: 3109334 | AE167: 3109334 | AF167: 3178026 | AG167: 0$FdoHL055IuGFRHyVISaA | AH167: 3109334
A168: 3132937 | B168: 2248705 | C168: 3178026 | D168: 17350 | E168: -450 | F168: No | G168: Yes | H168: 3113132 | I168: 17350 | J168: 450 | K168: 110001 | L168: 17250 | M168: 17350 | N168: By Type | O168: 17900 | P168: M30 | Q168: S9 | R168: 8500 | S168: 3.825 | T168: 4 m² | U168: -2001300 | V168: 0.38 m³ | W168: 100 | X168: 0.3825 | Y168: No | Z168: 100 | AA168: 17250 | AB168: 17250 | AC168: 3178026 | AD168: 3113132 | AE168: 3113132 | AF168: 3178026 | AG168: 0$FdoHL055IuGFRHyVIShu | AH168: 3113132
A169: 3132946 | B169: 2248705 | C169: 3178026 | D169: 17600 | E169: -200 | F169: No | G169: Yes | H169: 3109334 | I169: 17600 | J169: 1250 | K169: 110001 | L169: 17475 | M169: 17600 | N169: By Type | O169: 7300 | P169: M30 | Q169: S3 | R169: 2400 | S169: 3 | T169: 3 m² | U169: -2001300 | V169: 0.38 m³ | W169: 125 | X169: 0.375 | Y169: No | Z169: 125 | AA169: 17475 | AB169: 17475 | AC169: 3178026 | AD169: 3109334 | AE169: 3109334 | AF169: 3178026 | AG169: 0$FdoHL055IuGFRHyVIShZ | AH169: 3109334
A170: 3132955 | B170: 2248705 | C170: 3178026 | D170: 17800 | E170: 0 | F170: No | G170: Yes | H170: 3109334 | I170: 17800 | J170: 1250 | K170: 110001 | L170: 17675 | M170: 17800 | N170: By Type | O170: 4850 | P170: M30 | Q170: S2 | R170: 1175 | S170: 1.4688 | T170: 1 m² | U170: -2001300 | V170: 0.18 m³ | W170: 125 | X170: 0.1836 | Y170: No | Z170: 125 | AA170: 17675 | AB170: 17675 | AC170: 3178026 | AD170: 3109334 | AE170: 3109334 | AF170: 3178026 | AG170: 0$FdoHL055IuGFRHyVIShg | AH170: 3109334
A171: 3132964 | B171: 2248705 | C171: 3178026 | D171: 17600 | E171: -200 | F171: No | G171: Yes | H171: 3109334 | I171: 17600 | J171: 1250 | K171: 110001 | L171: 17475 | M171: 17600 | N171: By Type | O171: 7300 | P171: M30 | Q171: S3 | R171: 2400 | S171: 3 | T171: 3 m² | U171: -2001300 | V171: 0.38 m³ | W171: 125 | X171: 0.375 | Y171: No | Z171: 125 | AA171: 17475 | AB171: 17475 | AC171: 3178026 | AD171: 3109334 | AE171: 3109334 | AF171: 3178026 | AG171: 0$FdoHL055IuGFRHyVIShL | AH171: 3109334
A172: 3132973 | B172: 2248705 | C172: 3178026 | D172: 17800 | E172: 0 | F172: No | G172: Yes | H172: 3109334 | I172: 17800 | J172: 1250 | K172: 110001 | L172: 17675 | M172: 17800 | N172: By Type | O172: 4650 | P172: M30 | Q172: S2 | R172: 1075 | S172: 1.3438 | T172: 1 m² | U172: -2001300 | V172: 0.17 m³ | W172: 125 | X172: 0.168 | Y172: No | Z172: 125 | AA172: 17675 | AB172: 17675 | AC172: 3178026 | AD172: 3109334 | AE172: 3109334 | AF172: 3178026 | AG172: 0$FdoHL055IuGFRHyVIShS | AH172: 3109334
A173: 3132982 | B173: 2248705 | C173: 3178026 | D173: 17675 | E173: -125 | F173: No | G173: Yes | H173: 3112958 | I173: 17675 | J173: 1250 | K173: 110001 | L173: 17475 | M173: 17675 | N173: By Type | O173: 2800 | P173: M30 | Q173: FOLD 200 THK | R173: 150 | S173: 0.1875 | T173: 0 m² | U173: -2001300 | V173: 0.04 m³ | W173: 200 | X173: 0.0375 | Y173: No | Z173: 200 | AA173: 17475 | AB173: 17475 | AC173: 3178026 | AD173: 3112958 | AE173: 3112958 | AF173: 3178026 | AG173: 0$FdoHL055IuGFRHyVISh7 | AH173: 3112958
A174: 3132987 | B174: 2248705 | C174: 3178026 | D174: 17800 | E174: 0 | F174: No | G174: Yes | H174: 3113164 | I174: 17800 | J174: 3100 | K174: 110001 | L174: 17650 | M174: 17800 | N174: By Type | O174: 22100 | P174: M30 | Q174: S5 | R174: 7950 | S174: 24.555 | T174: 25 m² | U174: -2001300 | V174: 3.68 m³ | W174: 150 | X174: 3.6832 | Y174: No | Z174: 150 | AA174: 17650 | AB174: 17650 | AC174: 3178026 | AD174: 3113164 | AE174: 3113164 | AF174: 3178026 | AG174: 0$FdoHL055IuGFRHyVIShA | AH174: 3113164
A175: 3132998 | B175: 2248705 | C175: 3178026 | D175: 17800 | E175: 0 | F175: No | G175: Yes | H175: 3109334 | I175: 17800 | J175: 1850 | K175: 110001 | L175: 17675 | M175: 17800 | N175: By Type | O175: 6200 | P175: M30 | Q175: S2 | R175: 1250 | S175: 2.2775 | T175: 2 m² | U175: -2001300 | V175: 0.28 m³ | W175: 125 | X175: 0.2847 | Y175: No | Z175: 125 | AA175: 17675 | AB175: 17675 | AC175: 3178026 | AD175: 3109334 | AE175: 3109334 | AF175: 3178026 | AG175: 0$FdoHL055IuGFRHyVISgt | AH175: 3109334
A176: 3133009 | B176: 2248705 | C176: 3178026 | D176: 17800 | E176: 0 | F176: No | G176: Yes | H176: 3109334 | I176: 17800 | J176: 3750 | K176: 110001 | L176: 17675 | M176: 17800 | N176: By Type | O176: 10100 | P176: M30 | Q176: S4 | R176: 1300 | S176: 4.875 | T176: 5 m² | U176: -2001300 | V176: 0.61 m³ | W176: 125 | X176: 0.6094 | Y176: No | Z176: 125 | AA176: 17675 | AB176: 17675 | AC176: 3178026 | AD176: 3109334 | AE176: 3109334 | AF176: 3178026 | AG176: 0$FdoHL055IuGFRHyVISgW | AH176: 3109334
A177: 3133018 | B177: 2248705 | C177: 3178026 | D177: 17800 | E177: 0 | F177: No | G177: Yes | H177: 3109334 | I177: 17800 | J177: 1150 | K177: 110001 | L177: 17675 | M177: 17800 | N177: By Type | O177: 5100 | P177: M30 | Q177: S2 | R177: 1400 | S177: 1.61 | T177: 2 m² | U177: -2001300 | V177: 0.20 m³ | W177: 125 | X177: 0.2012 | Y177: No | Z177: 125 | AA177: 17675 | AB177: 17675 | AC177: 3178026 | AD177: 3109334 | AE177: 3109334 | AF177: 3178026 | AG177: 0$FdoHL055IuGFRHyVISgh | AH177: 3109334
... A196: 3133219 | B196: 2248705 | C196: 3178026 | D196: 17350 | E196: -450 | F196: No | G196: Yes | H196: 3113132 | I196: 17350 | J196: 750 | K196: 110001 | L196: 17250 | M196: 17350 | N196: By Type | O196: 8200 | P196: M30 | Q196: S9 | R196: 3350 | S196: 2.5125 | T196: 3 m² | U196: -2001300 | V196: 0.25 m³ | W196: 100 | X196: 0.2512 | Y196: No | Z196: 100 | AA196: 17250 | AB196: 17250 | AC196: 3178026 | AD196: 3113132 | AE196: 3113132 | AF196: 3178026 | AG196: 0$FdoHL055IuGFRHyVISlI | AH196: 3113132
A197: 3133232 | B197: 2248705 | D197: 17675 | E197: -125 | F197: No | G197: Yes | H197: 3112958 | I197: 17675 | J197: 1250 | K197: 110001 | L197: 17475 | M197: 17675 | N197: By Type | O197: 2800 | P197: M30 | Q197: FOLD 200 THK | R197: 150 | S197: 0.1875 | T197: 0 m² | U197: -2001300 | V197: 0.04 m³ | W197: 200 | X197: 0.0375 | Y197: No | Z197: 200 | AA197: 17475 | AB197: 17475 | AC197: 3178026 | AD197: 3112958 | AE197: 3112958 | AF197: 3178026 | AG197: 0$FdoHL055IuGFRHyVISl1 | AH197: 3112958
A198: 3136594 | B198: 2248712 | C198: 3178026 | D198: 20750 | E198: 0 | F198: No | G198: Yes | H198: 3109334 | I198: 20750 | J198: 3000 | K198: 110001 | L198: 20625 | M198: 20750 | N198: By Type | O198: 15450 | P198: M30 | Q198: S1 | R198: 4725 | S198: 13.95 | T198: 14 m² | U198: -2001300 | V198: 1.74 m³ | W198: 125 | X198: 1.7438 | Y198: No | Z198: 125 | AA198: 20625 | AB198: 20625 | AC198: 3178026 | AD198: 3109334 | AE198: 3109334 | AF198: 3178026 | AG198: 04CAs_cgb1LA6uo4u1ENcI | AH198: 3109334
A199: 3136603 | B199: 2248712 | C199: 3178026 | D199: 20750 | E199: 0 | F199: No | G199: Yes | H199: 3109334 | I199: 20750 | J199: 3000 | K199: 110001 | L199: 20625 | M199: 20750 | N199: By Type | O199: 14950 | P199: M30 | Q199: S1 | R199: 4325 | S199: 12.605 | T199: 13 m² | U199: -2001300 | V199: 1.58 m³ | W199: 125 | X199: 1.5756 | Y199: No | Z199: 125 | AA199: 20625 | AB199: 20625 | AC199: 3178026 | AD199: 3109334 | AE199: 3109334 | AF199: 3178026 | AG199: 04CAs_cgb1LA6uo4u1ENcR | AH199: 3109334
A200: 3136617 | B200: 2248712 | C200: 3178026 | D200: 20300 | E200: -450 | F200: No | G200: Yes | H200: 3113132 | I200: 20300 | J200: 450 | K200: 110001 | L200: 20200 | M200: 20300 | N200: By Type | O200: 17900 | P200: M30 | Q200: S9 | R200: 8500 | S200: 3.825 | T200: 4 m² | U200: -2001300 | V200: 0.38 m³ | W200: 100 | X200: 0.3825 | Y200: No | Z200: 100 | AA200: 20200 | AB200: 20200 | AC200: 3178026 | AD200: 3113132 | AE200: 3113132 | AF200: 3178026 | AG200: 04CAs_cgb1LA6uo4u1ENcf | AH200: 3113132
A201: 3136626 | B201: 2248712 | C201: 3178026 | D201: 20550 | E201: -200 | F201: No | G201: Yes | H201: 3109334 | I201: 20550 | J201: 1250 | K201: 110001 | L201: 20425 | M201: 20550 | N201: By Type | O201: 7300 | P201: M30 | Q201: S3 | R201: 2400 | S201: 3 | T201: 3 m² | U201: -2001300 | V201: 0.38 m³ | W201: 125 | X201: 0.375 | Y201: No | Z201: 125 | AA201: 20425 | AB201: 20425 | AC201: 3178026 | AD201: 3109334 | AE201: 3109334 | AF201: 3178026 | AG201: 04CAs_cgb1LA6uo4u1ENco | AH201: 3109334
A202: 3136635 | B202: 2248712 | C202: 3178026 | D202: 20750 | E202: 0 | F202: No | G202: Yes | H202: 3109334 | I202: 20750 | J202: 1250 | K202: 110001 | L202: 20625 | M202: 20750 | N202: By Type | O202: 4850 | P202: M30 | Q202: S2 | R202: 1175 | S202: 1.4688 | T202: 1 m² | U202: -2001300 | V202: 0.18 m³ | W202: 125 | X202: 0.1836 | Y202: No | Z202: 125 | AA202: 20625 | AB202: 20625 | AC202: 3178026 | AD202: 3109334 | AE202: 3109334 | AF202: 3178026 | AG202: 04CAs_cgb1LA6uo4u1ENcx | AH202: 3109334
A203: 3136644 | B203: 2248712 | C203: 3178026 | D203: 20550 | E203: -200 | F203: No | G203: Yes | H203: 3109334 | I203: 20550 | J203: 1250 | K203: 110001 | L203: 20425 | M203: 20550 | N203: By Type | O203: 7300 | P203: M30 | Q203: S3 | R203: 2400 | S203: 3 | T203: 3 m² | U203: -2001300 | V203: 0.38 m³ | W203: 125 | X203: 0.375 | Y203: No | Z203: 125 | AA203: 20425 | AB203: 20425 | AC203: 3178026 | AD203: 3109334 | AE203: 3109334 | AF203: 3178026 | AG203: 04CAs_cgb1LA6uo4u1ENb4 | AH203: 3109334
A204: 3136653 | B204: 2248712 | C204: 3178026 | D204: 20750 | E204: 0 | F204: No | G204: Yes | H204: 3109334 | I204: 20750 | J204: 1250 | K204: 110001 | L204: 20625 | M204: 20750 | N204: By Type | O204: 4650 | P204: M30 | Q204: S2 | R204: 1075 | S204: 1.3438 | T204: 1 m² | U204: -2001300 | V204: 0.17 m³ | W204: 125 | X204: 0.168 | Y204: No | Z204: 125 | AA204: 20625 | AB204: 20625 | AC204: 3178026 | AD204: 3109334 | AE204: 3109334 | AF204: 3178026 | AG204: 04CAs_cgb1LA6uo4u1ENbD | AH204: 3109334
A205: 3136662 | B205: 2248712 | C205: 3178026 | D205: 20625 | E205: -125 | F205: No | G205: Yes | H205: 3112958 | I205: 20625 | J205: 1250 | K205: 110001 | L205: 20425 | M205: 20625 | N205: By Type | O205: 2800 | P205: M30 | Q205: FOLD 200 THK | R205: 150 | S205: 0.1875 | T205: 0 m² | U205: -2001300 | V205: 0.04 m³ | W205: 200 | X205: 0.0375 | Y205: No | Z205: 200 | AA205: 20425 | AB205: 20425 | AC205: 3178026 | AD205: 3112958 | AE205: 3112958 | AF205: 3178026 | AG205: 04CAs_cgb1LA6uo4u1ENbM | AH205: 3112958
A206: 3136667 | B206: 2248712 | C206: 3178026 | D206: 20750 | E206: 0 | F206: No | G206: Yes | H206: 3113164 | I206: 20750 | J206: 3100 | K206: 110001 | L206: 20600 | M206: 20750 | N206: By Type | O206: 22100 | P206: M30 | Q206: S5 | R206: 7950 | S206: 24.645 | T206: 25 m² | U206: -2001300 | V206: 3.70 m³ | W206: 150 | X206: 3.6967 | Y206: No | Z206: 150 | AA206: 20600 | AB206: 20600 | AC206: 3178026 | AD206: 3113164 | AE206: 3113164 | AF206: 3178026 | AG206: 04CAs_cgb1LA6uo4u1ENbR | AH206: 3113164
...

Sheet Foundation
A1: Element ID | B1: Level | C1: Rebar Cover - Top Face | D1: Elevation at Top Survey | E1: Height Offset From Level | F1: Related to Mass | G1: Structural | H1: Type | I1: Elevation at Top | J1: Length | K1: Phase Created | L1: Elevation at Bottom | M1: Elevation at Top Core | N1: Export to IFC | O1: Perimeter | P1: GRADE OF CONCRETE | Q1: ID_UNMT | R1: Width | S1: Qty: Area (m2) | T1: Area | U1: Category | V1: Volume | W1: Thickness | X1: Qty: Volume (m3) | Y1: Has Association | Z1: Core Thickness | AA1: Elevation at Bottom Core | AB1: Elevation at Bottom Survey | AC1: Rebar Cover - Other Faces | AD1: Type Id | AE1: Family | AF1: Rebar Cover - Bottom Face | AG1: IfcGUID | AH1: Family and Type
A2: 3070393 | B2: 2248493 | C2: 124652 | D2: -2950 | E2: -600 | F2: No | G2: Yes | H2: 2255647 | I2: -2950 | J2: 1700 | K2: 110001 | L2: -3050 | M2: -2950 | N2: By Type | O2: 7800 | P2: M10 | Q2: PCC_FOOTING | R2: 2200 | S2: 3.74 | T2: 4 m² | U2: -2001300 | V2: 0.37 m³ | W2: 100 | X2: 0.374 | Y2: No | Z2: 100 | AA2: -3050 | AB2: -3050 | AC2: 124652 | AD2: 2255647 | AE2: 2255647 | AF2: 124652 | AG2: 33AYsgylX80BV2OFfKznnj | AH2: 2255647
A3: 3070782 | B3: 2248493 | C3: 124652 | D3: -2950 | E3: -600 | F3: No | G3: Yes | H3: 2255647 | I3: -2950 | J3: 1700 | K3: 110001 | L3: -3050 | M3: -2950 | N3: By Type | O3: 7800 | P3: M10 | Q3: PCC_FOOTING | R3: 2200 | S3: 3.74 | T3: 4 m² | U3: -2001300 | V3: 0.37 m³ | W3: 100 | X3: 0.374 | Y3: No | Z3: 100 | AA3: -3050 | AB3: -3050 | AC3: 124652 | AD3: 2255647 | AE3: 2255647 | AF3: 124652 | AG3: 1OIgpuqiH33Qs8VR23YRZj | AH3: 2255647
A4: 3070827 | B4: 2248493 | C4: 124652 | D4: -3050 | E4: -700 | F4: No | G4: Yes | H4: 2255647 | I4: -3050 | J4: 2400 | K4: 110001 | L4: -3150 | M4: -3050 | N4: By Type | O4: 8800 | P4: M10 | Q4: PCC_FOOTING | R4: 2000 | S4: 4.8 | T4: 5 m² | U4: -2001300 | V4: 0.48 m³ | W4: 100 | X4: 0.48 | Y4: No | Z4: 100 | AA4: -3150 | AB4: -3150 | AC4: 124652 | AD4: 2255647 | AE4: 2255647 | AF4: 124652 | AG4: 3_y0Jm7LL5Uf8xXWt_c0b8 | AH4: 2255647
A5: 3070969 | B5: 2248493 | C5: 124652 | D5: -3050 | E5: -700 | F5: No | G5: Yes | H5: 2255647 | I5: -3050 | J5: 2400 | K5: 110001 | L5: -3150 | M5: -3050 | N5: By Type | O5: 8800 | P5: M10 | Q5: PCC_FOOTING | R5: 2000 | S5: 4.8 | T5: 5 m² | U5: -2001300 | V5: 0.48 m³ | W5: 100 | X5: 0.48 | Y5: No | Z5: 100 | AA5: -3150 | AB5: -3150 | AC5: 124652 | AD5: 2255647 | AE5: 2255647 | AF5: 124652 | AG5: 2vYX391Bf25OBSrHEK9sys | AH5: 2255647
A6: 3071158 | B6: 2248493 | C6: 124652 | D6: -3050 | E6: -700 | F6: No | G6: Yes | H6: 2255647 | I6: -3050 | J6: 2900 | K6: 110001 | L6: -3150 | M6: -3050 | N6: By Type | O6: 8800 | P6: M10 | Q6: PCC_FOOTING | R6: 1500 | S6: 4.35 | T6: 4 m² | U6: -2001300 | V6: 0.44 m³ | W6: 100 | X6: 0.435 | Y6: No | Z6: 100 | AA6: -3150 | AB6: -3150 | AC6: 124652 | AD6: 2255647 | AE6: 2255647 | AF6: 124652 | AG6: 0pBnFJmFzFEwLCxY_KwjG6 | AH6: 2255647
A7: 3071331 | B7: 2248493 | C7: 124652 | D7: -2850 | E7: -500 | F7: No | G7: Yes | H7: 2255647 | I7: -2850 | J7: 1500 | K7: 110001 | L7: -2950 | M7: -2850 | N7: By Type | O7: 7000 | P7: M10 | Q7: PCC_FOOTING | R7: 2000 | S7: 3 | T7: 3 m² | U7: -2001300 | V7: 0.30 m³ | W7: 100 | X7: 0.3 | Y7: No | Z7: 100 | AA7: -2950 | AB7: -2950 | AC7: 124652 | AD7: 2255647 | AE7: 2255647 | AF7: 124652 | AG7: 2tUNbxU1T0IBvn6Zylc4Pf | AH7: 2255647
A8: 3071463 | B8: 2248493 | C8: 124652 | D8: -3100 | E8: -750 | F8: No | G8: Yes | H8: 2255647 | I8: -3100 | J8: 7750 | K8: 110001 | L8: -3200 | M8: -3100 | N8: By Type | O8: 33400 | P8: M10 | Q8: PCC_FOOTING | R8: 8950 | S8: 69.3625 | T8: 69 m² | U8: -2001300 | V8: 6.94 m³ | W8: 100 | X8: 6.9363 | Y8: No | Z8: 100 | AA8: -3200 | AB8: -3200 | AC8: 124652 | AD8: 2255647 | AE8: 2255647 | AF8: 124652 | AG8: 0yn1G3deX64RIHl7h1zcM5 | AH8: 2255647
A9: 3071676 | B9: 2248493 | C9: 124652 | D9: -3100 | E9: -750 | F9: No | G9: Yes | H9: 2255647 | I9: -3100 | J9: 4200 | K9: 110001 | L9: -3200 | M9: -3100 | N9: By Type | O9: 25400 | P9: M10 | Q9: PCC_FOOTING | R9: 8500 | S9: 31.4418 | T9: 31 m² | U9: -2001300 | V9: 3.14 m³ | W9: 100 | X9: 3.1442 | Y9: No | Z9: 100 | AA9: -3200 | AB9: -3200 | AC9: 124652 | AD9: 2255647 | AE9: 2255647 | AF9: 124652 | AG9: 1iNhjbtjT27ezT3D1vCLgV | AH9: 2255647
A10: 3175289 | B10: 2248493 | C10: 124652 | D10: -2650 | E10: -300 | F10: No | G10: Yes | H10: 2255647 | I10: -2650 | J10: 6800 | K10: 110001 | L10: -2750 | M10: -2650 | N10: By Type | O10: 35550 | P10: M10 | Q10: BS | R10: 8800 | S10: 49.7775 | T10: 50 m² | U10: -2001300 | V10: 4.98 m³ | W10: 100 | X10: 4.9778 | Y10: No | Z10: 100 | AA10: -2750 | AB10: -2750 | AC10: 124652 | AD10: 2255647 | AE10: 2255647 | AF10: 124652 | AG10: 0SSwK6_gH3ihgWoQL76pjX | AH10: 2255647
A11: 3176103 | B11: 2248493 | C11: 124652 | D11: -2950 | E11: -600 | F11: No | G11: Yes | H11: 2255647 | I11: -2950 | J11: 1700 | K11: 110001 | L11: -3050 | M11: -2950 | N11: By Type | O11: 7800 | P11: M10 | Q11: PCC_FOOTING | R11: 2200 | S11: 3.74 | T11: 4 m² | U11: -2001300 | V11: 0.37 m³ | W11: 100 | X11: 0.374 | Y11: No | Z11: 100 | AA11: -3050 | AB11: -3050 | AC11: 124652 | AD11: 2255647 | AE11: 2255647 | AF11: 124652 | AG11: 0hQ$mJyZT5excwzn97ILgc | AH11: 2255647
A12: 3176274 | B12: 2248493 | C12: 124652 | D12: -3000 | E12: -650 | F12: No | G12: Yes | H12: 2255647 | I12: -3000 | J12: 2300 | K12: 110001 | L12: -3100 | M12: -3000 | N12: By Type | O12: 7600 | P12: M10 | Q12: PCC_FOOTING | R12: 1500 | S12: 3.45 | T12: 3 m² | U12: -2001300 | V12: 0.35 m³ | W12: 100 | X12: 0.345 | Y12: No | Z12: 100 | AA12: -3100 | AB12: -3100 | AC12: 124652 | AD12: 2255647 | AE12: 2255647 | AF12: 124652 | AG12: 0hQ$mJyZT5excwzn97ILjJ | AH12: 2255647
A13: 3178662 | B13: 2248493 | C13: 124652 | D13: -2650 | E13: -300 | F13: No | G13: Yes | H13: 2255647 | I13: -2650 | J13: 6800 | K13: 110001 | L13: -2750 | M13: -2650 | N13: By Type | O13: 35100 | P13: M10 | Q13: BS | R13: 8900 | S13: 45.92 | T13: 46 m² | U13: -2001300 | V13: 4.59 m³ | W13: 100 | X13: 4.592 | Y13: No | Z13: 100 | AA13: -2750 | AB13: -2750 | AC13: 124652 | AD13: 2255647 | AE13: 2255647 | AF13: 124652 | AG13: 3Y5P0EL_P5BuK7$gH0usny | AH13: 2255647
A14: TOTAL | S14: =SUM(S2:S13) | X14: =SUM(X2:X13)

Sheet BOQ Summary
A1: Category | B1: Elements | C1: Total Volume (m3) | D1: Total Area (m2) | E1: Total Length (m)
A2: Beam | B2: 516 | C2: =Beam!X518 | D2: =Beam!S518 | E2: =Beam!AK518
A3: Column | B3: 184 | C3: =Column!S186 | D3: =Column!N186 | E3: =Column!AB186
A4: Slab | B4: 325 | C4: =Slab!X327 | D4: =Slab!S327
A5: Foundation | B5: 12 | C5: =Foundation!X14 | D5: =Foundation!S14
A6: GRAND TOTAL | B6: =SUM(B2:B4) | C6: =SUM(C2:C4) | D6: =SUM(D2:D4) | E6: =SUM(E2:E4)

Sheet Costing
A1: Category | B1: Element ID | C1: Quantity | D1: Rate | E1: Amount
A2: Beam | B2: 3079902 | C2: 0.3987
A3: Beam | B3: 3080849 | C3: 0.3266
A4: Beam | B4: 3081145 | C4: 0.5981
A5: Beam | B5: 3081683 | C5: 0.0825
A6: Beam | B6: 3081790 | C6: 0.4414
A7: Beam | B7: 3081898 | C7: 0.385
A8: Beam | B8: 3082011 | C8: 0.4414
A9: Beam | B9: 3082267 | C9: 0.209
A10: Beam | B10: 3082514 | C10: 0.1925
A11: Beam | B11: 3082627 | C11: 0.2544
A12: Beam | B12: 3082731 | C12: 0.7013
A13: Beam | B13: 3082921 | C13: 1.419
... A1038: Foundation | B1038: 3178662 | C1038: 4.592
A1039: TOTAL | E1039: =SUM(E2:E1038)
