Workbook

Sheet Beam
A1: Element ID | B1: Start Level Offset | C1: y Justification | D1: z Justification | E1: Qty: Area (m2) | F1: Rebar Cover - Other Faces | G1: Work Plane | H1: GRADE OF CONCRETE | I1: BEAM WIDTH | J1: Cut Length | K1: Type Id | L1: Length | M1: Qty: Volume (m3) | N1: z Offset Value | O1: Rebar Cover - Bottom Face | P1: Phase Created | Q1: Type | R1: Volume | S1: Family | T1: Reference Level Elevation | U1: Category | V1: Rebar Cover - Top Face | W1: Elevation at Top | X1: BEAM DEPTH | Y1: Has Association | Z1: Structural Usage | AA1: y Offset Value | AB1: Qty: Length (m) | AC1: End Level Offset | AD1: Qty: Count | AE1: Structural Material | AF1: ID_UNMT | AG1: Reference Level | AH1: Join Status | AI1: Orientation | AJ1: Elevation at Bottom | AK1: Family and Type | AL1: IfcGUID | AM1: ROOM NO. | AN1: yz Justification | AO1: Export to IFC | AP1: Cross-Section Rotation
A2: 3079902 | B2: 0 | C2: Left | D2: Top | E2: 2.4575 | G2: Level : 03 PLINTH LEVEL | H2: M30 | I2: 250 | J2: 2900 | K2: 3079709 | L2: 2900 | M2: 0.3987 | N2: 0 | O2: BEAM <25 mm> | P2: New Construction | Q2: B(a) - 250 X 550 | R2: 0.40 m³ | S2: Concrete-Rectangular Beam | T2: 450 | U2: Structural Framing | V2: BEAM <25 mm> | W2: 450 | X2: 550 | Y2: No | Z2: Other | AA2: 0 | AB2: 2.9 | AC2: 0 | AD2: 1 | AE2: RCC_BEAM | AF2: B10 | AG2: 03 PLINTH LEVEL | AH2: One or two joins disabled | AI2: Normal | AJ2: -100 | AK2: Concrete-Rectangular Beam: B(a) - 250 X 550 | AL2: 0sZlodXlT3tverCRqGTnXq | AN2: Uniform | AO2: By Type | AP2: 0.00°
A3: 3080849 | B3: 0 | C3: Left | D3: Top | E3: 2.0375 | G3: Level : 03 PLINTH LEVEL | H3: M30 | I3: 250 | J3: 2375 | K3: 3079709 | L3: 2375 | M3: 0.3266 | N3: 0 | O3: BEAM <25 mm> | P3: New Construction | Q3: B(a) - 250 X 550 | R3: 0.33 m³ | S3: Concrete-Rectangular Beam | T3: 450 | U3: Structural Framing | V3: BEAM <25 mm> | W3: 450 | X3: 550 | Y3: No | Z3: Other | AA3: 0 | AB3: 2.375 | AC3: 0 | AD3: 1 | AE3: RCC_BEAM | AF3: B16 | AG3: 03 PLINTH LEVEL | AH3: One or two joins disabled | AI3: Normal | AJ3: -100 | AK3: Concrete-Rectangular Beam: B(a) - 250 X 550 | AL3: 1_FLm7iHf9TvKSeqPzC2K8 | AN3: Uniform | AO3: By Type | AP3: 0.00°
A4: 3081145 | B4: 0 | C4: Left | D4: Top | E4: 3.6175 | G4: Level : 03 PLINTH LEVEL | H4: M30 | I4: 250 | J4: 4350 | K4: 3079709 | L4: 4350 | M4: 0.5981 | N4: 0 | O4: BEAM <25 mm> | P4: New Construction | Q4: B(a) - 250 X 550 | R4: 0.60 m³ | S4: Concrete-Rectangular Beam | T4: 450 | U4: Structural Framing | V4: BEAM <25 mm> | W4: 450 | X4: 550 | Y4: No | Z4: Other | AA4: 0 | AB4: 4.35 | AC4: 0 | AD4: 1 | AE4: RCC_BEAM | AF4: B2 | AG4: 03 PLINTH LEVEL | AH4: One or two joins disabled | AI4: Normal | AJ4: -100 | AK4: Concrete-Rectangular Beam: B(a) - 250 X 550 | AL4: 3ueL3jPsfCSw_2nLzW_sbG | AN4: Uniform | AO4: By Type | AP4: 0.00°
A5: 3081683 | B5: 0 | C5: Left | D5: Top | E5: 0.6175 | F5: BEAM <25 mm> | G5: Level : 03 PLINTH LEVEL | H5: M30 | I5: 250 | J5: 600 | K5: 3079709 | L5: 600 | M5: 0.0825 | N5: 0 | O5: BEAM <25 mm> | P5: New Construction | Q5: B(a) - 250 X 550 | R5: 0.08 m³ | S5: Concrete-Rectangular Beam | T5: 450 | U5: Structural Framing | V5: BEAM <25 mm> | W5: 450 | X5: 550 | Y5: No | Z5: Other | AA5: 0 | AB5: 0.6 | AC5: 0 | AD5: 1 | AE5: RCC_BEAM | AF5: B1 | AG5: 03 PLINTH LEVEL | AH5: One or two joins disabled | AI5: Normal | AJ5: -100 | AK5: Concrete-Rectangular Beam: B(a) - 250 X 550 | AL5: 2QOsO1SU19tOnmbHLze0ld | AN5: Uniform | AO5: By Type | AP5: 0.00°
A6: 3081790 | B6: 0 | C6: Left | D6: Top | E6: 3.0025 | G6: Level : 03 PLINTH LEVEL | H6: M30 | I6: 250 | J6: 3750 | K6: 3079709 | L6: 3750 | M6: 0.4414 | N6: 0 | O6: BEAM <25 mm> | P6: New Construction | Q6: B(a) - 250 X 550 | R6: 0.44 m³ | S6: Concrete-Rectangular Beam | T6: 450 | U6: Structural Framing | V6: BEAM <25 mm> | W6: 450 | X6: 550 | Y6: No | Z6: Other | AA6: 0 | AB6: 3.75 | AC6: 0 | AD6: 1 | AE6: RCC_BEAM | AF6: B13 | AG6: 03 PLINTH LEVEL | AH6: One or two joins disabled | AI6: Normal | AJ6: -100 | AK6: Concrete-Rectangular Beam: B(a) - 250 X 550 | AL6: 0JmCRR8Mv3Ue51A2BTptpQ | AN6: Uniform | AO6: By Type | AP6: 0.00°
A7: 3081898 | B7: 0 | C7: Left | D7: Top | E7: 2.735 | F7: BEAM <25 mm> | G7: Level : 03 PLINTH LEVEL | H7: M30 | I7: 200 | J7: 3500 | K7: 3089018 | L7: 3500 | M7: 0.385 | N7: 0 | O7: BEAM <25 mm> | P7: New Construction | Q7: B(a) - 200 X 550 | R7: 0.39 m³ | S7: Concrete-Rectangular Beam | T7: 450 | U7: Structural Framing | V7: BEAM <25 mm> | W7: 450 | X7: 550 | Y7: No | Z7: Other | AA7: 0 | AB7: 3.5 | AC7: 0 | AD7: 1 | AE7: RCC_BEAM | AF7: B9 | AG7: 03 PLINTH LEVEL | AH7: One or two joins disabled | AI7: Normal | AJ7: -100 | AK7: Concrete-Rectangular Beam: B(a) - 200 X 550 | AL7: 0JmCRR8Mv3Ue51A2BTptnE | AN7: Uniform | AO7: By Type | AP7: 0.00°
A8: 3082011 | B8: 0 | C8: Left | D8: Top | E8: 3.14 | G8: Level : 03 PLINTH LEVEL | H8: M30 | I8: 200 | J8: 4050 | K8: 3181454 | L8: 4050 | M8: 0.4414 | N8: 0 | O8: BEAM <25 mm> | P8: New Construction | Q8: B(b) - 200 X 550 | R8: 0.44 m³ | S8: Concrete-Rectangular Beam | T8: 450 | U8: Structural Framing | V8: BEAM <25 mm> | W8: 450 | X8: 550 | Y8: No | Z8: Other | AA8: 0 | AB8: 4.05 | AC8: 0 | AD8: 1 | AE8: RCC_BEAM | AF8: B4 | AG8: 03 PLINTH LEVEL | AH8: One or two joins disabled | AI8: Normal | AJ8: -100 | AK8: Concrete-Rectangular Beam: B(b) - 200 X 550 | AL8: 16K_Pi6W9ECvycG_Su1SH8 | AN8: Uniform | AO8: By Type | AP8: 0.00°
A9: 3082267 | B9: 0 | C9: Left | D9: Top | E9: 1.535 | F9: BEAM <25 mm> | G9: Level : 03 PLINTH LEVEL | H9: M30 | I9: 200 | J9: 1900 | K9: 3181454 | L9: 1900 | M9: 0.209 | N9: -200 | O9: BEAM <25 mm> | P9: New Construction | Q9: B(b) - 200 X 550 | R9: 0.21 m³ | S9: Concrete-Rectangular Beam | T9: 450 | U9: Structural Framing | V9: BEAM <25 mm> | W9: 250 | X9: 550 | Y9: No | Z9: Other | AA9: 0 | AB9: 1.9 | AC9: 0 | AD9: 1 | AE9: RCC_BEAM | AF9: B11 | AG9: 03 PLINTH LEVEL | AH9: One or two joins disabled | AI9: Normal | AJ9: -300 | AK9: Concrete-Rectangular Beam: B(b) - 200 X 550 | AL9: 3qutUK42D889pvIpBUtKyU | AN9: Uniform | AO9: By Type | AP9: 0.00°
A10: 3082514 | B10: 0 | C10: Left | D10: Top | E10: 1.2575 | G10: Level : 03 PLINTH LEVEL | H10: M30 | I10: 250 | J10: 1400 | K10: 3079709 | L10: 1400 | M10: 0.1925 | N10: 0 | O10: BEAM <25 mm> | P10: New Construction | Q10: B(a) - 250 X 550 | R10: 0.19 m³ | S10: Concrete-Rectangular Beam | T10: 450 | U10: Structural Framing | V10: BEAM <25 mm> | W10: 450 | X10: 550 | Y10: No | Z10: Other | AA10: 0 | AB10: 1.4 | AC10: 0 | AD10: 1 | AE10: RCC_BEAM | AF10: B5 | AG10: 03 PLINTH LEVEL | AH10: One or two joins disabled | AI10: Normal | AJ10: -100 | AK10: Concrete-Rectangular Beam: B(a) - 250 X 550 | AL10: 1w7DuRZyT28QZO5z9zRhh8 | AN10: Uniform | AO10: By Type | AP10: 0.00°
A11: 3082627 | B11: 0 | C11: Left | D11: Top | E11: 1.6175 | G11: Level : 03 PLINTH LEVEL | H11: M30 | I11: 250 | J11: 1850 | K11: 3079709 | L11: 1850 | M11: 0.2544 | N11: 0 | O11: BEAM <25 mm> | P11: New Construction | Q11: B(a) - 250 X 550 | R11: 0.25 m³ | S11: Concrete-Rectangular Beam | T11: 450 | U11: Structural Framing | V11: BEAM <25 mm> | W11: 450 | X11: 550 | Y11: No | Z11: Other | AA11: 0 | AB11: 1.85 | AC11: 0 | AD11: 1 | AE11: RCC_BEAM | AF11: B3 | AG11: 03 PLINTH LEVEL | AH11: One or two joins disabled | AI11: Normal | AJ11: -100 | AK11: Concrete-Rectangular Beam: B(a) - 250 X 550 | AL11: 1WbrjRl9L8V9UleaBo896L | AN11: Uniform | AO11: By Type | AP11: 0.00°
A12: 3082731 | B12: 0 | C12: Left | D12: Top | E12: 4.2175 | G12: Level : 03 PLINTH LEVEL | H12: M30 | I12: 250 | J12: 5100 | K12: 3079709 | L12: 5100 | M12: 0.7013 | N12: 0 | O12: BEAM <25 mm> | P12: New Construction | Q12: B(a) - 250 X 550 | R12: 0.70 m³ | S12: Concrete-Rectangular Beam | T12: 450 | U12: Structural Framing | V12: BEAM <25 mm> | W12: 450 | X12: 550 | Y12: No | Z12: Other | AA12: 0 | AB12: 5.1 | AC12: 0 | AD12: 1 | AE12: RCC_BEAM | AF12: B15 | AG12: 03 PLINTH LEVEL | AH12: One or two joins disabled | AI12: Normal | AJ12: -100 | AK12: Concrete-Rectangular Beam: B(a) - 250 X 550 | AL12: 1WbrjRl9L8V9UleaBo897z | AN12: Uniform | AO12: By Type | AP12: 0.00°
A13: 3082921 | B13: 0 | C13: Right | D13: Top | E13: 7.475 | F13: BEAM <25 mm> | G13: Level : 03 PLINTH LEVEL | H13: M30 | I13: 300 | J13: 8600 | K13: 3083275 | L13: 8600 | M13: 1.419 | N13: 0 | O13: BEAM <25 mm> | P13: New Construction | Q13: B(a) - 300 X 550 | R13: 1.42 m³ | S13: Concrete-Rectangular Beam | T13: 450 | U13: Structural Framing | V13: BEAM <25 mm> | W13: 450 | X13: 550 | Y13: No | Z13: Other | AA13: 0 | AB13: 8.6 | AC13: 0 | AD13: 1 | AE13: RCC_BEAM | AF13: B6 | AG13: 03 PLINTH LEVEL | AH13: One or two joins disabled | AI13: Normal | AJ13: -100 | AK13: Concrete-Rectangular Beam: B(a) - 300 X 550 | AL13: 0Zmr2B1_X81OwsbsfMe5Lp | AN13: Uniform | AO13: By Type | AP13: 0.00°
A14: 3083476 | B14: 0 | C14: Right | D14: Top | E14: 4.2655 | F14: BEAM <25 mm> | G14: Level : 03 PLINTH LEVEL | H14: M30 | I14: 250 | J14: 5160 | K14: 3079709 | L14: 5160 | M14: 0.7095 | N14: 0 | O14: BEAM <25 mm> | P14: New Construction | Q14: B(a) - 250 X 550 | R14: 0.71 m³ | S14: Concrete-Rectangular Beam | T14: 450 | U14: Structural Framing | V14: BEAM <25 mm> | W14: 450 | X14: 550 | Y14: No | Z14: Other | AA14: 0 | AB14: 5.16 | AC14: 0 | AD14: 1 | AE14: RCC_BEAM | AF14: B7 | AG14: 03 PLINTH LEVEL | AH14: One or two joins disabled | AI14: Normal | AJ14: -100 | AK14: Concrete-Rectangular Beam: B(a) - 250 X 550 | AL14: 2utMYCOmrDffed6MpfxG0E | AN14: Uniform | AO14: By Type | AP14: 0.00°
A15: 3083539 | B15: 0 | C15: Left | D15: Top | E15: 3.2175 | F15: BEAM <25 mm> | G15: Level : 03 PLINTH LEVEL | H15: M30 | I15: 250 | J15: 3850 | K15: 3079709 | L15: 3850 | M15: 0.5294 | N15: 0 | O15: BEAM <25 mm> | P15: New Construction | Q15: B(a) - 250 X 550 | R15: 0.53 m³ | S15: Concrete-Rectangular Beam | T15: 450 | U15: Structural Framing | V15: BEAM <25 mm> | W15: 450 | X15: 550 | Y15: No | Z15: Other | AA15: 0 | AB15: 3.85 | AC15: 0 | AD15: 1 | AE15: RCC_BEAM | AF15: B8 | AG15: 03 PLINTH LEVEL | AH15: One or two joins disabled | AI15: Normal | AJ15: -100 | AK15: Concrete-Rectangular Beam: B(a) - 250 X 550 | AL15: 2utMYCOmrDffed6MpfxG79 | AN15: Uniform | AO15: By Type | AP15: 0.00°
A16: 3083594 | B16: 0 | C16: Left | D16: Top | E16: 3.2175 | F16: BEAM <25 mm> | G16: Level : 03 PLINTH LEVEL | H16: M30 | I16: 250 | J16: 3850 | K16: 3079709 | L16: 3850 | M16: 0.5294 | N16: 0 | O16: BEAM <25 mm> | P16: New Construction | Q16: B(a) - 250 X 550 | R16: 0.53 m³ | S16: Concrete-Rectangular Beam | T16: 450 | U16: Structural Framing | V16: BEAM <25 mm> | W16: 450 | X16: 550 | Y16: No | Z16: Other | AA16: 0 | AB16: 3.85 | AC16: 0 | AD16: 1 | AE16: RCC_BEAM | AF16: B12 | AG16: 03 PLINTH LEVEL | AH16: One or two joins disabled | AI16: Normal | AJ16: -100 | AK16: Concrete-Rectangular Beam: B(a) - 250 X 550 | AL16: 2utMYCOmrDffed6MpfxG6G | AN16: Uniform | AO16: By Type | AP16: 0.00°
A17: 3085142 | B17: 0 | C17: Left | D17: Top | E17: 1.9775 | G17: Level : 03 PLINTH LEVEL | H17: M30 | I17: 250 | J17: 2300 | K17: 3079709 | L17: 2300 | M17: 0.3163 | N17: 0 | O17: BEAM <25 mm> | P17: New Construction | Q17: B(a) - 250 X 550 | R17: 0.32 m³ | S17: Concrete-Rectangular Beam | T17: 450 | U17: Structural Framing | V17: BEAM <25 mm> | W17: 450 | X17: 550 | Y17: No | Z17: Other | AA17: 0 | AB17: 2.3 | AC17: 0 | AD17: 1 | AE17: RCC_BEAM | AF17: B17 | AG17: 03 PLINTH LEVEL | AH17: One or two joins disabled | AI17: Normal | AJ17: -100 | AK17: Concrete-Rectangular Beam: B(a) - 250 X 550 | AL17: 0BBj8nW1D6ae_3yS5pWgAv | AN17: Uniform | AO17: By Type | AP17: 0.00°
A18: 3108891 | B18: 0 | C18: Left | D18: Top | E18: 0.56 | F18: BEAM <25 mm> | G18: Level : 04 1ST LEVEL | H18: M30 | I18: 200 | J18: 600 | K18: 3089018 | L18: 600 | M18: 0.066 | N18: 0 | O18: BEAM <25 mm> | P18: New Construction | Q18: B(a) - 200 X 550 | R18: 0.07 m³ | S18: Concrete-Rectangular Beam | T18: 6000 | U18: Structural Framing | V18: BEAM <25 mm> | W18: 6000 | X18: 550 | Y18: No | Z18: Other | AA18: 0 | AB18: 0.6 | AC18: 0 | AD18: 1 | AE18: RCC_BEAM | AF18: B44 | AG18: 04 1ST LEVEL | AH18: One or two joins disabled | AI18: Normal | AJ18: 5450 | AK18: Concrete-Rectangular Beam: B(a) - 200 X 550 | AL18: 1Yaf6MhzfD4f6xf1L8Ohw$ | AN18: Uniform | AO18: By Type | AP18: 0.00°
A19: 3108893 | B19: 0 | C19: Right | D19: Top | E19: 1.9475 | F19: BEAM <25 mm> | G19: Level : 04 1ST LEVEL | H19: M30 | I19: 200 | J19: 2450 | K19: 3089018 | L19: 2450 | M19: 0.2695 | N19: 0 | O19: BEAM <25 mm> | P19: New Construction | Q19: B(a) - 200 X 550 | R19: 0.27 m³ | S19: Concrete-Rectangular Beam | T19: 6000 | U19: Structural Framing | V19: BEAM <25 mm> | W19: 6000 | X19: 550 | Y19: No | Z19: Other | AA19: 0 | AB19: 2.45 | AC19: 0 | AD19: 1 | AE19: RCC_BEAM | AF19: B1 | AG19: 04 1ST LEVEL | AH19: One or two joins disabled | AI19: Normal | AJ19: 5450 | AK19: Concrete-Rectangular Beam: B(a) - 200 X 550 | AL19: 1Yaf6MhzfD4f6xf1L8Ohwv | AN19: Uniform | AO19: By Type | AP19: 0.00°
A20: 3108895 | B20: 0 | C20: Right | D20: Top | E20: 0.56 | F20: BEAM <25 mm> | G20: Level : 04 1ST LEVEL | H20: M30 | I20: 200 | J20: 600 | K20: 3089018 | L20: 600 | M20: 0.066 | N20: 0 | O20: BEAM <25 mm> | P20: New Construction | Q20: B(a) - 200 X 550 | R20: 0.07 m³ | S20: Concrete-Rectangular Beam | T20: 6000 | U20: Structural Framing | V20: BEAM <25 mm> | W20: 6000 | X20: 550 | Y20: No | Z20: Other | AA20: 0 | AB20: 0.6 | AC20: 0 | AD20: 1 | AE20: RCC_BEAM | AF20: B37 | AG20: 04 1ST LEVEL | AH20: One or two joins disabled | AI20: Normal | AJ20: 5450 | AK20: Concrete-Rectangular Beam: B(a) - 200 X 550 | AL20: 1Yaf6MhzfD4f6xf1L8Ohwx | AN20: Uniform | AO20: By Type | AP20: 0.00°
A21: 3108897 | B21: 0 | C21: Right | D21: Top | E21: 0.2925 | F21: BEAM <25 mm> | G21: Level : 04 1ST LEVEL | H21: M30 | I21: 300 | J21: 150 | K21: 3089020 | L21: 150 | M21: 0.0247 | N21: 0 | O21: BEAM <25 mm> | P21: New Construction | Q21: B(b) - 300 X 550 | R21: 0.02 m³ | S21: Concrete-Rectangular Beam | T21: 6000 | U21: Structural Framing | V21: BEAM <25 mm> | W21: 6000 | X21: 550 | Y21: No | Z21: Other | AA21: 0 | AB21: 0.15 | AC21: 0 | AD21: 1 | AE21: RCC_BEAM | AF21: B2A | AG21: 04 1ST LEVEL | AH21: One or two joins disabled | AI21: Normal | AJ21: 5450 | AK21: Concrete-Rectangular Beam: B(b) - 300 X 550 | AL21: 1Yaf6MhzfD4f6xf1L8Ohw5 | AN21: Uniform | AO21: By Type | AP21: 0.00°
A22: 3108899 | B22: 0 | C22: Left | D22: Top | E22: 0.2925 | F22: BEAM <25 mm> | G22: Level : 04 1ST LEVEL | H22: M30 | I22: 300 | J22: 150 | K22: 3089020 | L22: 150 | M22: 0.0248 | N22: 0 | O22: BEAM <25 mm> | P22: New Construction | Q22: B(b) - 300 X 550 | R22: 0.02 m³ | S22: Concrete-Rectangular Beam | T22: 6000 | U22: Structural Framing | V22: BEAM <25 mm> | W22: 6000 | X22: 550 | Y22: No | Z22: Other | AA22: 0 | AB22: 0.15 | AC22: 0 | AD22: 1 | AE22: RCC_BEAM | AF22: B2A | AG22: 04 1ST LEVEL | AH22: One or two joins disabled | AI22: Normal | AJ22: 5450 | AK22: Concrete-Rectangular Beam: B(b) - 300 X 550 | AL22: 1Yaf6MhzfD4f6xf1L8Ohw7 | AN22: Uniform | AO22: By Type | AP22: 0.00°
A23: 3108901 | B23: 0 | C23: Right | D23: Top | E23: 2.885 | F23: BEAM <25 mm> | G23: Level : 04 1ST LEVEL | H23: M30 | I23: 200 | J23: 3700 | K23: 3089018 | L23: 3700 | M23: 0.407 | N23: 0 | O23: BEAM <25 mm> | P23: New Construction | Q23: B(a) - 200 X 550 | R23: 0.41 m³ | S23: Concrete-Rectangular Beam | T23: 6000 | U23: Structural Framing | V23: BEAM <25 mm> | W23: 6000 | X23: 550 | Y23: No | Z23: Other | AA23: 0 | AB23: 3.7 | AC23: 0 | AD23: 1 | AE23: RCC_BEAM | AF23: B32 | AG23: 04 1ST LEVEL | AH23: One or two joins disabled | AI23: Normal | AJ23: 5450 | AK23: Concrete-Rectangular Beam: B(a) - 200 X 550 | AL23: 1Yaf6MhzfD4f6xf1L8Ohw1 | AN23: Uniform | AO23: By Type | AP23: 0.00°
A24: 3108903 | B24: 0 | C24: Right | D24: Top | E24: 0.785 | F24: BEAM <25 mm> | G24: Level : 04 1ST LEVEL | H24: M30 | I24: 200 | J24: 900 | K24: 3089018 | L24: 900 | M24: 0.099 | N24: 0 | O24: BEAM <25 mm> | P24: New Construction | Q24: B(a) - 200 X 550 | R24: 0.10 m³ | S24: Concrete-Rectangular Beam | T24: 6000 | U24: Structural Framing | V24: BEAM <25 mm> | W24: 6000 | X24: 550 | Y24: No | Z24: Other | AA24: 0 | AB24: 0.9 | AC24: 0 | AD24: 1 | AE24: RCC_BEAM | AF24: B6 | AG24: 04 1ST LEVEL | AH24: One or two joins disabled | AI24: Normal | AJ24: 5450 | AK24: Concrete-Rectangular Beam: B(a) - 200 X 550 | AL24: 1Yaf6MhzfD4f6xf1L8Ohw3 | AN24: Uniform | AO24: By Type | AP24: 0.00°
A25: 3108905 | B25: 0 | C25: Right | D25: Top | E25: 0.6325 | F25: BEAM <25 mm> | G25: Level : 04 1ST LEVEL | H25: M30 | I25: 300 | J25: 550 | K25: 3089020 | L25: 550 | M25: 0.0908 | N25: 0 | O25: BEAM <25 mm> | P25: New Construction | Q25: B(b) - 300 X 550 | R25: 0.09 m³ | S25: Concrete-Rectangular Beam | T25: 6000 | U25: Structural Framing | V25: BEAM <25 mm> | W25: 6000 | X25: 550 | Y25: No | Z25: Other | AA25: 0 | AB25: 0.55 | AC25: 0 | AD25: 1 | AE25: RCC_BEAM | AF25: B3 | AG25: 04 1ST LEVEL | AH25: One or two joins disabled | AI25: Normal | AJ25: 5450 | AK25: Concrete-Rectangular Beam: B(b) - 300 X 550 | AL25: 1Yaf6MhzfD4f6xf1L8OhwD | AN25: Uniform | AO25: By Type | AP25: 0.00°
A26: 3108907 | B26: 0 | C26: Left | D26: Top | E26: 7.39 | F26: BEAM <25 mm> | G26: Level : 04 1ST LEVEL | H26: M30 | I26: 300 | J26: 8500 | K26: 3089020 | L26: 8500 | M26: 1.4025 | N26: 0 | O26: BEAM <25 mm> | P26: New Construction | Q26: B(b) - 300 X 550 | R26: 1.40 m³ | S26: Concrete-Rectangular Beam | T26: 6000 | U26: Structural Framing | V26: BEAM <25 mm> | W26: 6000 | X26: 550 | Y26: No | Z26: Other | AA26: 0 | AB26: 8.5 | AC26: 0 | AD26: 1 | AE26: RCC_BEAM | AF26: B2 | AG26: 04 1ST LEVEL | AH26: One or two joins disabled | AI26: Normal | AJ26: 5450 | AK26: Concrete-Rectangular Beam: B(b) - 300 X 550 | AL26: 1Yaf6MhzfD4f6xf1L8OhwF | AN26: Uniform | AO26: By Type | AP26: 0.00°
A27: 3108909 | B27: 0 | C27: Left | D27: Top | E27: 3.4475 | F27: BEAM <25 mm> | G27: Level : 04 1ST LEVEL | H27: M30 | I27: 200 | J27: 4450 | K27: 3089018 | L27: 4450 | M27: 0.4895 | N27: 0 | O27: BEAM <25 mm> | P27: New Construction | Q27: B(a) - 200 X 550 | R27: 0.49 m³ | S27: Concrete-Rectangular Beam | T27: 6000 | U27: Structural Framing | V27: BEAM <25 mm> | W27: 6000 | X27: 550 | Y27: No | Z27: Other | AA27: 0 | AB27: 4.45 | AC27: 0 | AD27: 1 | AE27: RCC_BEAM | AF27: B52 | AG27: 04 1ST LEVEL | AH27: One or two joins disabled | AI27: Normal | AJ27: 5450 | AK27: Concrete-Rectangular Beam: B(a) - 200 X 550 | AL27: 1Yaf6MhzfD4f6xf1L8Ohw9 | AN27: Uniform | AO27: By Type | AP27: 0.00°
A28: 3108911 | B28: 0 | C28: Left | D28: Top | E28: 0.785 | F28: BEAM <25 mm> | G28: Level : 04 1ST LEVEL | H28: M30 | I28: 200 | J28: 900 | K28: 3089018 | L28: 900 | M28: 0.099 | N28: 0 | O28: BEAM <25 mm> | P28: New Construction | Q28: B(a) - 200 X 550 | R28: 0.10 m³ | S28: Concrete-Rectangular Beam | T28: 6000 | U28: Structural Framing | V28: BEAM <25 mm> | W28: 6000 | X28: 550 | Y28: No | Z28: Other | AA28: 0 | AB28: 0.9 | AC28: 0 | AD28: 1 | AE28: RCC_BEAM | AF28: B9 | AG28: 04 1ST LEVEL | AH28: One or two joins disabled | AI28: Normal | AJ28: 5450 | AK28: Concrete-Rectangular Beam: B(a) - 200 X 550 | AL28: 1Yaf6MhzfD4f6xf1L8OhwB | AN28: Uniform | AO28: By Type | AP28: 0.00°
A29: 3108913 | B29: 0 | C29: Right | D29: Top | E29: 2.36 | F29: BEAM <25 mm> | G29: Level : 04 1ST LEVEL | H29: M30 | I29: 200 | J29: 3000 | K29: 3089018 | L29: 3000 | M29: 0.33 | N29: 0 | O29: BEAM <25 mm> | P29: New Construction | Q29: B(a) - 200 X 550 | R29: 0.33 m³ | S29: Concrete-Rectangular Beam | T29: 6000 | U29: Structural Framing | V29: BEAM <25 mm> | W29: 6000 | X29: 550 | Y29: No | Z29: Other | AA29: 0 | AB29: 3 | AC29: 0 | AD29: 1 | AE29: RCC_BEAM | AF29: B36 | AG29: 04 1ST LEVEL | AH29: One or two joins disabled | AI29: Normal | AJ29: 5450 | AK29: Concrete-Rectangular Beam: B(a) - 200 X 550 | AL29: 1Yaf6MhzfD4f6xf1L8OhwL | AN29: Uniform | AO29: By Type | AP29: 0.00°
... A33: 3108921 | B33: 0 | C33: Right | D33: Top | E33: 0.7025 | F33: BEAM <25 mm> | G33: Level : 04 1ST LEVEL | H33: M30 | I33: 200 | J33: 1150 | K33: 3089028 | L33: 1150 | M33: 0.0805 | N33: -200 | O33: BEAM <25 mm> | P33: New Construction | Q33: B(f) - 200 X 350 | R33: 0.08 m³ | S33: Concrete-Rectangular Beam | T33: 6000 | U33: Structural Framing | V33: BEAM <25 mm> | W33: 5800 | X33: 350 | Y33: No | Z33: Other | AA33: 0 | AB33: 1.15 | AC33: 0 | AD33: 1 | AE33: RCC_BEAM | AF33: B4 | AG33: 04 1ST LEVEL | AH33: One or two joins disabled | AI33: Normal | AJ33: 5450 | AK33: Concrete-Rectangular Beam: B(f) - 200 X 350 | AL33: 1Yaf6MhzfD4f6xf1L8OhwT | AN33: Uniform | AO33: By Type | AP33: 0.00°
A34: 3108923 | B34: 0 | C34: Right | D34: Top | E34: 3.4475 | G34: Level : 04 1ST LEVEL | H34: M30 | I34: 200 | J34: 4450 | K34: 3089018 | L34: 4450 | M34: 0.4895 | N34: 0 | O34: BEAM <25 mm> | P34: New Construction | Q34: B(a) - 200 X 550 | R34: 0.49 m³ | S34: Concrete-Rectangular Beam | T34: 6000 | U34: Structural Framing | V34: BEAM <25 mm> | W34: 6000 | X34: 550 | Y34: No | Z34: Other | AA34: 0 | AB34: 4.45 | AC34: 0 | AD34: 1 | AE34: RCC_BEAM | AF34: B42 | AG34: 04 1ST LEVEL | AH34: One or two joins disabled | AI34: Normal | AJ34: 5450 | AK34: Concrete-Rectangular Beam: B(a) - 200 X 550 | AL34: 1Yaf6MhzfD4f6xf1L8OhwV | AN34: Uniform | AO34: By Type | AP34: 0.00°
A35: 3108925 | B35: 0 | C35: Left | D35: Top | E35: 6.965 | F35: BEAM <25 mm> | G35: Level : 04 1ST LEVEL | H35: M30 | I35: 300 | J35: 8000 | K35: 3089020 | L35: 8000 | M35: 1.32 | N35: 0 | O35: BEAM <25 mm> | P35: New Construction | Q35: B(b) - 300 X 550 | R35: 1.32 m³ | S35: Concrete-Rectangular Beam | T35: 6000 | U35: Structural Framing | V35: BEAM <25 mm> | W35: 6000 | X35: 550 | Y35: No | Z35: Other | AA35: 0 | AB35: 8 | AC35: 0 | AD35: 1 | AE35: RCC_BEAM | AF35: B11 | AG35: 04 1ST LEVEL | AH35: One or two joins disabled | AI35: Normal | AJ35: 5450 | AK35: Concrete-Rectangular Beam: B(b) - 300 X 550 | AL35: 1Yaf6MhzfD4f6xf1L8OhwP | AN35: Uniform | AO35: By Type | AP35: 0.00°
A36: 3108927 | B36: 0 | C36: Right | D36: Top | E36: 1.0475 | F36: BEAM <25 mm> | G36: Level : 04 1ST LEVEL | H36: M30 | I36: 200 | J36: 1250 | K36: 3089018 | L36: 1250 | M36: 0.1375 | N36: 0 | O36: BEAM <25 mm> | P36: New Construction | Q36: B(a) - 200 X 550 | R36: 0.14 m³ | S36: Concrete-Rectangular Beam | T36: 6000 | U36: Structural Framing | V36: BEAM <25 mm> | W36: 6000 | X36: 550 | Y36: No | Z36: Other | AA36: 0 | AB36: 1.25 | AC36: 0 | AD36: 1 | AE36: RCC_BEAM | AF36: B28 | AG36: 04 1ST LEVEL | AH36: One or two joins disabled | AI36: Normal | AJ36: 5450 | AK36: Concrete-Rectangular Beam: B(a) - 200 X 550 | AL36: 1Yaf6MhzfD4f6xf1L8OhwR | AN36: Uniform | AO36: By Type | AP36: 0.00°
A37: 3108929 | B37: 0 | C37: Left | D37: Top | E37: 0.785 | F37: BEAM <25 mm> | G37: Level : 04 1ST LEVEL | H37: M30 | I37: 200 | J37: 900 | K37: 3089018 | L37: 900 | M37: 0.099 | N37: 0 | O37: BEAM <25 mm> | P37: New Construction | Q37: B(a) - 200 X 550 | R37: 0.10 m³ | S37: Concrete-Rectangular Beam | T37: 6000 | U37: Structural Framing | V37: BEAM <25 mm> | W37: 6000 | X37: 550 | Y37: No | Z37: Other | AA37: 0 | AB37: 0.9 | AC37: 0 | AD37: 1 | AE37: RCC_BEAM | AF37: B10 | AG37: 04 1ST LEVEL | AH37: One or two joins disabled | AI37: Normal | AJ37: 5450 | AK37: Concrete-Rectangular Beam: B(a) - 200 X 550 | AL37: 1Yaf6MhzfD4f6xf1L8Ohxb | AN37: Uniform | AO37: By Type | AP37: 0.00°
A38: 3108931 | B38: 0 | C38: Left | D38: Top | E38: 1.1085 | F38: BEAM <25 mm> | G38: Level : 04 1ST LEVEL | H38: M30 | I38: 300 | J38: 1110 | K38: 3089020 | L38: 1110 | M38: 0.1832 | N38: 0 | O38: BEAM <25 mm> | P38: New Construction | Q38: B(b) - 300 X 550 | R38: 0.18 m³ | S38: Concrete-Rectangular Beam | T38: 6000 | U38: Structural Framing | V38: BEAM <25 mm> | W38: 6000 | X38: 550 | Y38: No | Z38: Other | AA38: 0 | AB38: 1.11 | AC38: 0 | AD38: 1 | AE38: RCC_BEAM | AF38: B12 | AG38: 04 1ST LEVEL | AH38: One or two joins disabled | AI38: Normal | AJ38: 5450 | AK38: Concrete-Rectangular Beam: B(b) - 300 X 550 | AL38: 1Yaf6MhzfD4f6xf1L8Ohxd | AN38: Uniform | AO38: By Type | AP38: 0.00°
A39: 3108933 | B39: 0 | C39: Left | D39: Top | E39: 1.0475 | F39: BEAM <25 mm> | G39: Level : 04 1ST LEVEL | H39: M30 | I39: 200 | J39: 1250 | K39: 3089018 | L39: 1250 | M39: 0.1375 | N39: 0 | O39: BEAM <25 mm> | P39: New Construction | Q39: B(a) - 200 X 550 | R39: 0.14 m³ | S39: Concrete-Rectangular Beam | T39: 6000 | U39: Structural Framing | V39: BEAM <25 mm> | W39: 6000 | X39: 550 | Y39: No | Z39: Other | AA39: 0 | AB39: 1.25 | AC39: 0 | AD39: 1 | AE39: RCC_BEAM | AF39: B55 | AG39: 04 1ST LEVEL | AH39: One or two joins disabled | AI39: Normal | AJ39: 5450 | AK39: Concrete-Rectangular Beam: B(a) - 200 X 550 | AL39: 1Yaf6MhzfD4f6xf1L8OhxX | AN39: Uniform | AO39: By Type | AP39: 0.00°
A40: 3108935 | B40: 0 | C40: Right | D40: Top | E40: 2.285 | F40: BEAM <25 mm> | G40: Level : 04 1ST LEVEL | H40: M30 | I40: 200 | J40: 2900 | K40: 3089018 | L40: 2900 | M40: 0.319 | N40: 0 | O40: BEAM <25 mm> | P40: New Construction | Q40: B(a) - 200 X 550 | R40: 0.32 m³ | S40: Concrete-Rectangular Beam | T40: 6000 | U40: Structural Framing | V40: BEAM <25 mm> | W40: 6000 | X40: 550 | Y40: No | Z40: Other | AA40: 0 | AB40: 2.9 | AC40: 0 | AD40: 1 | AE40: RCC_BEAM | AF40: B31 | AG40: 04 1ST LEVEL | AH40: One or two joins disabled | AI40: Normal | AJ40: 5450 | AK40: Concrete-Rectangular Beam: B(a) - 200 X 550 | AL40: 1Yaf6MhzfD4f6xf1L8OhxZ | AN40: Uniform | AO40: By Type | AP40: 0.00°
A41: 3108937 | B41: 0 | C41: Left | D41: Top | E41: 4.2575 | F41: BEAM <25 mm> | G41: Level : 04 1ST LEVEL | H41: M30 | I41: 250 | J41: 5150 | K41: 3089024 | L41: 5150 | M41: 0.7081 | N41: 0 | O41: BEAM <25 mm> | P41: New Construction | Q41: B(d) - 250 X 550 | R41: 0.71 m³ | S41: Concrete-Rectangular Beam | T41: 6000 | U41: Structural Framing | V41: BEAM <25 mm> | W41: 6000 | X41: 550 | Y41: No | Z41: Other | AA41: 0 | AB41: 5.15 | AC41: 0 | AD41: 1 | AE41: RCC_BEAM | AF41: B54 | AG41: 04 1ST LEVEL | AH41: One or two joins disabled | AI41: Normal | AJ41: 5450 | AK41: Concrete-Rectangular Beam: B(d) - 250 X 550 | AL41: 1Yaf6MhzfD4f6xf1L8Ohxj | AN41: Uniform | AO41: By Type | AP41: 0.00°
A42: 3108939 | B42: 0 | C42: Left | D42: Top | E42: 0.6175 | F42: BEAM <25 mm> | G42: Level : 04 1ST LEVEL | H42: M30 | I42: 250 | J42: 600 | K42: 3089024 | L42: 600 | M42: 0.0825 | N42: 0 | O42: BEAM <25 mm> | P42: New Construction | Q42: B(d) - 250 X 550 | R42: 0.08 m³ | S42: Concrete-Rectangular Beam | T42: 6000 | U42: Structural Framing | V42: BEAM <25 mm> | W42: 6000 | X42: 550 | Y42: No | Z42: Other | AA42: 0 | AB42: 0.6 | AC42: 0 | AD42: 1 | AE42: RCC_BEAM | AF42: B13 | AG42: 04 1ST LEVEL | AH42: One or two joins disabled | AI42: Normal | AJ42: 5450 | AK42: Concrete-Rectangular Beam: B(d) - 250 X 550 | AL42: 1Yaf6MhzfD4f6xf1L8Ohxl | AN42: Uniform | AO42: By Type | AP42: 0.00°
A43: 3108941 | B43: 0 | C43: Left | D43: Top | E43: 4.9455 | F43: BEAM <25 mm> | G43: Level : 04 1ST LEVEL | H43: M30 | I43: 250 | J43: 6010 | K43: 3089024 | L43: 6010 | M43: 0.8264 | N43: 0 | O43: BEAM <25 mm> | P43: New Construction | Q43: B(d) - 250 X 550 | R43: 0.83 m³ | S43: Concrete-Rectangular Beam | T43: 6000 | U43: Structural Framing | V43: BEAM <25 mm> | W43: 6000 | X43: 550 | Y43: No | Z43: Other | AA43: 0 | AB43: 6.01 | AC43: 0 | AD43: 1 | AE43: RCC_BEAM | AF43: B14 | AG43: 04 1ST LEVEL | AH43: One or two joins disabled | AI43: Normal | AJ43: 5450 | AK43: Concrete-Rectangular Beam: B(d) - 250 X 550 | AL43: 1Yaf6MhzfD4f6xf1L8Ohxf | AN43: Uniform | AO43: By Type | AP43: 0.00°
A44: 3108943 | B44: 0 | C44: Left | D44: Top | E44: 1.0255 | F44: BEAM <25 mm> | G44: Level : 04 1ST LEVEL | H44: M30 | I44: 250 | J44: 1110 | K44: 3089024 | L44: 1110 | M44: 0.1526 | N44: 0 | O44: BEAM <25 mm> | P44: New Construction | Q44: B(d) - 250 X 550 | R44: 0.15 m³ | S44: Concrete-Rectangular Beam | T44: 6000 | U44: Structural Framing | V44: BEAM <25 mm> | W44: 6000 | X44: 550 | Y44: No | Z44: Other | AA44: 0 | AB44: 1.11 | AC44: 0 | AD44: 1 | AE44: RCC_BEAM | AF44: B17 | AG44: 04 1ST LEVEL | AH44: One or two joins disabled | AI44: Normal | AJ44: 5450 | AK44: Concrete-Rectangular Beam: B(d) - 250 X 550 | AL44: 1Yaf6MhzfD4f6xf1L8Ohxh | AN44: Uniform | AO44: By Type | AP44: 0.00°
A45: 3108945 | B45: 0 | C45: Right | D45: Top | E45: 1.535 | F45: BEAM <25 mm> | G45: Level : 04 1ST LEVEL | H45: M30 | I45: 200 | J45: 1900 | K45: 3089018 | L45: 1900 | M45: 0.209 | N45: 0 | O45: BEAM <25 mm> | P45: New Construction | Q45: B(a) - 200 X 550 | R45: 0.21 m³ | S45: Concrete-Rectangular Beam | T45: 6000 | U45: Structural Framing | V45: BEAM <25 mm> | W45: 6000 | X45: 550 | Y45: No | Z45: Other | AA45: 0 | AB45: 1.9 | AC45: 0 | AD45: 1 | AE45: RCC_BEAM | AF45: B16 | AG45: 04 1ST LEVEL | AH45: One or two joins disabled | AI45: Normal | AJ45: 5450 | AK45: Concrete-Rectangular Beam: B(a) - 200 X 550 | AL45: 1Yaf6MhzfD4f6xf1L8Ohxr | AN45: Uniform | AO45: By Type | AP45: 0.00°
A46: 3108947 | B46: 0 | C46: Left | D46: Top | E46: 1.4975 | F46: BEAM <25 mm> | G46: Level : 04 1ST LEVEL | H46: M30 | I46: 200 | J46: 1850 | K46: 3089018 | L46: 1850 | M46: 0.2035 | N46: 0 | O46: BEAM <25 mm> | P46: New Construction | Q46: B(a) - 200 X 550 | R46: 0.20 m³ | S46: Concrete-Rectangular Beam | T46: 6000 | U46: Structural Framing | V46: BEAM <25 mm> | W46: 6000 | X46: 550 | Y46: No | Z46: Other | AA46: 0 | AB46: 1.85 | AC46: 0 | AD46: 1 | AE46: RCC_BEAM | AF46: B48 | AG46: 04 1ST LEVEL | AH46: One or two joins disabled | AI46: Normal | AJ46: 5450 | AK46: Concrete-Rectangular Beam: B(a) - 200 X 550 | AL46: 1Yaf6MhzfD4f6xf1L8Ohxt | AN46: Uniform | AO46: By Type | AP46: 0.00°
... A54: 3108963 | B54: 0 | C54: Left | D54: Top | E54: 2.3975 | F54: BEAM <25 mm> | G54: Level : 04 1ST LEVEL | H54: M30 | I54: 200 | J54: 3050 | K54: 3089018 | L54: 3050 | M54: 0.3355 | N54: 0 | O54: BEAM <25 mm> | P54: New Construction | Q54: B(a) - 200 X 550 | R54: 0.34 m³ | S54: Concrete-Rectangular Beam | T54: 6000 | U54: Structural Framing | V54: BEAM <25 mm> | W54: 6000 | X54: 550 | Y54: No | Z54: Other | AA54: 0 | AB54: 3.05 | AC54: 0 | AD54: 1 | AE54: RCC_BEAM | AF54: B51 | AG54: 04 1ST LEVEL | AH54: One or two joins disabled | AI54: Normal | AJ54: 5450 | AK54: Concrete-Rectangular Beam: B(a) - 200 X 550 | AL54: 1Yaf6MhzfD4f6xf1L8Ohx7 | AN54: Uniform | AO54: By Type | AP54: 0.00°
A55: 3108965 | B55: 0 | C55: Right | D55: Top | E55: 2.96 | G55: Level : 04 1ST LEVEL | H55: M30 | I55: 200 | J55: 3800 | K55: 3089018 | L55: 3800 | M55: 0.418 | N55: 0 | O55: BEAM <25 mm> | P55: New Construction | Q55: B(a) - 200 X 550 | R55: 0.42 m³ | S55: Concrete-Rectangular Beam | T55: 6000 | U55: Structural Framing | V55: BEAM <25 mm> | W55: 6000 | X55: 550 | Y55: No | Z55: Other | AA55: 0 | AB55: 3.8 | AC55: 0 | AD55: 1 | AE55: RCC_BEAM | AF55: B20 | AG55: 04 1ST LEVEL | AH55: One or two joins disabled | AI55: Normal | AJ55: 5450 | AK55: Concrete-Rectangular Beam: B(a) - 200 X 550 | AL55: 1Yaf6MhzfD4f6xf1L8Ohx1 | AN55: Uniform | AO55: By Type | AP55: 0.00°
A56: 3108969 | B56: 0 | C56: Left | D56: Top | E56: 1.91 | F56: BEAM <25 mm> | G56: Level : 04 1ST LEVEL | H56: M30 | I56: 200 | J56: 2400 | K56: 3089018 | L56: 2400 | M56: 0.264 | N56: 0 | O56: BEAM <25 mm> | P56: New Construction | Q56: B(a) - 200 X 550 | R56: 0.26 m³ | S56: Concrete-Rectangular Beam | T56: 6000 | U56: Structural Framing | V56: BEAM <25 mm> | W56: 6000 | X56: 550 | Y56: No | Z56: Other | AA56: 0 | AB56: 2.4 | AC56: 0 | AD56: 1 | AE56: RCC_BEAM | AF56: B57 | AG56: 04 1ST LEVEL | AH56: One or two joins disabled | AI56: Normal | AJ56: 5450 | AK56: Concrete-Rectangular Beam: B(a) - 200 X 550 | AL56: 1Yaf6MhzfD4f6xf1L8OhxD | AN56: Uniform | AO56: By Type | AP56: 0.00°
A57: 3108971 | B57: 0 | C57: Left | D57: Top | E57: 1.91 | F57: BEAM <25 mm> | G57: Level : 04 1ST LEVEL | H57: M30 | I57: 200 | J57: 2400 | K57: 3089018 | L57: 2400 | M57: 0.264 | N57: 0 | O57: BEAM <25 mm> | P57: New Construction | Q57: B(a) - 200 X 550 | R57: 0.26 m³ | S57: Concrete-Rectangular Beam | T57: 6000 | U57: Structural Framing | V57: BEAM <25 mm> | W57: 6000 | X57: 550 | Y57: No | Z57: Other | AA57: 0 | AB57: 2.4 | AC57: 0 | AD57: 1 | AE57: RCC_BEAM | AF57: B53 | AG57: 04 1ST LEVEL | AH57: One or two joins disabled | AI57: Normal | AJ57: 5450 | AK57: Concrete-Rectangular Beam: B(a) - 200 X 550 | AL57: 1Yaf6MhzfD4f6xf1L8OhxF | AN57: Uniform | AO57: By Type | AP57: 0.00°
A58: 3108973 | B58: 0 | C58: Right | D58: Top | E58: 3.98 | F58: BEAM <25 mm> | G58: Level : 04 1ST LEVEL | H58: M30 | I58: 200 | J58: 5160 | K58: 3089018 | L58: 5160 | M58: 0.5676 | N58: 0 | O58: BEAM <25 mm> | P58: New Construction | Q58: B(a) - 200 X 550 | R58: 0.57 m³ | S58: Concrete-Rectangular Beam | T58: 6000 | U58: Structural Framing | V58: BEAM <25 mm> | W58: 6000 | X58: 550 | Y58: No | Z58: Other | AA58: 0 | AB58: 5.16 | AC58: 0 | AD58: 1 | AE58: RCC_BEAM | AF58: B24 | AG58: 04 1ST LEVEL | AH58: One or two joins disabled | AI58: Normal | AJ58: 5450 | AK58: Concrete-Rectangular Beam: B(a) - 200 X 550 | AL58: 1Yaf6MhzfD4f6xf1L8Ohx9 | AN58: Uniform | AO58: By Type | AP58: 0.00°
A59: 3108975 | B59: 0 | C59: Left | D59: Top | E59: 1.535 | F59: BEAM <25 mm> | G59: Level : 04 1ST LEVEL | H59: M30 | I59: 200 | J59: 1900 | K59: 3089018 | L59: 1900 | M59: 0.209 | N59: 0 | O59: BEAM <25 mm> | P59: New Construction | Q59: B(a) - 200 X 550 | R59: 0.21 m³ | S59: Concrete-Rectangular Beam | T59: 6000 | U59: Structural Framing | V59: BEAM <25 mm> | W59: 6000 | X59: 550 | Y59: No | Z59: Other | AA59: 0 | AB59: 1.9 | AC59: 0 | AD59: 1 | AE59: RCC_BEAM | AF59: B35 | AG59: 04 1ST LEVEL | AH59: One or two joins disabled | AI59: Normal | AJ59: 5450 | AK59: Concrete-Rectangular Beam: B(a) - 200 X 550 | AL59: 1Yaf6MhzfD4f6xf1L8OhxB | AN59: Uniform | AO59: By Type | AP59: 0.00°
A60: 3108977 | B60: 0 | C60: Left | D60: Top | E60: 1.91 | G60: Level : 04 1ST LEVEL | H60: M30 | I60: 200 | J60: 2400 | K60: 3089018 | L60: 2400 | M60: 0.264 | N60: 0 | O60: BEAM <25 mm> | P60: New Construction | Q60: B(a) - 200 X 550 | R60: 0.26 m³ | S60: Concrete-Rectangular Beam | T60: 6000 | U60: Structural Framing | V60: BEAM <25 mm> | W60: 6000 | X60: 550 | Y60: No | Z60: Other | AA60: 0 | AB60: 2.4 | AC60: 0 | AD60: 1 | AE60: RCC_BEAM | AF60: B56 | AG60: 04 1ST LEVEL | AH60: One or two joins disabled | AI60: Normal | AJ60: 5450 | AK60: Concrete-Rectangular Beam: B(a) - 200 X 550 | AL60: 1Yaf6MhzfD4f6xf1L8OhxL | AN60: Uniform | AO60: By Type | AP60: 0.00°
A61: 3108979 | B61: 0 | C61: Right | D61: Top | E61: 1.91 | F61: BEAM <25 mm> | G61: Level : 04 1ST LEVEL | H61: M30 | I61: 200 | J61: 2400 | K61: 3089018 | L61: 2400 | M61: 0.264 | N61: 0 | O61: BEAM <25 mm> | P61: New Construction | Q61: B(a) - 200 X 550 | R61: 0.26 m³ | S61: Concrete-Rectangular Beam | T61: 6000 | U61: Structural Framing | V61: BEAM <25 mm> | W61: 6000 | X61: 550 | Y61: No | Z61: Other | AA61: 0 | AB61: 2.4 | AC61: 0 | AD61: 1 | AE61: RCC_BEAM | AF61: B22 | AG61: 04 1ST LEVEL | AH61: One or two joins disabled | AI61: Normal | AJ61: 5450 | AK61: Concrete-Rectangular Beam: B(a) - 200 X 550 | AL61: 1Yaf6MhzfD4f6xf1L8OhxN | AN61: Uniform | AO61: By Type | AP61: 0.00°
A62: 3108981 | B62: 0 | C62: Left | D62: Top | E62: 1.2275 | F62: BEAM <25 mm> | G62: Level : 04 1ST LEVEL | H62: M30 | I62: 300 | J62: 1250 | K62: 3089020 | L62: 1250 | M62: 0.2063 | N62: 0 | O62: BEAM <25 mm> | P62: New Construction | Q62: B(b) - 300 X 550 | R62: 0.21 m³ | S62: Concrete-Rectangular Beam | T62: 6000 | U62: Structural Framing | V62: BEAM <25 mm> | W62: 6000 | X62: 550 | Y62: No | Z62: Other | AA62: 0 | AB62: 1.25 | AC62: 0 | AD62: 1 | AE62: RCC_BEAM | AF62: B59 | AG62: 04 1ST LEVEL | AH62: One or two joins disabled | AI62: Normal | AJ62: 5450 | AK62: Concrete-Rectangular Beam: B(b) - 300 X 550 | AL62: 1Yaf6MhzfD4f6xf1L8OhxH | AN62: Uniform | AO62: By Type | AP62: 0.00°
A63: 3108983 | B63: 0 | C63: Right | D63: Top | E63: 8.2485 | F63: BEAM <25 mm> | G63: Level : 04 1ST LEVEL | H63: M30 | I63: 300 | J63: 9510 | K63: 3089020 | L63: 9510 | M63: 1.5692 | N63: 0 | O63: BEAM <25 mm> | P63: New Construction | Q63: B(b) - 300 X 550 | R63: 1.57 m³ | S63: Concrete-Rectangular Beam | T63: 6000 | U63: Structural Framing | V63: BEAM <25 mm> | W63: 6000 | X63: 550 | Y63: No | Z63: Other | AA63: 0 | AB63: 9.51 | AC63: 0 | AD63: 1 | AE63: RCC_BEAM | AF63: B27 | AG63: 04 1ST LEVEL | AH63: One or two joins disabled | AI63: Normal | AJ63: 5450 | AK63: Concrete-Rectangular Beam: B(b) - 300 X 550 | AL63: 1Yaf6MhzfD4f6xf1L8OhxJ | AN63: Uniform | AO63: By Type | AP63: 0.00°
A64: 3108987 | B64: 0 | C64: Right | D64: Top | E64: 1.985 | G64: Level : 04 1ST LEVEL | H64: M30 | I64: 200 | J64: 2500 | K64: 3089018 | L64: 2500 | M64: 0.275 | N64: 0 | O64: BEAM <25 mm> | P64: New Construction | Q64: B(a) - 200 X 550 | R64: 0.28 m³ | S64: Concrete-Rectangular Beam | T64: 6000 | U64: Structural Framing | V64: BEAM <25 mm> | W64: 6000 | X64: 550 | Y64: No | Z64: Other | AA64: 0 | AB64: 2.5 | AC64: 0 | AD64: 1 | AE64: RCC_BEAM | AF64: B49 | AG64: 04 1ST LEVEL | AH64: One or two joins disabled | AI64: Normal | AJ64: 5450 | AK64: Concrete-Rectangular Beam: B(a) - 200 X 550 | AL64: 1Yaf6MhzfD4f6xf1L8OhxV | AN64: Uniform | AO64: By Type | AP64: 0.00°
A65: 3108989 | B65: 0 | C65: Right | D65: Top | E65: 6.965 | F65: BEAM <25 mm> | G65: Level : 04 1ST LEVEL | H65: M30 | I65: 300 | J65: 8000 | K65: 3089020 | L65: 8000 | M65: 1.32 | N65: 0 | O65: BEAM <25 mm> | P65: New Construction | Q65: B(b) - 300 X 550 | R65: 1.32 m³ | S65: Concrete-Rectangular Beam | T65: 6000 | U65: Structural Framing | V65: BEAM <25 mm> | W65: 6000 | X65: 550 | Y65: No | Z65: Other | AA65: 0 | AB65: 8 | AC65: 0 | AD65: 1 | AE65: RCC_BEAM | AF65: B26 | AG65: 04 1ST LEVEL | AH65: One or two joins disabled | AI65: Normal | AJ65: 5450 | AK65: Concrete-Rectangular Beam: B(b) - 300 X 550 | AL65: 1Yaf6MhzfD4f6xf1L8OhxP | AN65: Uniform | AO65: By Type | AP65: 0.00°
A66: 3108991 | B66: 0 | C66: Right | D66: Top | E66: 0.8225 | F66: BEAM <25 mm> | G66: Level : 04 1ST LEVEL | H66: M30 | I66: 200 | J66: 950 | K66: 3089018 | L66: 950 | M66: 0.1045 | N66: 0 | O66: BEAM <25 mm> | P66: New Construction | Q66: B(a) - 200 X 550 | R66: 0.10 m³ | S66: Concrete-Rectangular Beam | T66: 6000 | U66: Structural Framing | V66: BEAM <25 mm> | W66: 6000 | X66: 550 | Y66: No | Z66: Other | AA66: 0 | AB66: 0.95 | AC66: 0 | AD66: 1 | AE66: RCC_BEAM | AF66: B43A | AG66: 04 1ST LEVEL | AH66: One or two joins disabled | AI66: Normal | AJ66: 5450 | AK66: Concrete-Rectangular Beam: B(a) - 200 X 550 | AL66: 1Yaf6MhzfD4f6xf1L8OhxR | AN66: Uniform | AO66: By Type | AP66: 0.00°
A67: 3108993 | B67: 0 | C67: Left | D67: Top | E67: 3.485 | F67: BEAM <25 mm> | G67: Level : 04 1ST LEVEL | H67: M30 | I67: 200 | J67: 4500 | K67: 3089018 | L67: 4500 | M67: 0.495 | N67: 0 | O67: BEAM <25 mm> | P67: New Construction | Q67: B(a) - 200 X 550 | R67: 0.50 m³ | S67: Concrete-Rectangular Beam | T67: 6000 | U67: Structural Framing | V67: BEAM <25 mm> | W67: 6000 | X67: 550 | Y67: No | Z67: Other | AA67: 0 | AB67: 4.5 | AC67: 0 | AD67: 1 | AE67: RCC_BEAM | AF67: B45 | AG67: 04 1ST LEVEL | AH67: One or two joins disabled | AI67: Normal | AJ67: 5450 | AK67: Concrete-Rectangular Beam: B(a) - 200 X 550 | AL67: 1Yaf6MhzfD4f6xf1L8Ohub | AN67: Uniform | AO67: By Type | AP67: 0.00°
A68: 3108995 | B68: 0 | C68: Right | D68: Top | E68: 13.734 | F68: BEAM <25 mm> | G68: Level : 04 1ST LEVEL | H68: M30 | I68: 900 | J68: 5160 | K68: 3089022 | L68: 5160 | M68: 6.966 | N68: 0 | O68: BEAM <25 mm> | P68: New Construction | Q68: B(c) - 900 X 1500 | R68: 6.97 m³ | S68: Concrete-Rectangular Beam | T68: 6000 | U68: Structural Framing | V68: BEAM <25 mm> | W68: 6000 | X68: 1500 | Y68: No | Z68: Other | AA68: 0 | AB68: 5.16 | AC68: 0 | AD68: 1 | AE68: RCC_BEAM | AF68: GB1 | AG68: 04 1ST LEVEL | AH68: One or two joins disabled | AI68: Normal | AJ68: 4500 | AK68: Concrete-Rectangular Beam: B(c) - 900 X 1500 | AL68: 1Yaf6MhzfD4f6xf1L8Ohud | AN68: Uniform | AO68: By Type | AP68: 0.00°
A69: 3108997 | B69: 0 | C69: Right | D69: Top | E69: 1.2275 | F69: BEAM <25 mm> | G69: Level : 04 1ST LEVEL | H69: M30 | I69: 300 | J69: 1250 | K69: 3089020 | L69: 1250 | M69: 0.2063 | N69: 0 | O69: BEAM <25 mm> | P69: New Construction | Q69: B(b) - 300 X 550 | R69: 0.21 m³ | S69: Concrete-Rectangular Beam | T69: 6000 | U69: Structural Framing | V69: BEAM <25 mm> | W69: 6000 | X69: 550 | Y69: No | Z69: Other | AA69: 0 | AB69: 1.25 | AC69: 0 | AD69: 1 | AE69: RCC_BEAM | AF69: B40 | AG69: 04 1ST LEVEL | AH69: One or two joins disabled | AI69: Normal | AJ69: 5450 | AK69: Concrete-Rectangular Beam: B(b) - 300 X 550 | AL69: 1Yaf6MhzfD4f6xf1L8OhuX | AN69: Uniform | AO69: By Type | AP69: 0.00°
A70: 3108999 | B70: 0 | C70: Left | D70: Top | E70: 3.2175 | F70: BEAM <25 mm> | G70: Level : 04 1ST LEVEL | H70: M30 | I70: 250 | J70: 3850 | K70: 3089024 | L70: 3850 | M70: 0.5294 | N70: 0 | O70: BEAM <25 mm> | P70: New Construction | Q70: B(d) - 250 X 550 | R70: 0.53 m³ | S70: Concrete-Rectangular Beam | T70: 6000 | U70: Structural Framing | V70: BEAM <25 mm> | W70: 6000 | X70: 550 | Y70: No | Z70: Other | AA70: 0 | AB70: 3.85 | AC70: 0 | AD70: 1 | AE70: RCC_BEAM | AF70: B41 | AG70: 04 1ST LEVEL | AH70: One or two joins disabled | AI70: Normal | AJ70: 5450 | AK70: Concrete-Rectangular Beam: B(d) - 250 X 550 | AL70: 1Yaf6MhzfD4f6xf1L8OhuZ | AN70: Uniform | AO70: By Type | AP70: 0.00°
A71: 3109001 | B71: 0 | C71: Right | D71: Top | E71: 2.9975 | G71: Level : 04 1ST LEVEL | H71: M30 | I71: 200 | J71: 3850 | K71: 3089018 | L71: 3850 | M71: 0.4235 | N71: 0 | O71: BEAM <25 mm> | P71: New Construction | Q71: B(a) - 200 X 550 | R71: 0.42 m³ | S71: Concrete-Rectangular Beam | T71: 6000 | U71: Structural Framing | V71: BEAM <25 mm> | W71: 6000 | X71: 550 | Y71: No | Z71: Other | AA71: 0 | AB71: 3.85 | AC71: 0 | AD71: 1 | AE71: RCC_BEAM | AF71: B29 | AG71: 04 1ST LEVEL | AH71: One or two joins disabled | AI71: Normal | AJ71: 5450 | AK71: Concrete-Rectangular Beam: B(a) - 200 X 550 | AL71: 1Yaf6MhzfD4f6xf1L8Ohuj | AN71: Uniform | AO71: By Type | AP71: 0.00°
A72: 3109003 | B72: 0 | C72: Right | D72: Top | E72: 3.11 | F72: BEAM <25 mm> | G72: Level : 04 1ST LEVEL | H72: M30 | I72: 200 | J72: 4000 | K72: 3089018 | L72: 4000 | M72: 0.44 | N72: 0 | O72: BEAM <25 mm> | P72: New Construction | Q72: B(a) - 200 X 550 | R72: 0.44 m³ | S72: Concrete-Rectangular Beam | T72: 6000 | U72: Structural Framing | V72: BEAM <25 mm> | W72: 6000 | X72: 550 | Y72: No | Z72: Other | AA72: 0 | AB72: 4 | AC72: 0 | AD72: 1 | AE72: RCC_BEAM | AF72: B23 | AG72: 04 1ST LEVEL | AH72: One or two joins disabled | AI72: Normal | AJ72: 5450 | AK72: Concrete-Rectangular Beam: B(a) - 200 X 550 | AL72: 1Yaf6MhzfD4f6xf1L8Ohul | AN72: Uniform | AO72: By Type | AP72: 0.00°
A73: 3109005 | B73: 0 | C73: Right | D73: Top | E73: 0.7575 | F73: BEAM <25 mm> | G73: Level : 04 1ST LEVEL | H73: M30 | I73: 200 | J73: 1250 | K73: 3089028 | L73: 1250 | M73: 0.0875 | N73: -200 | O73: BEAM <25 mm> | P73: New Construction | Q73: B(f) - 200 X 350 | R73: 0.09 m³ | S73: Concrete-Rectangular Beam | T73: 6000 | U73: Structural Framing | V73: BEAM <25 mm> | W73: 5800 | X73: 350 | Y73: No | Z73: Other | AA73: 0 | AB73: 1.25 | AC73: 0 | AD73: 1 | AE73: RCC_BEAM | AF73: B33 | AG73: 04 1ST LEVEL | AH73: One or two joins disabled | AI73: Normal | AJ73: 5450 | AK73: Concrete-Rectangular Beam: B(f) - 200 X 350 | AL73: 1Yaf6MhzfD4f6xf1L8Ohuf | AN73: Uniform | AO73: By Type | AP73: 0.00°
A74: 3120043 | B74: 0 | C74: Left | D74: Top | E74: 0.56 | F74: BEAM <25 mm> | G74: Level : 05 2ND LEVEL | H74: M30 | I74: 200 | J74: 600 | K74: 3089018 | L74: 600 | M74: 0.066 | N74: 0 | O74: BEAM <25 mm> | P74: New Construction | Q74: B(a) - 200 X 550 | R74: 0.07 m³ | S74: Concrete-Rectangular Beam | T74: 8950 | U74: Structural Framing | V74: BEAM <25 mm> | W74: 8950 | X74: 550 | Y74: No | Z74: Other | AA74: 0 | AB74: 0.6 | AC74: 0 | AD74: 1 | AE74: RCC_BEAM | AF74: B44 | AG74: 05 2ND LEVEL | AH74: One or two joins disabled | AI74: Normal | AJ74: 8400 | AK74: Concrete-Rectangular Beam: B(a) - 200 X 550 | AL74: 04OWjS4_XFfvTcATeW4r4q | AN74: Uniform | AO74: By Type | AP74: 0.00°
A75: 3120045 | B75: 0 | C75: Right | D75: Top | E75: 1.9475 | F75: BEAM <25 mm> | G75: Level : 05 2ND LEVEL | H75: M30 | I75: 200 | J75: 2450 | K75: 3089018 | L75: 2450 | M75: 0.2695 | N75: 0 | O75: BEAM <25 mm> | P75: New Construction | Q75: B(a) - 200 X 550 | R75: 0.27 m³ | S75: Concrete-Rectangular Beam | T75: 8950 | U75: Structural Framing | V75: BEAM <25 mm> | W75: 8950 | X75: 550 | Y75: No | Z75: Other | AA75: 0 | AB75: 2.45 | AC75: 0 | AD75: 1 | AE75: RCC_BEAM | AF75: B1 | AG75: 05 2ND LEVEL | AH75: One or two joins disabled | AI75: Normal | AJ75: 8400 | AK75: Concrete-Rectangular Beam: B(a) - 200 X 550 | AL75: 04OWjS4_XFfvTcATeW4r4o | AN75: Uniform | AO75: By Type | AP75: 0.00°
A76: 3120047 | B76: 0 | C76: Right | D76: Top | E76: 0.56 | F76: BEAM <25 mm> | G76: Level : 05 2ND LEVEL | H76: M30 | I76: 200 | J76: 600 | K76: 3089018 | L76: 600 | M76: 0.066 | N76: 0 | O76: BEAM <25 mm> | P76: New Construction | Q76: B(a) - 200 X 550 | R76: 0.07 m³ | S76: Concrete-Rectangular Beam | T76: 8950 | U76: Structural Framing | V76: BEAM <25 mm> | W76: 8950 | X76: 550 | Y76: No | Z76: Other | AA76: 0 | AB76: 0.6 | AC76: 0 | AD76: 1 | AE76: RCC_BEAM | AF76: B37 | AG76: 05 2ND LEVEL | AH76: One or two joins disabled | AI76: Normal | AJ76: 8400 | AK76: Concrete-Rectangular Beam: B(a) - 200 X 550 | AL76: 04OWjS4_XFfvTcATeW4r4m | AN76: Uniform | AO76: By Type | AP76: 0.00°
A77: 3120049 | B77: 0 | C77: Right | D77: Top | E77: 0.2925 | F77: BEAM <25 mm> | G77: Level : 05 2ND LEVEL | H77: M30 | I77: 300 | J77: 150 | K77: 3089020 | L77: 150 | M77: 0.0247 | N77: 0 | O77: BEAM <25 mm> | P77: New Construction | Q77: B(b) - 300 X 550 | R77: 0.02 m³ | S77: Concrete-Rectangular Beam | T77: 8950 | U77: Structural Framing | V77: BEAM <25 mm> | W77: 8950 | X77: 550 | Y77: No | Z77: Other | AA77: 0 | AB77: 0.15 | AC77: 0 | AD77: 1 | AE77: RCC_BEAM | AF77: B2A | AG77: 05 2ND LEVEL | AH77: One or two joins disabled | AI77: Normal | AJ77: 8400 | AK77: Concrete-Rectangular Beam: B(b) - 300 X 550 | AL77: 04OWjS4_XFfvTcATeW4r4k | AN77: Uniform | AO77: By Type | AP77: 0.00°
A78: 3120051 | B78: 0 | C78: Left | D78: Top | E78: 0.2925 | F78: BEAM <25 mm> | G78: Level : 05 2ND LEVEL | H78: M30 | I78: 300 | J78: 150 | K78: 3089020 | L78: 150 | M78: 0.0248 | N78: 0 | O78: BEAM <25 mm> | P78: New Construction | Q78: B(b) - 300 X 550 | R78: 0.02 m³ | S78: Concrete-Rectangular Beam | T78: 8950 | U78: Structural Framing | V78: BEAM <25 mm> | W78: 8950 | X78: 550 | Y78: No | Z78: Other | AA78: 0 | AB78: 0.15 | AC78: 0 | AD78: 1 | AE78: RCC_BEAM | AF78: B2A | AG78: 05 2ND LEVEL | AH78: One or two joins disabled | AI78: Normal | AJ78: 8400 | AK78: Concrete-Rectangular Beam: B(b) - 300 X 550 | AL78: 04OWjS4_XFfvTcATeW4r4i | AN78: Uniform | AO78: By Type | AP78: 0.00°
A79: 3120053 | B79: 0 | C79: Right | D79: Top | E79: 2.885 | F79: BEAM <25 mm> | G79: Level : 05 2ND LEVEL | H79: M30 | I79: 200 | J79: 3700 | K79: 3089018 | L79: 3700 | M79: 0.407 | N79: 0 | O79: BEAM <25 mm> | P79: New Construction | Q79: B(a) - 200 X 550 | R79: 0.41 m³ | S79: Concrete-Rectangular Beam | T79: 8950 | U79: Structural Framing | V79: BEAM <25 mm> | W79: 8950 | X79: 550 | Y79: No | Z79: Other | AA79: 0 | AB79: 3.7 | AC79: 0 | AD79: 1 | AE79: RCC_BEAM | AF79: B32 | AG79: 05 2ND LEVEL | AH79: One or two joins disabled | AI79: Normal | AJ79: 8400 | AK79: Concrete-Rectangular Beam: B(a) - 200 X 550 | AL79: 04OWjS4_XFfvTcATeW4r4g | AN79: Uniform | AO79: By Type | AP79: 0.00°
A80: 3120055 | B80: 0 | C80: Right | D80: Top | E80: 0.785 | F80: BEAM <25 mm> | G80: Level : 05 2ND LEVEL | H80: M30 | I80: 200 | J80: 900 | K80: 3089018 | L80: 900 | M80: 0.099 | N80: 0 | O80: BEAM <25 mm> | P80: New Construction | Q80: B(a) - 200 X 550 | R80: 0.10 m³ | S80: Concrete-Rectangular Beam | T80: 8950 | U80: Structural Framing | V80: BEAM <25 mm> | W80: 8950 | X80: 550 | Y80: No | Z80: Other | AA80: 0 | AB80: 0.9 | AC80: 0 | AD80: 1 | AE80: RCC_BEAM | AF80: B6 | AG80: 05 2ND LEVEL | AH80: One or two joins disabled | AI80: Normal | AJ80: 8400 | AK80: Concrete-Rectangular Beam: B(a) - 200 X 550 | AL80: 04OWjS4_XFfvTcATeW4r4e | AN80: Uniform | AO80: By Type | AP80: 0.00°
A81: 3120057 | B81: 0 | C81: Right | D81: Top | E81: 0.6325 | F81: BEAM <25 mm> | G81: Level : 05 2ND LEVEL | H81: M30 | I81: 300 | J81: 550 | K81: 3089020 | L81: 550 | M81: 0.0908 | N81: 0 | O81: BEAM <25 mm> | P81: New Construction | Q81: B(b) - 300 X 550 | R81: 0.09 m³ | S81: Concrete-Rectangular Beam | T81: 8950 | U81: Structural Framing | V81: BEAM <25 mm> | W81: 8950 | X81: 550 | Y81: No | Z81: Other | AA81: 0 | AB81: 0.55 | AC81: 0 | AD81: 1 | AE81: RCC_BEAM | AF81: B3 | AG81: 05 2ND LEVEL | AH81: One or two joins disabled | AI81: Normal | AJ81: 8400 | AK81: Concrete-Rectangular Beam: B(b) - 300 X 550 | AL81: 04OWjS4_XFfvTcATeW4r4c | AN81: Uniform | AO81: By Type | AP81: 0.00°
A82: 3120059 | B82: 0 | C82: Left | D82: Top | E82: 7.39 | F82: BEAM <25 mm> | G82: Level : 05 2ND LEVEL | H82: M30 | I82: 300 | J82: 8500 | K82: 3089020 | L82: 8500 | M82: 1.4025 | N82: 0 | O82: BEAM <25 mm> | P82: New Construction | Q82: B(b) - 300 X 550 | R82: 1.40 m³ | S82: Concrete-Rectangular Beam | T82: 8950 | U82: Structural Framing | V82: BEAM <25 mm> | W82: 8950 | X82: 550 | Y82: No | Z82: Other | AA82: 0 | AB82: 8.5 | AC82: 0 | AD82: 1 | AE82: RCC_BEAM | AF82: B2 | AG82: 05 2ND LEVEL | AH82: One or two joins disabled | AI82: Normal | AJ82: 8400 | AK82: Concrete-Rectangular Beam: B(b) - 300 X 550 | AL82: 04OWjS4_XFfvTcATeW4r4a | AN82: Uniform | AO82: By Type | AP82: 0.00°
A83: 3120061 | B83: 0 | C83: Left | D83: Top | E83: 3.4475 | F83: BEAM <25 mm> | G83: Level : 05 2ND LEVEL | H83: M30 | I83: 200 | J83: 4450 | K83: 3089018 | L83: 4450 | M83: 0.4895 | N83: 0 | O83: BEAM <25 mm> | P83: New Construction | Q83: B(a) - 200 X 550 | R83: 0.49 m³ | S83: Concrete-Rectangular Beam | T83: 8950 | U83: Structural Framing | V83: BEAM <25 mm> | W83: 8950 | X83: 550 | Y83: No | Z83: Other | AA83: 0 | AB83: 4.45 | AC83: 0 | AD83: 1 | AE83: RCC_BEAM | AF83: B51 | AG83: 05 2ND LEVEL | AH83: One or two joins disabled | AI83: Normal | AJ83: 8400 | AK83: Concrete-Rectangular Beam: B(a) - 200 X 550 | AL83: 04OWjS4_XFfvTcATeW4r4Y | AN83: Uniform | AO83: By Type | AP83: 0.00°
... A91: 3120079 | B91: 0 | C91: Right | D91: Top | E91: 1.0475 | F91: BEAM <25 mm> | G91: Level : 05 2ND LEVEL | H91: M30 | I91: 200 | J91: 1250 | K91: 3089018 | L91: 1250 | M91: 0.1375 | N91: 0 | O91: BEAM <25 mm> | P91: New Construction | Q91: B(a) - 200 X 550 | R91: 0.14 m³ | S91: Concrete-Rectangular Beam | T91: 8950 | U91: Structural Framing | V91: BEAM <25 mm> | W91: 8950 | X91: 550 | Y91: No | Z91: Other | AA91: 0 | AB91: 1.25 | AC91: 0 | AD91: 1 | AE91: RCC_BEAM | AF91: B28 | AG91: 05 2ND LEVEL | AH91: One or two joins disabled | AI91: Normal | AJ91: 8400 | AK91: Concrete-Rectangular Beam: B(a) - 200 X 550 | AL91: 04OWjS4_XFfvTcATeW4r5G | AN91: Uniform | AO91: By Type | AP91: 0.00°
A92: 3120081 | B92: 0 | C92: Left | D92: Top | E92: 0.785 | G92: Level : 05 2ND LEVEL | H92: M30 | I92: 200 | J92: 900 | K92: 3089018 | L92: 900 | M92: 0.099 | N92: 0 | O92: BEAM <25 mm> | P92: New Construction | Q92: B(a) - 200 X 550 | R92: 0.10 m³ | S92: Concrete-Rectangular Beam | T92: 8950 | U92: Structural Framing | V92: BEAM <25 mm> | W92: 8950 | X92: 550 | Y92: No | Z92: Other | AA92: 0 | AB92: 0.9 | AC92: 0 | AD92: 1 | AE92: RCC_BEAM | AF92: B10 | AG92: 05 2ND LEVEL | AH92: One or two joins disabled | AI92: Normal | AJ92: 8400 | AK92: Concrete-Rectangular Beam: B(a) - 200 X 550 | AL92: 04OWjS4_XFfvTcATeW4r5E | AN92: Uniform | AO92: By Type | AP92: 0.00°
A93: 3120083 | B93: 0 | C93: Left | D93: Top | E93: 1.1085 | F93: BEAM <25 mm> | G93: Level : 05 2ND LEVEL | H93: M30 | I93: 300 | J93: 1110 | K93: 3089020 | L93: 1110 | M93: 0.1832 | N93: 0 | O93: BEAM <25 mm> | P93: New Construction | Q93: B(b) - 300 X 550 | R93: 0.18 m³ | S93: Concrete-Rectangular Beam | T93: 8950 | U93: Structural Framing | V93: BEAM <25 mm> | W93: 8950 | X93: 550 | Y93: No | Z93: Other | AA93: 0 | AB93: 1.11 | AC93: 0 | AD93: 1 | AE93: RCC_BEAM | AF93: B12 | AG93: 05 2ND LEVEL | AH93: One or two joins disabled | AI93: Normal | AJ93: 8400 | AK93: Concrete-Rectangular Beam: B(b) - 300 X 550 | AL93: 04OWjS4_XFfvTcATeW4r5C | AN93: Uniform | AO93: By Type | AP93: 0.00°
A94: 3120085 | B94: 0 | C94: Left | D94: Top | E94: 1.0475 | F94: BEAM <25 mm> | G94: Level : 05 2ND LEVEL | H94: M30 | I94: 200 | J94: 1250 | K94: 3089018 | L94: 1250 | M94: 0.1375 | N94: 0 | O94: BEAM <25 mm> | P94: New Construction | Q94: B(a) - 200 X 550 | R94: 0.14 m³ | S94: Concrete-Rectangular Beam | T94: 8950 | U94: Structural Framing | V94: BEAM <25 mm> | W94: 8950 | X94: 550 | Y94: No | Z94: Other | AA94: 0 | AB94: 1.25 | AC94: 0 | AD94: 1 | AE94: RCC_BEAM | AF94: B54 | AG94: 05 2ND LEVEL | AH94: One or two joins disabled | AI94: Normal | AJ94: 8400 | AK94: Concrete-Rectangular Beam: B(a) - 200 X 550 | AL94: 04OWjS4_XFfvTcATeW4r5A | AN94: Uniform | AO94: By Type | AP94: 0.00°
A95: 3120087 | B95: 0 | C95: Right | D95: Top | E95: 2.285 | F95: BEAM <25 mm> | G95: Level : 05 2ND LEVEL | H95: M30 | I95: 200 | J95: 2900 | K95: 3089018 | L95: 2900 | M95: 0.319 | N95: 0 | O95: BEAM <25 mm> | P95: New Construction | Q95: B(a) - 200 X 550 | R95: 0.32 m³ | S95: Concrete-Rectangular Beam | T95: 8950 | U95: Structural Framing | V95: BEAM <25 mm> | W95: 8950 | X95: 550 | Y95: No | Z95: Other | AA95: 0 | AB95: 2.9 | AC95: 0 | AD95: 1 | AE95: RCC_BEAM | AF95: B31 | AG95: 05 2ND LEVEL | AH95: One or two joins disabled | AI95: Normal | AJ95: 8400 | AK95: Concrete-Rectangular Beam: B(a) - 200 X 550 | AL95: 04OWjS4_XFfvTcATeW4r58 | AN95: Uniform | AO95: By Type | AP95: 0.00°
A96: 3120089 | B96: 0 | C96: Left | D96: Top | E96: 4.2575 | F96: BEAM <25 mm> | G96: Level : 05 2ND LEVEL | H96: M30 | I96: 250 | J96: 5150 | K96: 3089024 | L96: 5150 | M96: 0.7081 | N96: 0 | O96: BEAM <25 mm> | P96: New Construction | Q96: B(d) - 250 X 550 | R96: 0.71 m³ | S96: Concrete-Rectangular Beam | T96: 8950 | U96: Structural Framing | V96: BEAM <25 mm> | W96: 8950 | X96: 550 | Y96: No | Z96: Other | AA96: 0 | AB96: 5.15 | AC96: 0 | AD96: 1 | AE96: RCC_BEAM | AF96: B53 | AG96: 05 2ND LEVEL | AH96: One or two joins disabled | AI96: Normal | AJ96: 8400 | AK96: Concrete-Rectangular Beam: B(d) - 250 X 550 | AL96: 04OWjS4_XFfvTcATeW4r56 | AN96: Uniform | AO96: By Type | AP96: 0.00°
A97: 3120091 | B97: 0 | C97: Left | D97: Top | E97: 0.6175 | F97: BEAM <25 mm> | G97: Level : 05 2ND LEVEL | H97: M30 | I97: 250 | J97: 600 | K97: 3089024 | L97: 600 | M97: 0.0825 | N97: 0 | O97: BEAM <25 mm> | P97: New Construction | Q97: B(d) - 250 X 550 | R97: 0.08 m³ | S97: Concrete-Rectangular Beam | T97: 8950 | U97: Structural Framing | V97: BEAM <25 mm> | W97: 8950 | X97: 550 | Y97: No | Z97: Other | AA97: 0 | AB97: 0.6 | AC97: 0 | AD97: 1 | AE97: RCC_BEAM | AF97: B13 | AG97: 05 2ND LEVEL | AH97: One or two joins disabled | AI97: Normal | AJ97: 8400 | AK97: Concrete-Rectangular Beam: B(d) - 250 X 550 | AL97: 04OWjS4_XFfvTcATeW4r54 | AN97: Uniform | AO97: By Type | AP97: 0.00°
A98: 3120093 | B98: 0 | C98: Left | D98: Top | E98: 4.9455 | F98: BEAM <25 mm> | G98: Level : 05 2ND LEVEL | H98: M30 | I98: 250 | J98: 6010 | K98: 3089024 | L98: 6010 | M98: 0.8264 | N98: 0 | O98: BEAM <25 mm> | P98: New Construction | Q98: B(d) - 250 X 550 | R98: 0.83 m³ | S98: Concrete-Rectangular Beam | T98: 8950 | U98: Structural Framing | V98: BEAM <25 mm> | W98: 8950 | X98: 550 | Y98: No | Z98: Other | AA98: 0 | AB98: 6.01 | AC98: 0 | AD98: 1 | AE98: RCC_BEAM | AF98: B14 | AG98: 05 2ND LEVEL | AH98: One or two joins disabled | AI98: Normal | AJ98: 8400 | AK98: Concrete-Rectangular Beam: B(d) - 250 X 550 | AL98: 04OWjS4_XFfvTcATeW4r52 | AN98: Uniform | AO98: By Type | AP98: 0.00°
A99: 3120095 | B99: 0 | C99: Left | D99: Top | E99: 1.0255 | G99: Level : 05 2ND LEVEL | H99: M30 | I99: 250 | J99: 1110 | K99: 3089024 | L99: 1110 | M99: 0.1526 | N99: 0 | O99: BEAM <25 mm> | P99: New Construction | Q99: B(d) - 250 X 550 | R99: 0.15 m³ | S99: Concrete-Rectangular Beam | T99: 8950 | U99: Structural Framing | V99: BEAM <25 mm> | W99: 8950 | X99: 550 | Y99: No | Z99: Other | AA99: 0 | AB99: 1.11 | AC99: 0 | AD99: 1 | AE99: RCC_BEAM | AF99: B17 | AG99: 05 2ND LEVEL | AH99: One or two joins disabled | AI99: Normal | AJ99: 8400 | AK99: Concrete-Rectangular Beam: B(d) - 250 X 550 | AL99: 04OWjS4_XFfvTcATeW4r50 | AN99: Uniform | AO99: By Type | AP99: 0.00°
A100: 3120097 | B100: 0 | C100: Right | D100: Top | E100: 1.535 | F100: BEAM <25 mm> | G100: Level : 05 2ND LEVEL | H100: M30 | I100: 200 | J100: 1900 | K100: 3089018 | L100: 1900 | M100: 0.209 | N100: 0 | O100: BEAM <25 mm> | P100: New Construction | Q100: B(a) - 200 X 550 | R100: 0.21 m³ | S100: Concrete-Rectangular Beam | T100: 8950 | U100: Structural Framing | V100: BEAM <25 mm> | W100: 8950 | X100: 550 | Y100: No | Z100: Other | AA100: 0 | AB100: 1.9 | AC100: 0 | AD100: 1 | AE100: RCC_BEAM | AF100: B16 | AG100: 05 2ND LEVEL | AH100: One or two joins disabled | AI100: Normal | AJ100: 8400 | AK100: Concrete-Rectangular Beam: B(a) - 200 X 550 | AL100: 04OWjS4_XFfvTcATeW4r5_ | AN100: Uniform | AO100: By Type | AP100: 0.00°
A101: 3120099 | B101: 0 | C101: Left | D101: Top | E101: 1.4975 | F101: BEAM <25 mm> | G101: Level : 05 2ND LEVEL | H101: M30 | I101: 200 | J101: 1850 | K101: 3089018 | L101: 1850 | M101: 0.2035 | N101: 0 | O101: BEAM <25 mm> | P101: New Construction | Q101: B(a) - 200 X 550 | R101: 0.20 m³ | S101: Concrete-Rectangular Beam | T101: 8950 | U101: Structural Framing | V101: BEAM <25 mm> | W101: 8950 | X101: 550 | Y101: No | Z101: Other | AA101: 0 | AB101: 1.85 | AC101: 0 | AD101: 1 | AE101: RCC_BEAM | AF101: B47 | AG101: 05 2ND LEVEL | AH101: One or two joins disabled | AI101: Normal | AJ101: 8400 | AK101: Concrete-Rectangular Beam: B(a) - 200 X 550 | AL101: 04OWjS4_XFfvTcATeW4r5y | AN101: Uniform | AO101: By Type | AP101: 0.00°
A102: 3120101 | B102: 0 | C102: Right | D102: Top | E102: 2.735 | F102: BEAM <25 mm> | G102: Level : 05 2ND LEVEL | H102: M30 | I102: 200 | J102: 3500 | K102: 3089018 | L102: 3500 | M102: 0.385 | N102: 0 | O102: BEAM <25 mm> | P102: New Construction | Q102: B(a) - 200 X 550 | R102: 0.39 m³ | S102: Concrete-Rectangular Beam | T102: 8950 | U102: Structural Framing | V102: BEAM <25 mm> | W102: 8950 | X102: 550 | Y102: No | Z102: Other | AA102: 0 | AB102: 3.5 | AC102: 0 | AD102: 1 | AE102: RCC_BEAM | AF102: B30 | AG102: 05 2ND LEVEL | AH102: One or two joins disabled | AI102: Normal | AJ102: 8400 | AK102: Concrete-Rectangular Beam: B(a) - 200 X 550 | AL102: 04OWjS4_XFfvTcATeW4r5w | AN102: Uniform | AO102: By Type | AP102: 0.00°
A103: 3120103 | B103: 0 | C103: Left | D103: Top | E103: 3.0025 | F103: BEAM <25 mm> | G103: Level : 05 2ND LEVEL | H103: M30 | I103: 250 | J103: 3750 | K103: 3089024 | L103: 3750 | M103: 0.4414 | N103: 0 | O103: BEAM <25 mm> | P103: New Construction | Q103: B(d) - 250 X 550 | R103: 0.44 m³ | S103: Concrete-Rectangular Beam | T103: 8950 | U103: Structural Framing | V103: BEAM <25 mm> | W103: 8950 | X103: 550 | Y103: No | Z103: Other | AA103: 0 | AB103: 3.75 | AC103: 0 | AD103: 1 | AE103: RCC_BEAM | AF103: B39 | AG103: 05 2ND LEVEL | AH103: One or two joins disabled | AI103: Normal | AJ103: 8400 | AK103: Concrete-Rectangular Beam: B(d) - 250 X 550 | AL103: 04OWjS4_XFfvTcATeW4r5u | AN103: Uniform | AO103: By Type | AP103: 0.00°
A104: 3120105 | B104: 0 | C104: Left | D104: Top | E104: 3.935 | F104: BEAM <25 mm> | G104: Level : 05 2ND LEVEL | H104: M30 | I104: 200 | J104: 5100 | K104: 3089018 | L104: 5100 | M104: 0.561 | N104: 0 | O104: BEAM <25 mm> | P104: New Construction | Q104: B(a) - 200 X 550 | R104: 0.56 m³ | S104: Concrete-Rectangular Beam | T104: 8950 | U104: Structural Framing | V104: BEAM <25 mm> | W104: 8950 | X104: 550 | Y104: No | Z104: Other | AA104: 0 | AB104: 5.1 | AC104: 0 | AD104: 1 | AE104: RCC_BEAM | AF104: B45 | AG104: 05 2ND LEVEL | AH104: One or two joins disabled | AI104: Normal | AJ104: 8400 | AK104: Concrete-Rectangular Beam: B(a) - 200 X 550 | AL104: 04OWjS4_XFfvTcATeW4r5s | AN104: Uniform | AO104: By Type | AP104: 0.00°
A105: 3120107 | B105: 0 | C105: Left | D105: Top | E105: 3.14 | F105: BEAM <25 mm> | G105: Level : 05 2ND LEVEL | H105: M30 | I105: 200 | J105: 4050 | K105: 3089018 | L105: 4050 | M105: 0.4414 | N105: 0 | O105: BEAM <25 mm> | P105: New Construction | Q105: B(a) - 200 X 550 | R105: 0.44 m³ | S105: Concrete-Rectangular Beam | T105: 8950 | U105: Structural Framing | V105: BEAM <25 mm> | W105: 8950 | X105: 550 | Y105: No | Z105: Other | AA105: 0 | AB105: 4.05 | AC105: 0 | AD105: 1 | AE105: RCC_BEAM | AF105: B18 | AG105: 05 2ND LEVEL | AH105: One or two joins disabled | AI105: Normal | AJ105: 8400 | AK105: Concrete-Rectangular Beam: B(a) - 200 X 550 | AL105: 04OWjS4_XFfvTcATeW4r5q | AN105: Uniform | AO105: By Type | AP105: 0.00°
A106: 3120109 | B106: 0 | C106: Left | D106: Top | E106: 1.16 | F106: BEAM <25 mm> | G106: Level : 05 2ND LEVEL | H106: M30 | I106: 200 | J106: 1400 | K106: 3089018 | L106: 1400 | M106: 0.154 | N106: 0 | O106: BEAM <25 mm> | P106: New Construction | Q106: B(a) - 200 X 550 | R106: 0.15 m³ | S106: Concrete-Rectangular Beam | T106: 8950 | U106: Structural Framing | V106: BEAM <25 mm> | W106: 8950 | X106: 550 | Y106: No | Z106: Other | AA106: 0 | AB106: 1.4 | AC106: 0 | AD106: 1 | AE106: RCC_BEAM | AF106: B19 | AG106: 05 2ND LEVEL | AH106: One or two joins disabled | AI106: Normal | AJ106: 8400 | AK106: Concrete-Rectangular Beam: B(a) - 200 X 550 | AL106: 04OWjS4_XFfvTcATeW4r5o | AN106: Uniform | AO106: By Type | AP106: 0.00°
A107: 3120111 | B107: 0 | C107: Left | D107: Top | E107: 7.475 | F107: BEAM <25 mm> | G107: Level : 05 2ND LEVEL | H107: M30 | I107: 300 | J107: 8600 | K107: 3089020 | L107: 8600 | M107: 1.419 | N107: 0 | O107: BEAM <25 mm> | P107: New Construction | Q107: B(b) - 300 X 550 | R107: 1.42 m³ | S107: Concrete-Rectangular Beam | T107: 8950 | U107: Structural Framing | V107: BEAM <25 mm> | W107: 8950 | X107: 550 | Y107: No | Z107: Other | AA107: 0 | AB107: 8.6 | AC107: 0 | AD107: 1 | AE107: RCC_BEAM | AF107: B21 | AG107: 05 2ND LEVEL | AH107: One or two joins disabled | AI107: Normal | AJ107: 8400 | AK107: Concrete-Rectangular Beam: B(b) - 300 X 550 | AL107: 04OWjS4_XFfvTcATeW4r5m | AN107: Uniform | AO107: By Type | AP107: 0.00°
A108: 3120113 | B108: 0 | C108: Left | D108: Top | E108: 2.3975 | F108: BEAM <25 mm> | G108: Level : 05 2ND LEVEL | H108: M30 | I108: 200 | J108: 3050 | K108: 3089018 | L108: 3050 | M108: 0.3355 | N108: 0 | O108: BEAM <25 mm> | P108: New Construction | Q108: B(a) - 200 X 550 | R108: 0.34 m³ | S108: Concrete-Rectangular Beam | T108: 8950 | U108: Structural Framing | V108: BEAM <25 mm> | W108: 8950 | X108: 550 | Y108: No | Z108: Other | AA108: 0 | AB108: 3.05 | AC108: 0 | AD108: 1 | AE108: RCC_BEAM | AF108: B49 | AG108: 05 2ND LEVEL | AH108: One or two joins disabled | AI108: Normal | AJ108: 8400 | AK108: Concrete-Rectangular Beam: B(a) - 200 X 550 | AL108: 04OWjS4_XFfvTcATeW4r5k | AN108: Uniform | AO108: By Type | AP108: 0.00°
A109: 3120115 | B109: 0 | C109: Left | D109: Top | E109: 2.3975 | G109: Level : 05 2ND LEVEL | H109: M30 | I109: 200 | J109: 3050 | K109: 3089018 | L109: 3050 | M109: 0.3355 | N109: 0 | O109: BEAM <25 mm> | P109: New Construction | Q109: B(a) - 200 X 550 | R109: 0.34 m³ | S109: Concrete-Rectangular Beam | T109: 8950 | U109: Structural Framing | V109: BEAM <25 mm> | W109: 8950 | X109: 550 | Y109: No | Z109: Other | AA109: 0 | AB109: 3.05 | AC109: 0 | AD109: 1 | AE109: RCC_BEAM | AF109: B50 | AG109: 05 2ND LEVEL | AH109: One or two joins disabled | AI109: Normal | AJ109: 8400 | AK109: Concrete-Rectangular Beam: B(a) - 200 X 550 | AL109: 04OWjS4_XFfvTcATeW4r5i | AN109: Uniform | AO109: By Type | AP109: 0.00°
A110: 3120117 | B110: 0 | C110: Right | D110: Top | E110: 2.96 | G110: Level : 05 2ND LEVEL | H110: M30 | I110: 200 | J110: 3800 | K110: 3089018 | L110: 3800 | M110: 0.418 | N110: 0 | O110: BEAM <25 mm> | P110: New Construction | Q110: B(a) - 200 X 550 | R110: 0.42 m³ | S110: Concrete-Rectangular Beam | T110: 8950 | U110: Structural Framing | V110: BEAM <25 mm> | W110: 8950 | X110: 550 | Y110: No | Z110: Other | AA110: 0 | AB110: 3.8 | AC110: 0 | AD110: 1 | AE110: RCC_BEAM | AF110: B20 | AG110: 05 2ND LEVEL | AH110: One or two joins disabled | AI110: Normal | AJ110: 8400 | AK110: Concrete-Rectangular Beam: B(a) - 200 X 550 | AL110: 04OWjS4_XFfvTcATeW4r5g | AN110: Uniform | AO110: By Type | AP110: 0.00°
A111: 3120121 | B111: 0 | C111: Left | D111: Top | E111: 1.91 | F111: BEAM <25 mm> | G111: Level : 05 2ND LEVEL | H111: M30 | I111: 200 | J111: 2400 | K111: 3089018 | L111: 2400 | M111: 0.264 | N111: 0 | O111: BEAM <25 mm> | P111: New Construction | Q111: B(a) - 200 X 550 | R111: 0.26 m³ | S111: Concrete-Rectangular Beam | T111: 8950 | U111: Structural Framing | V111: BEAM <25 mm> | W111: 8950 | X111: 550 | Y111: No | Z111: Other | AA111: 0 | AB111: 2.4 | AC111: 0 | AD111: 1 | AE111: RCC_BEAM | AF111: B56 | AG111: 05 2ND LEVEL | AH111: One or two joins disabled | AI111: Normal | AJ111: 8400 | AK111: Concrete-Rectangular Beam: B(a) - 200 X 550 | AL111: 04OWjS4_XFfvTcATeW4r5c | AN111: Uniform | AO111: By Type | AP111: 0.00°
A112: 3120123 | B112: 0 | C112: Left | D112: Top | E112: 1.91 | F112: BEAM <25 mm> | G112: Level : 05 2ND LEVEL | H112: M30 | I112: 200 | J112: 2400 | K112: 3089018 | L112: 2400 | M112: 0.264 | N112: 0 | O112: BEAM <25 mm> | P112: New Construction | Q112: B(a) - 200 X 550 | R112: 0.26 m³ | S112: Concrete-Rectangular Beam | T112: 8950 | U112: Structural Framing | V112: BEAM <25 mm> | W112: 8950 | X112: 550 | Y112: No | Z112: Other | AA112: 0 | AB112: 2.4 | AC112: 0 | AD112: 1 | AE112: RCC_BEAM | AF112: B52 | AG112: 05 2ND LEVEL | AH112: One or two joins disabled | AI112: Normal | AJ112: 8400 | AK112: Concrete-Rectangular Beam: B(a) - 200 X 550 | AL112: 04OWjS4_XFfvTcATeW4r5a | AN112: Uniform | AO112: By Type | AP112: 0.00°
A113: 3120125 | B113: 0 | C113: Right | D113: Top | E113: 4.055 | G113: Level : 05 2ND LEVEL | H113: M30 | I113: 200 | J113: 5260 | K113: 3089018 | L113: 5260 | M113: 0.5786 | N113: 0 | O113: BEAM <25 mm> | P113: New Construction | Q113: B(a) - 200 X 550 | R113: 0.58 m³ | S113: Concrete-Rectangular Beam | T113: 8950 | U113: Structural Framing | V113: BEAM <25 mm> | W113: 8950 | X113: 550 | Y113: No | Z113: Other | AA113: 0 | AB113: 5.26 | AC113: 0 | AD113: 1 | AE113: RCC_BEAM | AF113: B24 | AG113: 05 2ND LEVEL | AH113: One or two joins disabled | AI113: Normal | AJ113: 8400 | AK113: Concrete-Rectangular Beam: B(a) - 200 X 550 | AL113: 04OWjS4_XFfvTcATeW4r5Y | AN113: Uniform | AO113: By Type | AP113: 0.00°
A114: 3120127 | B114: 0 | C114: Left | D114: Top | E114: 1.535 | F114: BEAM <25 mm> | G114: Level : 05 2ND LEVEL | H114: M30 | I114: 200 | J114: 1900 | K114: 3089018 | L114: 1900 | M114: 0.209 | N114: 0 | O114: BEAM <25 mm> | P114: New Construction | Q114: B(a) - 200 X 550 | R114: 0.21 m³ | S114: Concrete-Rectangular Beam | T114: 8950 | U114: Structural Framing | V114: BEAM <25 mm> | W114: 8950 | X114: 550 | Y114: No | Z114: Other | AA114: 0 | AB114: 1.9 | AC114: 0 | AD114: 1 | AE114: RCC_BEAM | AF114: B35 | AG114: 05 2ND LEVEL | AH114: One or two joins disabled | AI114: Normal | AJ114: 8400 | AK114: Concrete-Rectangular Beam: B(a) - 200 X 550 | AL114: 04OWjS4_XFfvTcATeW4r5W | AN114: Uniform | AO114: By Type | AP114: 0.00°
A115: 3120129 | B115: 0 | C115: Left | D115: Top | E115: 1.91 | F115: BEAM <25 mm> | G115: Level : 05 2ND LEVEL | H115: M30 | I115: 200 | J115: 2400 | K115: 3089018 | L115: 2400 | M115: 0.264 | N115: 0 | O115: BEAM <25 mm> | P115: New Construction | Q115: B(a) - 200 X 550 | R115: 0.26 m³ | S115: Concrete-Rectangular Beam | T115: 8950 | U115: Structural Framing | V115: BEAM <25 mm> | W115: 8950 | X115: 550 | Y115: No | Z115: Other | AA115: 0 | AB115: 2.4 | AC115: 0 | AD115: 1 | AE115: RCC_BEAM | AF115: B55 | AG115: 05 2ND LEVEL | AH115: One or two joins disabled | AI115: Normal | AJ115: 8400 | AK115: Concrete-Rectangular Beam: B(a) - 200 X 550 | AL115: 04OWjS4_XFfvTcATeW4rQU | AN115: Uniform | AO115: By Type | AP115: 0.00°
A116: 3120131 | B116: 0 | C116: Right | D116: Top | E116: 1.91 | F116: BEAM <25 mm> | G116: Level : 05 2ND LEVEL | H116: M30 | I116: 200 | J116: 2400 | K116: 3089018 | L116: 2400 | M116: 0.264 | N116: 0 | O116: BEAM <25 mm> | P116: New Construction | Q116: B(a) - 200 X 550 | R116: 0.26 m³ | S116: Concrete-Rectangular Beam | T116: 8950 | U116: Structural Framing | V116: BEAM <25 mm> | W116: 8950 | X116: 550 | Y116: No | Z116: Other | AA116: 0 | AB116: 2.4 | AC116: 0 | AD116: 1 | AE116: RCC_BEAM | AF116: B22 | AG116: 05 2ND LEVEL | AH116: One or two joins disabled | AI116: Normal | AJ116: 8400 | AK116: Concrete-Rectangular Beam: B(a) - 200 X 550 | AL116: 04OWjS4_XFfvTcATeW4rQS | AN116: Uniform | AO116: By Type | AP116: 0.00°
A117: 3120133 | B117: 0 | C117: Left | D117: Top | E117: 1.2275 | F117: BEAM <25 mm> | G117: Level : 05 2ND LEVEL | H117: M30 | I117: 300 | J117: 1250 | K117: 3089020 | L117: 1250 | M117: 0.2063 | N117: 0 | O117: BEAM <25 mm> | P117: New Construction | Q117: B(b) - 300 X 550 | R117: 0.21 m³ | S117: Concrete-Rectangular Beam | T117: 8950 | U117: Structural Framing | V117: BEAM <25 mm> | W117: 8950 | X117: 550 | Y117: No | Z117: Other | AA117: 0 | AB117: 1.25 | AC117: 0 | AD117: 1 | AE117: RCC_BEAM | AF117: B58 | AG117: 05 2ND LEVEL | AH117: One or two joins disabled | AI117: Normal | AJ117: 8400 | AK117: Concrete-Rectangular Beam: B(b) - 300 X 550 | AL117: 04OWjS4_XFfvTcATeW4rQQ | AN117: Uniform | AO117: By Type | AP117: 0.00°
...

Sheet Column
A1: Element ID | B1: Qty: Area (m2) | C1: Rebar Cover - Other Faces | D1: GRADE OF CONCRETE | E1: Top Offset | F1: Moves With Grids | G1: Type Id | H1: Length | I1: Qty: Volume (m3) | J1: Base Level | K1: Base Offset | L1: Column Style | M1: Rebar Cover - Bottom Face | N1: Phase Created | O1: Type | P1: Room Bounding | Q1: Volume | R1: Family | S1: Category | T1: Rebar Cover - Top Face | U1: Has Association | V1: Qty: Length (m) | W1: Qty: Count | X1: Structural Material | Y1: ID_UNMT | Z1: Top Level | AA1: Family and Type | AB1: IfcGUID | AC1: Export to IFC | AD1: Level
A2: 3072170 | B2: 3.63 | C2: COLUMN <40 mm> | D2: M40 | E2: 0 | F2: Yes | G2: 2270699 | H2: 2800 | I2: 0.756 | J2: 01 FOUNDATION LEVEL | K2: 0 | L2: Vertical | M2: COLUMN <40 mm> | N2: New Construction | O2: C1 - 300 X 900 | P2: Yes | Q2: 0.76 m³ | R2: Concrete-Rectangular-Column | S2: Structural Columns | T2: COLUMN <40 mm> | U2: No | V2: 2.8 | W2: 1 | X2: RCC_COLUMN | Y2: P31 | Z2: 03 PLINTH LEVEL | AA2: Concrete-Rectangular-Column: C1 - 300 X 900 | AB2: 1cOR_VX$r0AOI0dQYfFQzi | AC2: By Type | AD2: 01 FOUNDATION LEVEL
A3: 3072220 | B3: 3.32 | C3: COLUMN <40 mm> | D3: M40 | E3: 0 | F3: Yes | G3: 3113818 | H3: 2800 | I3: 0.672 | J3: 01 FOUNDATION LEVEL | K3: 0 | L3: Vertical | M3: COLUMN <40 mm> | N3: New Construction | O3: C2 - 300 X 800 | P3: Yes | Q3: 0.67 m³ | R3: Concrete-Rectangular-Column | S3: Structural Columns | T3: COLUMN <40 mm> | U3: No | V3: 2.8 | W3: 1 | X3: RCC_COLUMN | Z3: 03 PLINTH LEVEL | AA3: Concrete-Rectangular-Column: C2 - 300 X 800 | AB3: 3g$5deWJz9Pw1ItRzeIhWG | AC3: By Type | AD3: 01 FOUNDATION LEVEL
A4: 3072869 | B4: 4.04 | C4: COLUMN <40 mm> | D4: M40 | E4: 0 | F4: Yes | G4: 3072865 | H4: 2800 | I4: 1.12 | J4: 01 FOUNDATION LEVEL | K4: 0 | L4: Vertical | N4: New Construction | O4: C3 - 500 X 800 | P4: Yes | Q4: 1.12 m³ | R4: Concrete-Rectangular-Column | S4: Structural Columns | T4: COLUMN <40 mm> | U4: No | V4: 2.8 | W4: 1 | X4: RCC_COLUMN | Z4: 03 PLINTH LEVEL | AA4: Concrete-Rectangular-Column: C3 - 500 X 800 | AB4: 2ohiwoKjf239MUfP$H_zLU | AC4: By Type | AD4: 01 FOUNDATION LEVEL
A5: 3072935 | B5: 4.0225 | C5: COLUMN <40 mm> | D5: M40 | E5: 0 | F5: Yes | G5: 3080622 | H5: 2800 | I5: 1.071 | J5: 01 FOUNDATION LEVEL | K5: 0 | L5: Vertical | M5: COLUMN <40 mm> | N5: New Construction | O5: SW1- 450 X 850 | P5: Yes | Q5: 1.07 m³ | R5: Concrete-Rectangular-Column | S5: Structural Columns | T5: COLUMN <40 mm> | U5: No | V5: 2.8 | W5: 1 | X5: RCC_COLUMN | Z5: 03 PLINTH LEVEL | AA5: Concrete-Rectangular-Column: SW1- 450 X 850 | AB5: 279mmlFkP8VQg8p_cJohR9 | AC5: By Type | AD5: 01 FOUNDATION LEVEL
A6: 3073001 | B6: 6.6475 | C6: COLUMN <40 mm> | D6: M40 | E6: 0 | F6: Yes | G6: 3072997 | H6: 2800 | I6: 1.365 | J6: 01 FOUNDATION LEVEL | K6: 0 | L6: Vertical | M6: COLUMN <40 mm> | N6: New Construction | O6: SW3 - 250 X 1950 | P6: Yes | Q6: 1.37 m³ | R6: Concrete-Rectangular-Column | S6: Structural Columns | T6: COLUMN <40 mm> | U6: No | V6: 2.8 | W6: 1 | X6: RCC_COLUMN | Z6: 03 PLINTH LEVEL | AA6: Concrete-Rectangular-Column: SW3 - 250 X 1950 | AB6: 3qVNAAsVTApum02lPcqKEt | AC6: By Type | AD6: 01 FOUNDATION LEVEL
A7: 3073025 | B7: 1.46 | C7: COLUMN <40 mm> | D7: M40 | E7: 0 | F7: Yes | G7: 3073021 | H7: 2800 | I7: 0.168 | J7: 01 FOUNDATION LEVEL | K7: 0 | L7: Vertical | M7: COLUMN <40 mm> | N7: New Construction | O7: SW3 - 200 X 300 | P7: Yes | Q7: 0.17 m³ | R7: Concrete-Rectangular-Column | S7: Structural Columns | T7: COLUMN <40 mm> | U7: No | V7: 2.8 | W7: 1 | X7: RCC_COLUMN | Z7: 03 PLINTH LEVEL | AA7: Concrete-Rectangular-Column: SW3 - 200 X 300 | AB7: 3qVNAAsVTApum02lPcqKHV | AC7: By Type | AD7: 01 FOUNDATION LEVEL
A8: 3075646 | B8: 6.6475 | C8: COLUMN <40 mm> | D8: M40 | E8: 0 | F8: Yes | G8: 3075811 | H8: 2800 | I8: 1.365 | J8: 01 FOUNDATION LEVEL | K8: 0 | L8: Vertical | M8: COLUMN <40 mm> | N8: New Construction | O8: SW3A - 250 X 1950 | P8: Yes | Q8: 1.37 m³ | R8: Concrete-Rectangular-Column | S8: Structural Columns | T8: COLUMN <40 mm> | U8: No | V8: 2.8 | W8: 1 | X8: RCC_COLUMN | Z8: 03 PLINTH LEVEL | AA8: Concrete-Rectangular-Column: SW3A - 250 X 1950 | AB8: 2Gt5m7wB13Yu3J4t117AYf | AC8: By Type | AD8: 01 FOUNDATION LEVEL
A9: 3075703 | B9: 2.7588 | C9: COLUMN <40 mm> | D9: M40 | E9: 0 | F9: Yes | G9: 3075838 | H9: 2800 | I9: 0.4725 | J9: 01 FOUNDATION LEVEL | K9: 0 | L9: Vertical | M9: COLUMN <40 mm> | N9: New Construction | O9: SW3A - 250 X 675 | P9: Yes | Q9: 0.47 m³ | R9: Concrete-Rectangular-Column | S9: Structural Columns | T9: COLUMN <40 mm> | U9: No | V9: 2.8 | W9: 1 | X9: RCC_COLUMN | Z9: 03 PLINTH LEVEL | AA9: Concrete-Rectangular-Column: SW3A - 250 X 675 | AB9: 2Gt5m7wB13Yu3J4t117AZW | AC9: By Type | AD9: 01 FOUNDATION LEVEL
A10: 3076026 | B10: 5.885 | C10: COLUMN <40 mm> | D10: M40 | E10: 0 | F10: Yes | G10: 3076022 | H10: 2800 | I10: 1.19 | J10: 01 FOUNDATION LEVEL | K10: 0 | L10: Vertical | M10: COLUMN <40 mm> | N10: New Construction | O10: SW4 - 250 X 1700 | P10: Yes | Q10: 1.19 m³ | R10: Concrete-Rectangular-Column | S10: Structural Columns | T10: COLUMN <40 mm> | U10: No | V10: 2.8 | W10: 1 | X10: RCC_COLUMN | Z10: 03 PLINTH LEVEL | AA10: Concrete-Rectangular-Column: SW4 - 250 X 1700 | AB10: 1JkEnnoEj7aw8NfVQaT7HK | AC10: By Type | AD10: 01 FOUNDATION LEVEL
A11: 3076226 | B11: 3.04 | C11: COLUMN <40 mm> | D11: M40 | E11: 0 | F11: Yes | G11: 3076222 | H11: 2800 | I11: 0.672 | J11: 01 FOUNDATION LEVEL | K11: 0 | L11: Vertical | M11: COLUMN <40 mm> | N11: New Construction | O11: SW6 - 400 X 600 | P11: Yes | Q11: 0.67 m³ | R11: Concrete-Rectangular-Column | S11: Structural Columns | T11: COLUMN <40 mm> | U11: No | V11: 2.8 | W11: 1 | X11: RCC_COLUMN | Z11: 03 PLINTH LEVEL | AA11: Concrete-Rectangular-Column: SW6 - 400 X 600 | AB11: 2ovWY3igbER80XEiIP5Z1M | AC11: By Type | AD11: 01 FOUNDATION LEVEL
A12: 3076643 | B12: 10.72 | C12: COLUMN <40 mm> | D12: M40 | E12: 0 | F12: Yes | G12: 3076639 | H12: 2800 | I12: 3.36 | J12: 01 FOUNDATION LEVEL | K12: 0 | L12: Vertical | M12: COLUMN <40 mm> | N12: New Construction | O12: SW7 - 400 X 3000 | P12: Yes | Q12: 3.36 m³ | R12: Concrete-Rectangular-Column | S12: Structural Columns | T12: COLUMN <40 mm> | U12: No | V12: 2.8 | W12: 1 | X12: RCC_COLUMN | Z12: 03 PLINTH LEVEL | AA12: Concrete-Rectangular-Column: SW7 - 400 X 3000 | AB12: 3AGwxIsxDFSPW7X3sFtVlp | AC12: By Type | AD12: 01 FOUNDATION LEVEL
A13: 3076721 | B13: 3.94 | C13: COLUMN <40 mm> | D13: M40 | E13: 0 | F13: Yes | G13: 3076717 | H13: 2800 | I13: 0.84 | J13: 01 FOUNDATION LEVEL | K13: 0 | L13: Vertical | M13: COLUMN <40 mm> | N13: New Construction | O13: C6 - 300 X 1000 | P13: Yes | Q13: 0.84 m³ | R13: Concrete-Rectangular-Column | S13: Structural Columns | T13: COLUMN <40 mm> | U13: No | V13: 2.8 | W13: 1 | X13: RCC_COLUMN | Z13: 03 PLINTH LEVEL | AA13: Concrete-Rectangular-Column: C6 - 300 X 1000 | AB13: 1E5fPVYML1B9eG4TrHYjpN | AC13: By Type | AD13: 01 FOUNDATION LEVEL
A14: 3076756 | B14: 4 | C14: COLUMN <40 mm> | D14: M40 | E14: 0 | F14: Yes | G14: 3076752 | H14: 2800 | I14: 1.008 | J14: 01 FOUNDATION LEVEL | K14: 0 | L14: Vertical | M14: COLUMN <40 mm> | N14: New Construction | O14: C5 - 400 X 900 | P14: Yes | Q14: 1.01 m³ | R14: Concrete-Rectangular-Column | S14: Structural Columns | T14: COLUMN <40 mm> | U14: No | V14: 2.8 | W14: 1 | X14: RCC_COLUMN | Z14: 03 PLINTH LEVEL | AA14: Concrete-Rectangular-Column: C5 - 400 X 900 | AB14: 1E5fPVYML1B9eG4TrHYjmo | AC14: By Type | AD14: 01 FOUNDATION LEVEL
A15: 3076782 | B15: 4 | C15: COLUMN <40 mm> | D15: M40 | E15: 0 | F15: Yes | G15: 3076778 | H15: 2800 | I15: 1.008 | J15: 01 FOUNDATION LEVEL | K15: 0 | L15: Vertical | M15: COLUMN <40 mm> | N15: New Construction | O15: C4 - 400 X 900 | P15: Yes | Q15: 1.01 m³ | R15: Concrete-Rectangular-Column | S15: Structural Columns | T15: COLUMN <40 mm> | U15: No | V15: 2.8 | W15: 1 | X15: RCC_COLUMN | Z15: 03 PLINTH LEVEL | AA15: Concrete-Rectangular-Column: C4 - 400 X 900 | AB15: 1E5fPVYML1B9eG4TrHYjm8 | AC15: By Type | AD15: 01 FOUNDATION LEVEL
A16: 3076920 | B16: 6.9525 | C16: COLUMN <40 mm> | D16: M40 | E16: 0 | F16: Yes | G16: 3076916 | H16: 2800 | I16: 1.435 | J16: 01 FOUNDATION LEVEL | K16: 0 | L16: Vertical | M16: COLUMN <40 mm> | N16: New Construction | O16: LW1 - 250 X 2050 | P16: Yes | Q16: 1.44 m³ | R16: Concrete-Rectangular-Column | S16: Structural Columns | T16: COLUMN <40 mm> | U16: No | V16: 2.8 | W16: 1 | X16: RCC_COLUMN | Z16: 03 PLINTH LEVEL | AA16: Concrete-Rectangular-Column: LW1 - 250 X 2050 | AB16: 0HkMLA0MP5wgflFwXOfFA9 | AC16: By Type | AD16: 01 FOUNDATION LEVEL
... A18: 3077251 | B18: 13.91 | C18: COLUMN <40 mm> | D18: M40 | E18: 0 | F18: Yes | G18: 3077247 | H18: 2800 | I18: 2.492 | J18: 01 FOUNDATION LEVEL | K18: 0 | L18: Vertical | M18: COLUMN <40 mm> | N18: New Construction | O18: LW2 - 200 X 4450 | P18: Yes | Q18: 2.49 m³ | R18: Concrete-Rectangular-Column | S18: Structural Columns | T18: COLUMN <40 mm> | U18: No | V18: 2.8 | W18: 1 | X18: RCC_COLUMN | Z18: 03 PLINTH LEVEL | AA18: Concrete-Rectangular-Column: LW2 - 200 X 4450 | AB18: 3HF6TA$qL7KxUmTx2qwlF9 | AC18: By Type | AD18: 01 FOUNDATION LEVEL
A19: 3084306 | B19: 6.93 | C19: COLUMN <40 mm> | D19: M40 | E19: 0 | F19: Yes | G19: 2270699 | H19: 5550 | I19: 1.4985 | J19: 03 PLINTH LEVEL | K19: 0 | L19: Vertical | M19: COLUMN <40 mm> | N19: New Construction | O19: C1 - 300 X 900 | P19: Yes | Q19: 1.50 m³ | R19: Concrete-Rectangular-Column | S19: Structural Columns | T19: COLUMN <40 mm> | U19: No | V19: 5.55 | W19: 1 | X19: RCC_COLUMN | Y19: P31 | Z19: 04 1ST LEVEL | AA19: Concrete-Rectangular-Column: C1 - 300 X 900 | AB19: 2JGI2Z2THB_wudpkjjxw_6 | AC19: By Type | AD19: 03 PLINTH LEVEL
A20: 3084308 | B20: 6.345 | C20: COLUMN <40 mm> | D20: M40 | E20: 0 | F20: Yes | G20: 3113818 | H20: 5550 | I20: 1.332 | J20: 03 PLINTH LEVEL | K20: 0 | L20: Vertical | M20: COLUMN <40 mm> | N20: New Construction | O20: C2 - 300 X 800 | P20: Yes | Q20: 1.33 m³ | R20: Concrete-Rectangular-Column | S20: Structural Columns | T20: COLUMN <40 mm> | U20: No | V20: 5.55 | W20: 1 | X20: RCC_COLUMN | Z20: 04 1ST LEVEL | AA20: Concrete-Rectangular-Column: C2 - 300 X 800 | AB20: 2JGI2Z2THB_wudpkjjxw_0 | AC20: By Type | AD20: 03 PLINTH LEVEL
A21: 3084310 | B21: 7.615 | C21: COLUMN <40 mm> | D21: M40 | E21: 0 | F21: Yes | G21: 3072865 | H21: 5550 | I21: 2.22 | J21: 03 PLINTH LEVEL | K21: 0 | L21: Vertical | M21: COLUMN <40 mm> | N21: New Construction | O21: C3 - 500 X 800 | P21: Yes | Q21: 2.22 m³ | R21: Concrete-Rectangular-Column | S21: Structural Columns | T21: COLUMN <40 mm> | U21: No | V21: 5.55 | W21: 1 | X21: RCC_COLUMN | Z21: 04 1ST LEVEL | AA21: Concrete-Rectangular-Column: C3 - 500 X 800 | AB21: 2JGI2Z2THB_wudpkjjxw_2 | AC21: By Type | AD21: 03 PLINTH LEVEL
A22: 3084312 | B22: 7.5975 | C22: COLUMN <40 mm> | D22: M40 | E22: 0 | F22: Yes | G22: 3080622 | H22: 5550 | I22: 2.1229 | J22: 03 PLINTH LEVEL | K22: 0 | L22: Vertical | M22: COLUMN <40 mm> | N22: New Construction | O22: SW1- 450 X 850 | P22: Yes | Q22: 2.12 m³ | R22: Concrete-Rectangular-Column | S22: Structural Columns | T22: COLUMN <40 mm> | U22: No | V22: 5.55 | W22: 1 | X22: RCC_COLUMN | Z22: 04 1ST LEVEL | AA22: Concrete-Rectangular-Column: SW1- 450 X 850 | AB22: 2JGI2Z2THB_wudpkjjxw_C | AC22: By Type | AD22: 03 PLINTH LEVEL
A23: 3084314 | B23: 12.6975 | C23: COLUMN <40 mm> | D23: M40 | E23: 0 | F23: Yes | G23: 3072997 | H23: 5550 | I23: 2.7056 | J23: 03 PLINTH LEVEL | K23: 0 | L23: Vertical | M23: COLUMN <40 mm> | N23: New Construction | O23: SW3 - 250 X 1950 | P23: Yes | Q23: 2.71 m³ | R23: Concrete-Rectangular-Column | S23: Structural Columns | T23: COLUMN <40 mm> | U23: No | V23: 5.55 | W23: 1 | X23: RCC_COLUMN | Z23: 04 1ST LEVEL | AA23: Concrete-Rectangular-Column: SW3 - 250 X 1950 | AB23: 2JGI2Z2THB_wudpkjjxw_E | AC23: By Type | AD23: 03 PLINTH LEVEL
A24: 3084316 | B24: 2.835 | C24: COLUMN <40 mm> | D24: M40 | E24: 0 | F24: Yes | G24: 3073021 | H24: 5550 | I24: 0.333 | J24: 03 PLINTH LEVEL | K24: 0 | L24: Vertical | M24: COLUMN <40 mm> | N24: New Construction | O24: SW3 - 200 X 300 | P24: Yes | Q24: 0.33 m³ | R24: Concrete-Rectangular-Column | S24: Structural Columns | T24: COLUMN <40 mm> | U24: No | V24: 5.55 | W24: 1 | X24: RCC_COLUMN | Z24: 04 1ST LEVEL | AA24: Concrete-Rectangular-Column: SW3 - 200 X 300 | AB24: 2JGI2Z2THB_wudpkjjxw_8 | AC24: By Type | AD24: 03 PLINTH LEVEL
A25: 3084318 | B25: 12.6975 | C25: COLUMN <40 mm> | D25: M40 | E25: 0 | F25: Yes | G25: 3075811 | H25: 5550 | I25: 2.7056 | J25: 03 PLINTH LEVEL | K25: 0 | L25: Vertical | M25: COLUMN <40 mm> | N25: New Construction | O25: SW3A - 250 X 1950 | P25: Yes | Q25: 2.71 m³ | R25: Concrete-Rectangular-Column | S25: Structural Columns | T25: COLUMN <40 mm> | U25: No | V25: 5.55 | W25: 1 | X25: RCC_COLUMN | Z25: 04 1ST LEVEL | AA25: Concrete-Rectangular-Column: SW3A - 250 X 1950 | AB25: 2JGI2Z2THB_wudpkjjxw_A | AC25: By Type | AD25: 03 PLINTH LEVEL
A26: 3084320 | B26: 5.3025 | C26: COLUMN <40 mm> | D26: M40 | E26: 0 | F26: Yes | G26: 3075838 | H26: 5550 | I26: 0.9366 | J26: 03 PLINTH LEVEL | K26: 0 | L26: Vertical | M26: COLUMN <40 mm> | N26: New Construction | O26: SW3A - 250 X 675 | P26: Yes | Q26: 0.94 m³ | R26: Concrete-Rectangular-Column | S26: Structural Columns | T26: COLUMN <40 mm> | U26: No | V26: 5.55 | W26: 1 | X26: RCC_COLUMN | Z26: 04 1ST LEVEL | AA26: Concrete-Rectangular-Column: SW3A - 250 X 675 | AB26: 2JGI2Z2THB_wudpkjjxw_q | AC26: By Type | AD26: 03 PLINTH LEVEL
A27: 3084324 | B27: 11.2475 | C27: COLUMN <40 mm> | D27: M40 | E27: 0 | F27: Yes | G27: 3076022 | H27: 5550 | I27: 2.3587 | J27: 03 PLINTH LEVEL | K27: 0 | L27: Vertical | M27: COLUMN <40 mm> | N27: New Construction | O27: SW4 - 250 X 1700 | P27: Yes | Q27: 2.36 m³ | R27: Concrete-Rectangular-Column | S27: Structural Columns | T27: COLUMN <40 mm> | U27: No | V27: 5.55 | W27: 1 | X27: RCC_COLUMN | Z27: 04 1ST LEVEL | AA27: Concrete-Rectangular-Column: SW4 - 250 X 1700 | AB27: 2JGI2Z2THB_wudpkjjxw_m | AC27: By Type | AD27: 03 PLINTH LEVEL
A28: 3084326 | B28: 5.79 | C28: COLUMN <40 mm> | D28: M40 | E28: 0 | F28: Yes | G28: 3076222 | H28: 5550 | I28: 1.332 | J28: 03 PLINTH LEVEL | K28: 0 | L28: Vertical | M28: COLUMN <40 mm> | N28: New Construction | O28: SW6 - 400 X 600 | P28: Yes | Q28: 1.33 m³ | R28: Concrete-Rectangular-Column | S28: Structural Columns | T28: COLUMN <40 mm> | U28: No | V28: 5.55 | W28: 1 | X28: RCC_COLUMN | Z28: 04 1ST LEVEL | AA28: Concrete-Rectangular-Column: SW6 - 400 X 600 | AB28: 2JGI2Z2THB_wudpkjjxw_o | AC28: By Type | AD28: 03 PLINTH LEVEL
A29: 3084332 | B29: 7.515 | C29: COLUMN <40 mm> | D29: M40 | E29: 0 | F29: Yes | G29: 3076717 | H29: 5550 | I29: 1.665 | J29: 03 PLINTH LEVEL | K29: 0 | L29: Vertical | M29: COLUMN <40 mm> | N29: New Construction | O29: C6 - 300 X 1000 | P29: Yes | Q29: 1.67 m³ | R29: Concrete-Rectangular-Column | S29: Structural Columns | T29: COLUMN <40 mm> | U29: No | V29: 5.55 | W29: 1 | X29: RCC_COLUMN | Z29: 04 1ST LEVEL | AA29: Concrete-Rectangular-Column: C6 - 300 X 1000 | AB29: 2JGI2Z2THB_wudpkjjxw_u | AC29: By Type | AD29: 03 PLINTH LEVEL
A30: 3084334 | B30: 7.575 | C30: COLUMN <40 mm> | D30: M40 | E30: 0 | F30: Yes | G30: 3076752 | H30: 5550 | I30: 1.998 | J30: 03 PLINTH LEVEL | K30: 0 | L30: Vertical | M30: COLUMN <40 mm> | N30: New Construction | O30: C5 - 400 X 900 | P30: Yes | Q30: 2.00 m³ | R30: Concrete-Rectangular-Column | S30: Structural Columns | T30: COLUMN <40 mm> | U30: No | V30: 5.55 | W30: 1 | X30: RCC_COLUMN | Z30: 04 1ST LEVEL | AA30: Concrete-Rectangular-Column: C5 - 400 X 900 | AB30: 2JGI2Z2THB_wudpkjjxw_w | AC30: By Type | AD30: 03 PLINTH LEVEL
A31: 3084336 | B31: 7.575 | C31: COLUMN <40 mm> | D31: M40 | E31: 0 | F31: Yes | G31: 3076778 | H31: 5550 | I31: 1.998 | J31: 03 PLINTH LEVEL | K31: 0 | L31: Vertical | M31: COLUMN <40 mm> | N31: New Construction | O31: C4 - 400 X 900 | P31: Yes | Q31: 2.00 m³ | R31: Concrete-Rectangular-Column | S31: Structural Columns | T31: COLUMN <40 mm> | U31: No | V31: 5.55 | W31: 1 | X31: RCC_COLUMN | Z31: 04 1ST LEVEL | AA31: Concrete-Rectangular-Column: C4 - 400 X 900 | AB31: 2JGI2Z2THB_wudpkjjxw_a | AC31: By Type | AD31: 03 PLINTH LEVEL
... A35: 3105514 | B35: 20.07 | C35: COLUMN <40 mm> | D35: M40 | E35: 0 | F35: Yes | G35: 3076639 | H35: 5550 | I35: 6.66 | J35: 03 PLINTH LEVEL | K35: 0 | L35: Vertical | M35: COLUMN <40 mm> | N35: New Construction | O35: SW7 - 400 X 3000 | P35: Yes | Q35: 6.66 m³ | R35: Concrete-Rectangular-Column | S35: Structural Columns | T35: COLUMN <40 mm> | U35: No | V35: 5.55 | W35: 1 | X35: RCC_COLUMN | Z35: 04 1ST LEVEL | AA35: Concrete-Rectangular-Column: SW7 - 400 X 3000 | AB35: 0wOuN0$KH13wHCGl$5xo0c | AC35: By Type | AD35: 03 PLINTH LEVEL
A36: 3118481 | B36: 3.81 | C36: COLUMN <40 mm> | D36: M40 | E36: 0 | F36: Yes | G36: 2270699 | H36: 2950 | I36: 0.7965 | J36: 04 1ST LEVEL | K36: 0 | L36: Vertical | M36: COLUMN <40 mm> | N36: New Construction | O36: C1 - 300 X 900 | P36: Yes | Q36: 0.80 m³ | R36: Concrete-Rectangular-Column | S36: Structural Columns | T36: COLUMN <40 mm> | U36: No | V36: 2.95 | W36: 1 | X36: RCC_COLUMN | Y36: P31 | Z36: 05 2ND LEVEL | AA36: Concrete-Rectangular-Column: C1 - 300 X 900 | AB36: 0g26lkPdX4oOgZBW9zmKal | AC36: By Type | AD36: 04 1ST LEVEL
A37: 3118483 | B37: 3.485 | C37: COLUMN <40 mm> | D37: M40 | E37: 0 | F37: Yes | G37: 3113818 | H37: 2950 | I37: 0.708 | J37: 04 1ST LEVEL | K37: 0 | L37: Vertical | M37: COLUMN <40 mm> | N37: New Construction | O37: C2 - 300 X 800 | P37: Yes | Q37: 0.71 m³ | R37: Concrete-Rectangular-Column | S37: Structural Columns | T37: COLUMN <40 mm> | U37: No | V37: 2.95 | W37: 1 | X37: RCC_COLUMN | Z37: 05 2ND LEVEL | AA37: Concrete-Rectangular-Column: C2 - 300 X 800 | AB37: 0g26lkPdX4oOgZBW9zmKaj | AC37: By Type | AD37: 04 1ST LEVEL
A38: 3118485 | B38: 4.235 | C38: COLUMN <40 mm> | D38: M40 | E38: 0 | F38: Yes | G38: 3072865 | H38: 2950 | I38: 1.18 | J38: 04 1ST LEVEL | K38: 0 | L38: Vertical | M38: COLUMN <40 mm> | N38: New Construction | O38: C3 - 500 X 800 | P38: Yes | Q38: 1.18 m³ | R38: Concrete-Rectangular-Column | S38: Structural Columns | T38: COLUMN <40 mm> | U38: No | V38: 2.95 | W38: 1 | X38: RCC_COLUMN | Z38: 05 2ND LEVEL | AA38: Concrete-Rectangular-Column: C3 - 500 X 800 | AB38: 0g26lkPdX4oOgZBW9zmKah | AC38: By Type | AD38: 04 1ST LEVEL
A39: 3118487 | B39: 4.2175 | C39: COLUMN <40 mm> | D39: M40 | E39: 0 | F39: Yes | G39: 3080622 | H39: 2950 | I39: 1.1284 | J39: 04 1ST LEVEL | K39: 0 | L39: Vertical | M39: COLUMN <40 mm> | N39: New Construction | O39: SW1- 450 X 850 | P39: Yes | Q39: 1.13 m³ | R39: Concrete-Rectangular-Column | S39: Structural Columns | T39: COLUMN <40 mm> | U39: No | V39: 2.95 | W39: 1 | X39: RCC_COLUMN | Z39: 05 2ND LEVEL | AA39: Concrete-Rectangular-Column: SW1- 450 X 850 | AB39: 0g26lkPdX4oOgZBW9zmKaf | AC39: By Type | AD39: 04 1ST LEVEL
A40: 3118489 | B40: 6.9775 | C40: COLUMN <40 mm> | D40: M40 | E40: 0 | F40: Yes | G40: 3072997 | H40: 2950 | I40: 1.4381 | J40: 04 1ST LEVEL | K40: 0 | L40: Vertical | M40: COLUMN <40 mm> | N40: New Construction | O40: SW3 - 250 X 1950 | P40: Yes | Q40: 1.44 m³ | R40: Concrete-Rectangular-Column | S40: Structural Columns | T40: COLUMN <40 mm> | U40: No | V40: 2.95 | W40: 1 | X40: RCC_COLUMN | Z40: 05 2ND LEVEL | AA40: Concrete-Rectangular-Column: SW3 - 250 X 1950 | AB40: 0g26lkPdX4oOgZBW9zmKad | AC40: By Type | AD40: 04 1ST LEVEL
A41: 3118491 | B41: 1.535 | C41: COLUMN <40 mm> | D41: M40 | E41: 0 | F41: Yes | G41: 3073021 | H41: 2950 | I41: 0.177 | J41: 04 1ST LEVEL | K41: 0 | L41: Vertical | M41: COLUMN <40 mm> | N41: New Construction | O41: SW3 - 200 X 300 | P41: Yes | Q41: 0.18 m³ | R41: Concrete-Rectangular-Column | S41: Structural Columns | T41: COLUMN <40 mm> | U41: No | V41: 2.95 | W41: 1 | X41: RCC_COLUMN | Z41: 05 2ND LEVEL | AA41: Concrete-Rectangular-Column: SW3 - 200 X 300 | AB41: 0g26lkPdX4oOgZBW9zmKab | AC41: By Type | AD41: 04 1ST LEVEL
A42: 3118493 | B42: 6.9775 | C42: COLUMN <40 mm> | D42: M40 | E42: 0 | F42: Yes | G42: 3075811 | H42: 2950 | I42: 1.4381 | J42: 04 1ST LEVEL | K42: 0 | L42: Vertical | M42: COLUMN <40 mm> | N42: New Construction | O42: SW3A - 250 X 1950 | P42: Yes | Q42: 1.44 m³ | R42: Concrete-Rectangular-Column | S42: Structural Columns | T42: COLUMN <40 mm> | U42: No | V42: 2.95 | W42: 1 | X42: RCC_COLUMN | Z42: 05 2ND LEVEL | AA42: Concrete-Rectangular-Column: SW3A - 250 X 1950 | AB42: 0g26lkPdX4oOgZBW9zmKaZ | AC42: By Type | AD42: 04 1ST LEVEL
A43: 3118495 | B43: 2.8975 | C43: COLUMN <40 mm> | D43: M40 | E43: 0 | F43: Yes | G43: 3075838 | H43: 2950 | I43: 0.4978 | J43: 04 1ST LEVEL | K43: 0 | L43: Vertical | M43: COLUMN <40 mm> | N43: New Construction | O43: SW3A - 250 X 675 | P43: Yes | Q43: 0.50 m³ | R43: Concrete-Rectangular-Column | S43: Structural Columns | T43: COLUMN <40 mm> | U43: No | V43: 2.95 | W43: 1 | X43: RCC_COLUMN | Z43: 05 2ND LEVEL | AA43: Concrete-Rectangular-Column: SW3A - 250 X 675 | AB43: 0g26lkPdX4oOgZBW9zmKaX | AC43: By Type | AD43: 04 1ST LEVEL
A44: 3118499 | B44: 6.1775 | C44: COLUMN <40 mm> | D44: M40 | E44: 0 | F44: Yes | G44: 3076022 | H44: 2950 | I44: 1.2537 | J44: 04 1ST LEVEL | K44: 0 | L44: Vertical | M44: COLUMN <40 mm> | N44: New Construction | O44: SW4 - 250 X 1700 | P44: Yes | Q44: 1.25 m³ | R44: Concrete-Rectangular-Column | S44: Structural Columns | T44: COLUMN <40 mm> | U44: No | V44: 2.95 | W44: 1 | X44: RCC_COLUMN | Z44: 05 2ND LEVEL | AA44: Concrete-Rectangular-Column: SW4 - 250 X 1700 | AB44: 0g26lkPdX4oOgZBW9zmKaT | AC44: By Type | AD44: 04 1ST LEVEL
A45: 3118501 | B45: 3.19 | C45: COLUMN <40 mm> | D45: M40 | E45: 0 | F45: Yes | G45: 3076222 | H45: 2950 | I45: 0.708 | J45: 04 1ST LEVEL | K45: 0 | L45: Vertical | M45: COLUMN <40 mm> | N45: New Construction | O45: SW6 - 400 X 600 | P45: Yes | Q45: 0.71 m³ | R45: Concrete-Rectangular-Column | S45: Structural Columns | T45: COLUMN <40 mm> | U45: No | V45: 2.95 | W45: 1 | X45: RCC_COLUMN | Z45: 05 2ND LEVEL | AA45: Concrete-Rectangular-Column: SW6 - 400 X 600 | AB45: 0g26lkPdX4oOgZBW9zmKaR | AC45: By Type | AD45: 04 1ST LEVEL
A46: 3118505 | B46: 5.2075 | C46: COLUMN <40 mm> | D46: M40 | E46: 0 | F46: Yes | G46: 3105465 | H46: 2950 | I46: 1.177 | J46: 04 1ST LEVEL | K46: 0 | L46: Vertical | M46: COLUMN <40 mm> | N46: New Construction | O46: SW7B - 300 X 1330 | P46: Yes | Q46: 1.18 m³ | R46: Concrete-Rectangular-Column | S46: Structural Columns | T46: COLUMN <40 mm> | U46: No | V46: 2.95 | W46: 1 | X46: RCC_COLUMN | Z46: 05 2ND LEVEL | AA46: Concrete-Rectangular-Column: SW7B - 300 X 1330 | AB46: 0g26lkPdX4oOgZBW9zmKaN | AC46: By Type | AD46: 04 1ST LEVEL
A47: 3118507 | B47: 4.135 | C47: COLUMN <40 mm> | D47: M40 | E47: 0 | F47: Yes | G47: 3076717 | H47: 2950 | I47: 0.885 | J47: 04 1ST LEVEL | K47: 0 | L47: Vertical | M47: COLUMN <40 mm> | N47: New Construction | O47: C6 - 300 X 1000 | P47: Yes | Q47: 0.89 m³ | R47: Concrete-Rectangular-Column | S47: Structural Columns | T47: COLUMN <40 mm> | U47: No | V47: 2.95 | W47: 1 | X47: RCC_COLUMN | Z47: 05 2ND LEVEL | AA47: Concrete-Rectangular-Column: C6 - 300 X 1000 | AB47: 0g26lkPdX4oOgZBW9zmKaL | AC47: By Type | AD47: 04 1ST LEVEL
A48: 3118509 | B48: 3.81 | C48: COLUMN <40 mm> | D48: M40 | E48: 0 | F48: Yes | G48: 3119205 | H48: 2950 | I48: 0.7965 | J48: 04 1ST LEVEL | K48: 0 | L48: Vertical | N48: New Construction | O48: FC - 300 X 900 | P48: Yes | Q48: 0.80 m³ | R48: Concrete-Rectangular-Column | S48: Structural Columns | T48: COLUMN <40 mm> | U48: No | V48: 2.95 | W48: 1 | X48: RCC_COLUMN | Z48: 05 2ND LEVEL | AA48: Concrete-Rectangular-Column: FC - 300 X 900 | AB48: 0g26lkPdX4oOgZBW9zmKaJ | AC48: By Type | AD48: 04 1ST LEVEL
A49: 3118511 | B49: 3.81 | C49: COLUMN <40 mm> | D49: M40 | E49: 0 | F49: Yes | G49: 3123481 | H49: 2950 | I49: 0.7965 | J49: 04 1ST LEVEL | K49: 0 | L49: Vertical | M49: COLUMN <40 mm> | N49: New Construction | O49: C4 - 300 X 900 | P49: Yes | Q49: 0.80 m³ | R49: Concrete-Rectangular-Column | S49: Structural Columns | T49: COLUMN <40 mm> | U49: No | V49: 2.95 | W49: 1 | X49: RCC_COLUMN | Z49: 05 2ND LEVEL | AA49: Concrete-Rectangular-Column: C4 - 300 X 900 | AB49: 0g26lkPdX4oOgZBW9zmKaH | AC49: By Type | AD49: 04 1ST LEVEL
A50: 3118513 | B50: 7.2975 | C50: COLUMN <40 mm> | D50: M40 | E50: 0 | F50: Yes | G50: 3076916 | H50: 2950 | I50: 1.5119 | J50: 04 1ST LEVEL | K50: 0 | L50: Vertical | M50: COLUMN <40 mm> | N50: New Construction | O50: LW1 - 250 X 2050 | P50: Yes | Q50: 1.51 m³ | R50: Concrete-Rectangular-Column | S50: Structural Columns | T50: COLUMN <40 mm> | U50: No | V50: 2.95 | W50: 1 | X50: RCC_COLUMN | Z50: 05 2ND LEVEL | AA50: Concrete-Rectangular-Column: LW1 - 250 X 2050 | AB50: 0g26lkPdX4oOgZBW9zmKaF | AC50: By Type | AD50: 04 1ST LEVEL
A51: 3118515 | B51: 7.205 | C51: COLUMN <40 mm> | D51: M40 | E51: 0 | F51: Yes | G51: 3077029 | H51: 2950 | I51: 1.239 | J51: 04 1ST LEVEL | K51: 0 | L51: Vertical | M51: COLUMN <40 mm> | N51: New Construction | O51: LW3 - 200 X 2100 | P51: Yes | Q51: 1.24 m³ | R51: Concrete-Rectangular-Column | S51: Structural Columns | T51: COLUMN <40 mm> | U51: No | V51: 2.95 | W51: 1 | X51: RCC_COLUMN | Z51: 05 2ND LEVEL | AA51: Concrete-Rectangular-Column: LW3 - 200 X 2100 | AB51: 0g26lkPdX4oOgZBW9zmKaD | AC51: By Type | AD51: 04 1ST LEVEL
A52: 3118517 | B52: 14.6075 | C52: COLUMN <40 mm> | D52: M40 | E52: 0 | F52: Yes | G52: 3077247 | H52: 2950 | I52: 2.6255 | J52: 04 1ST LEVEL | K52: 0 | L52: Vertical | M52: COLUMN <40 mm> | N52: New Construction | O52: LW2 - 200 X 4450 | P52: Yes | Q52: 2.63 m³ | R52: Concrete-Rectangular-Column | S52: Structural Columns | T52: COLUMN <40 mm> | U52: No | V52: 2.95 | W52: 1 | X52: RCC_COLUMN | Z52: 05 2ND LEVEL | AA52: Concrete-Rectangular-Column: LW2 - 200 X 4450 | AB52: 0g26lkPdX4oOgZBW9zmKaB | AC52: By Type | AD52: 04 1ST LEVEL
A53: 3118525 | B53: 3.8588 | C53: COLUMN <40 mm> | D53: M40 | E53: 0 | F53: Yes | G53: 3105446 | H53: 2950 | I53: 0.8098 | J53: 04 1ST LEVEL | K53: 0 | L53: Vertical | M53: COLUMN <40 mm> | N53: New Construction | O53: SW7A - 300 X 915 | P53: Yes | Q53: 0.81 m³ | R53: Concrete-Rectangular-Column | S53: Structural Columns | T53: COLUMN <40 mm> | U53: No | V53: 2.95 | W53: 1 | X53: RCC_COLUMN | Z53: 05 2ND LEVEL | AA53: Concrete-Rectangular-Column: SW7A - 300 X 915 | AB53: 0g26lkPdX4oOgZBW9zmKa3 | AC53: By Type | AD53: 04 1ST LEVEL
A54: 3126813 | B54: 3.81 | C54: COLUMN <40 mm> | D54: M40 | E54: 0 | F54: Yes | G54: 2270699 | H54: 2950 | I54: 0.7965 | J54: 05 2ND LEVEL | K54: 0 | L54: Vertical | M54: COLUMN <40 mm> | N54: New Construction | O54: C1 - 300 X 900 | P54: Yes | Q54: 0.80 m³ | R54: Concrete-Rectangular-Column | S54: Structural Columns | T54: COLUMN <40 mm> | U54: No | V54: 2.95 | W54: 1 | X54: RCC_COLUMN | Y54: P31 | Z54: 06 3RD LEVEL | AA54: Concrete-Rectangular-Column: C1 - 300 X 900 | AB54: 09Ys5OXKv3UAz2iOv$6_pg | AC54: By Type | AD54: 05 2ND LEVEL
A55: 3126815 | B55: 3.485 | C55: COLUMN <40 mm> | D55: M40 | E55: 0 | F55: Yes | G55: 3113818 | H55: 2950 | I55: 0.708 | J55: 05 2ND LEVEL | K55: 0 | L55: Vertical | M55: COLUMN <40 mm> | N55: New Construction | O55: C2 - 300 X 800 | P55: Yes | Q55: 0.71 m³ | R55: Concrete-Rectangular-Column | S55: Structural Columns | T55: COLUMN <40 mm> | U55: No | V55: 2.95 | W55: 1 | X55: RCC_COLUMN | Z55: 06 3RD LEVEL | AA55: Concrete-Rectangular-Column: C2 - 300 X 800 | AB55: 09Ys5OXKv3UAz2iOv$6_pe | AC55: By Type | AD55: 05 2ND LEVEL
A56: 3126817 | B56: 4.235 | C56: COLUMN <40 mm> | D56: M40 | E56: 0 | F56: Yes | G56: 3072865 | H56: 2950 | I56: 1.18 | J56: 05 2ND LEVEL | K56: 0 | L56: Vertical | M56: COLUMN <40 mm> | N56: New Construction | O56: C3 - 500 X 800 | P56: Yes | Q56: 1.18 m³ | R56: Concrete-Rectangular-Column | S56: Structural Columns | T56: COLUMN <40 mm> | U56: No | V56: 2.95 | W56: 1 | X56: RCC_COLUMN | Z56: 06 3RD LEVEL | AA56: Concrete-Rectangular-Column: C3 - 500 X 800 | AB56: 09Ys5OXKv3UAz2iOv$6_pM | AC56: By Type | AD56: 05 2ND LEVEL
A57: 3126819 | B57: 4.2175 | C57: COLUMN <40 mm> | D57: M40 | E57: 0 | F57: Yes | G57: 3080622 | H57: 2950 | I57: 1.1284 | J57: 05 2ND LEVEL | K57: 0 | L57: Vertical | M57: COLUMN <40 mm> | N57: New Construction | O57: SW1- 450 X 850 | P57: Yes | Q57: 1.13 m³ | R57: Concrete-Rectangular-Column | S57: Structural Columns | T57: COLUMN <40 mm> | U57: No | V57: 2.95 | W57: 1 | X57: RCC_COLUMN | Z57: 06 3RD LEVEL | AA57: Concrete-Rectangular-Column: SW1- 450 X 850 | AB57: 09Ys5OXKv3UAz2iOv$6_pK | AC57: By Type | AD57: 05 2ND LEVEL
A58: 3126821 | B58: 6.9775 | C58: COLUMN <40 mm> | D58: M40 | E58: 0 | F58: Yes | G58: 3072997 | H58: 2950 | I58: 1.4381 | J58: 05 2ND LEVEL | K58: 0 | L58: Vertical | M58: COLUMN <40 mm> | N58: New Construction | O58: SW3 - 250 X 1950 | P58: Yes | Q58: 1.44 m³ | R58: Concrete-Rectangular-Column | S58: Structural Columns | T58: COLUMN <40 mm> | U58: No | V58: 2.95 | W58: 1 | X58: RCC_COLUMN | Z58: 06 3RD LEVEL | AA58: Concrete-Rectangular-Column: SW3 - 250 X 1950 | AB58: 09Ys5OXKv3UAz2iOv$6_pI | AC58: By Type | AD58: 05 2ND LEVEL
A59: 3126823 | B59: 1.535 | C59: COLUMN <40 mm> | D59: M40 | E59: 0 | F59: Yes | G59: 3073021 | H59: 2950 | I59: 0.177 | J59: 05 2ND LEVEL | K59: 0 | L59: Vertical | M59: COLUMN <40 mm> | N59: New Construction | O59: SW3 - 200 X 300 | P59: Yes | Q59: 0.18 m³ | R59: Concrete-Rectangular-Column | S59: Structural Columns | T59: COLUMN <40 mm> | U59: No | V59: 2.95 | W59: 1 | X59: RCC_COLUMN | Z59: 06 3RD LEVEL | AA59: Concrete-Rectangular-Column: SW3 - 200 X 300 | AB59: 09Ys5OXKv3UAz2iOv$6_pG | AC59: By Type | AD59: 05 2ND LEVEL
A60: 3126825 | B60: 6.9775 | C60: COLUMN <40 mm> | D60: M40 | E60: 0 | F60: Yes | G60: 3075811 | H60: 2950 | I60: 1.4381 | J60: 05 2ND LEVEL | K60: 0 | L60: Vertical | M60: COLUMN <40 mm> | N60: New Construction | O60: SW3A - 250 X 1950 | P60: Yes | Q60: 1.44 m³ | R60: Concrete-Rectangular-Column | S60: Structural Columns | T60: COLUMN <40 mm> | U60: No | V60: 2.95 | W60: 1 | X60: RCC_COLUMN | Z60: 06 3RD LEVEL | AA60: Concrete-Rectangular-Column: SW3A - 250 X 1950 | AB60: 09Ys5OXKv3UAz2iOv$6_pU | AC60: By Type | AD60: 05 2ND LEVEL
A61: 3126827 | B61: 2.8975 | C61: COLUMN <40 mm> | D61: M40 | E61: 0 | F61: Yes | G61: 3075838 | H61: 2950 | I61: 0.4978 | J61: 05 2ND LEVEL | K61: 0 | L61: Vertical | M61: COLUMN <40 mm> | N61: New Construction | O61: SW3A - 250 X 675 | P61: Yes | Q61: 0.50 m³ | R61: Concrete-Rectangular-Column | S61: Structural Columns | T61: COLUMN <40 mm> | U61: No | V61: 2.95 | W61: 1 | X61: RCC_COLUMN | Z61: 06 3RD LEVEL | AA61: Concrete-Rectangular-Column: SW3A - 250 X 675 | AB61: 09Ys5OXKv3UAz2iOv$6_pS | AC61: By Type | AD61: 05 2ND LEVEL
A62: 3126831 | B62: 6.1775 | C62: COLUMN <40 mm> | D62: M40 | E62: 0 | F62: Yes | G62: 3076022 | H62: 2950 | I62: 1.2537 | J62: 05 2ND LEVEL | K62: 0 | L62: Vertical | M62: COLUMN <40 mm> | N62: New Construction | O62: SW4 - 250 X 1700 | P62: Yes | Q62: 1.25 m³ | R62: Concrete-Rectangular-Column | S62: Structural Columns | T62: COLUMN <40 mm> | U62: No | V62: 2.95 | W62: 1 | X62: RCC_COLUMN | Z62: 06 3RD LEVEL | AA62: Concrete-Rectangular-Column: SW4 - 250 X 1700 | AB62: 09Ys5OXKv3UAz2iOv$6_pO | AC62: By Type | AD62: 05 2ND LEVEL
A63: 3126833 | B63: 3.19 | C63: COLUMN <40 mm> | D63: M40 | E63: 0 | F63: Yes | G63: 3076222 | H63: 2950 | I63: 0.708 | J63: 05 2ND LEVEL | K63: 0 | L63: Vertical | M63: COLUMN <40 mm> | N63: New Construction | O63: SW6 - 400 X 600 | P63: Yes | Q63: 0.71 m³ | R63: Concrete-Rectangular-Column | S63: Structural Columns | T63: COLUMN <40 mm> | U63: No | V63: 2.95 | W63: 1 | X63: RCC_COLUMN | Z63: 06 3RD LEVEL | AA63: Concrete-Rectangular-Column: SW6 - 400 X 600 | AB63: 09Ys5OXKv3UAz2iOv$6_p6 | AC63: By Type | AD63: 05 2ND LEVEL
A64: 3126837 | B64: 5.2075 | C64: COLUMN <40 mm> | D64: M40 | E64: 0 | F64: Yes | G64: 3105465 | H64: 2950 | I64: 1.177 | J64: 05 2ND LEVEL | K64: 0 | L64: Vertical | M64: COLUMN <40 mm> | N64: New Construction | O64: SW7B - 300 X 1330 | P64: Yes | Q64: 1.18 m³ | R64: Concrete-Rectangular-Column | S64: Structural Columns | T64: COLUMN <40 mm> | U64: No | V64: 2.95 | W64: 1 | X64: RCC_COLUMN | Z64: 06 3RD LEVEL | AA64: Concrete-Rectangular-Column: SW7B - 300 X 1330 | AB64: 09Ys5OXKv3UAz2iOv$6_p2 | AC64: By Type | AD64: 05 2ND LEVEL
A65: 3126839 | B65: 4.135 | C65: COLUMN <40 mm> | D65: M40 | E65: 0 | F65: Yes | G65: 3076717 | H65: 2950 | I65: 0.885 | J65: 05 2ND LEVEL | K65: 0 | L65: Vertical | M65: COLUMN <40 mm> | N65: New Construction | O65: C6 - 300 X 1000 | P65: Yes | Q65: 0.89 m³ | R65: Concrete-Rectangular-Column | S65: Structural Columns | T65: COLUMN <40 mm> | U65: No | V65: 2.95 | W65: 1 | X65: RCC_COLUMN | Z65: 06 3RD LEVEL | AA65: Concrete-Rectangular-Column: C6 - 300 X 1000 | AB65: 09Ys5OXKv3UAz2iOv$6_p0 | AC65: By Type | AD65: 05 2ND LEVEL
A66: 3126841 | B66: 3.81 | C66: COLUMN <40 mm> | D66: M40 | E66: 0 | F66: Yes | G66: 3119205 | H66: 2950 | I66: 0.7965 | J66: 05 2ND LEVEL | K66: 0 | L66: Vertical | M66: COLUMN <40 mm> | N66: New Construction | O66: FC - 300 X 900 | P66: Yes | Q66: 0.80 m³ | R66: Concrete-Rectangular-Column | S66: Structural Columns | T66: COLUMN <40 mm> | U66: No | V66: 2.95 | W66: 1 | X66: RCC_COLUMN | Z66: 06 3RD LEVEL | AA66: Concrete-Rectangular-Column: FC - 300 X 900 | AB66: 09Ys5OXKv3UAz2iOv$6_pE | AC66: By Type | AD66: 05 2ND LEVEL
... A71: 3126857 | B71: 3.8588 | C71: COLUMN <40 mm> | D71: M40 | E71: 0 | F71: Yes | G71: 3105446 | H71: 2950 | I71: 0.8098 | J71: 05 2ND LEVEL | K71: 0 | L71: Vertical | M71: COLUMN <40 mm> | N71: New Construction | O71: SW7A - 300 X 915 | P71: Yes | Q71: 0.81 m³ | R71: Concrete-Rectangular-Column | S71: Structural Columns | T71: COLUMN <40 mm> | U71: No | V71: 2.95 | W71: 1 | X71: RCC_COLUMN | Z71: 06 3RD LEVEL | AA71: Concrete-Rectangular-Column: SW7A - 300 X 915 | AB71: 09Ys5OXKv3UAz2iOv$6_o_ | AC71: By Type | AD71: 05 2ND LEVEL
A72: 3127999 | B72: 3.81 | C72: COLUMN <40 mm> | D72: M40 | E72: 0 | F72: Yes | G72: 2270699 | H72: 2950 | I72: 0.7965 | J72: 06 3RD LEVEL | K72: 0 | L72: Vertical | M72: COLUMN <40 mm> | N72: New Construction | O72: C1 - 300 X 900 | P72: Yes | Q72: 0.80 m³ | R72: Concrete-Rectangular-Column | S72: Structural Columns | T72: COLUMN <40 mm> | U72: No | V72: 2.95 | W72: 1 | X72: RCC_COLUMN | Y72: P31 | Z72: 07 4TH LEVEL | AA72: Concrete-Rectangular-Column: C1 - 300 X 900 | AB72: 21CQ5RLDzB$hYK9Aj$kVRu | AC72: By Type | AD72: 06 3RD LEVEL
A73: 3128001 | B73: 3.485 | C73: COLUMN <40 mm> | D73: M40 | E73: 0 | F73: Yes | G73: 3113818 | H73: 2950 | I73: 0.708 | J73: 06 3RD LEVEL | K73: 0 | L73: Vertical | M73: COLUMN <40 mm> | N73: New Construction | O73: C2 - 300 X 800 | P73: Yes | Q73: 0.71 m³ | R73: Concrete-Rectangular-Column | S73: Structural Columns | T73: COLUMN <40 mm> | U73: No | V73: 2.95 | W73: 1 | X73: RCC_COLUMN | Z73: 07 4TH LEVEL | AA73: Concrete-Rectangular-Column: C2 - 300 X 800 | AB73: 21CQ5RLDzB$hYK9Aj$kVQ6 | AC73: By Type | AD73: 06 3RD LEVEL
A74: 3128003 | B74: 4.235 | C74: COLUMN <40 mm> | D74: M40 | E74: 0 | F74: Yes | G74: 3072865 | H74: 2950 | I74: 1.18 | J74: 06 3RD LEVEL | K74: 0 | L74: Vertical | M74: COLUMN <40 mm> | N74: New Construction | O74: C3 - 500 X 800 | P74: Yes | Q74: 1.18 m³ | R74: Concrete-Rectangular-Column | S74: Structural Columns | T74: COLUMN <40 mm> | U74: No | V74: 2.95 | W74: 1 | X74: RCC_COLUMN | Z74: 07 4TH LEVEL | AA74: Concrete-Rectangular-Column: C3 - 500 X 800 | AB74: 21CQ5RLDzB$hYK9Aj$kVQ4 | AC74: By Type | AD74: 06 3RD LEVEL
A75: 3128005 | B75: 4.2175 | C75: COLUMN <40 mm> | D75: M40 | E75: 0 | F75: Yes | G75: 3080622 | H75: 2950 | I75: 1.1284 | J75: 06 3RD LEVEL | K75: 0 | L75: Vertical | M75: COLUMN <40 mm> | N75: New Construction | O75: SW1- 450 X 850 | P75: Yes | Q75: 1.13 m³ | R75: Concrete-Rectangular-Column | S75: Structural Columns | T75: COLUMN <40 mm> | U75: No | V75: 2.95 | W75: 1 | X75: RCC_COLUMN | Z75: 07 4TH LEVEL | AA75: Concrete-Rectangular-Column: SW1- 450 X 850 | AB75: 21CQ5RLDzB$hYK9Aj$kVQ2 | AC75: By Type | AD75: 06 3RD LEVEL
A76: 3128007 | B76: 6.9775 | C76: COLUMN <40 mm> | D76: M40 | E76: 0 | F76: Yes | G76: 3072997 | H76: 2950 | I76: 1.4381 | J76: 06 3RD LEVEL | K76: 0 | L76: Vertical | M76: COLUMN <40 mm> | N76: New Construction | O76: SW3 - 250 X 1950 | P76: Yes | Q76: 1.44 m³ | R76: Concrete-Rectangular-Column | S76: Structural Columns | T76: COLUMN <40 mm> | U76: No | V76: 2.95 | W76: 1 | X76: RCC_COLUMN | Z76: 07 4TH LEVEL | AA76: Concrete-Rectangular-Column: SW3 - 250 X 1950 | AB76: 21CQ5RLDzB$hYK9Aj$kVQ0 | AC76: By Type | AD76: 06 3RD LEVEL
A77: 3128009 | B77: 1.535 | C77: COLUMN <40 mm> | D77: M40 | E77: 0 | F77: Yes | G77: 3073021 | H77: 2950 | I77: 0.177 | J77: 06 3RD LEVEL | K77: 0 | L77: Vertical | M77: COLUMN <40 mm> | N77: New Construction | O77: SW3 - 200 X 300 | P77: Yes | Q77: 0.18 m³ | R77: Concrete-Rectangular-Column | S77: Structural Columns | T77: COLUMN <40 mm> | U77: No | V77: 2.95 | W77: 1 | X77: RCC_COLUMN | Z77: 07 4TH LEVEL | AA77: Concrete-Rectangular-Column: SW3 - 200 X 300 | AB77: 21CQ5RLDzB$hYK9Aj$kVQE | AC77: By Type | AD77: 06 3RD LEVEL
A78: 3128011 | B78: 6.9775 | C78: COLUMN <40 mm> | D78: M40 | E78: 0 | F78: Yes | G78: 3075811 | H78: 2950 | I78: 1.4381 | J78: 06 3RD LEVEL | K78: 0 | L78: Vertical | M78: COLUMN <40 mm> | N78: New Construction | O78: SW3A - 250 X 1950 | P78: Yes | Q78: 1.44 m³ | R78: Concrete-Rectangular-Column | S78: Structural Columns | T78: COLUMN <40 mm> | U78: No | V78: 2.95 | W78: 1 | X78: RCC_COLUMN | Z78: 07 4TH LEVEL | AA78: Concrete-Rectangular-Column: SW3A - 250 X 1950 | AB78: 21CQ5RLDzB$hYK9Aj$kVQC | AC78: By Type | AD78: 06 3RD LEVEL
A79: 3128013 | B79: 2.8975 | C79: COLUMN <40 mm> | D79: M40 | E79: 0 | F79: Yes | G79: 3075838 | H79: 2950 | I79: 0.4978 | J79: 06 3RD LEVEL | K79: 0 | L79: Vertical | M79: COLUMN <40 mm> | N79: New Construction | O79: SW3A - 250 X 675 | P79: Yes | Q79: 0.50 m³ | R79: Concrete-Rectangular-Column | S79: Structural Columns | T79: COLUMN <40 mm> | U79: No | V79: 2.95 | W79: 1 | X79: RCC_COLUMN | Z79: 07 4TH LEVEL | AA79: Concrete-Rectangular-Column: SW3A - 250 X 675 | AB79: 21CQ5RLDzB$hYK9Aj$kVQA | AC79: By Type | AD79: 06 3RD LEVEL
A80: 3128017 | B80: 6.1775 | C80: COLUMN <40 mm> | D80: M40 | E80: 0 | F80: Yes | G80: 3076022 | H80: 2950 | I80: 1.2537 | J80: 06 3RD LEVEL | K80: 0 | L80: Vertical | M80: COLUMN <40 mm> | N80: New Construction | O80: SW4 - 250 X 1700 | P80: Yes | Q80: 1.25 m³ | R80: Concrete-Rectangular-Column | S80: Structural Columns | T80: COLUMN <40 mm> | U80: No | V80: 2.95 | W80: 1 | X80: RCC_COLUMN | Z80: 07 4TH LEVEL | AA80: Concrete-Rectangular-Column: SW4 - 250 X 1700 | AB80: 21CQ5RLDzB$hYK9Aj$kVQM | AC80: By Type | AD80: 06 3RD LEVEL
A81: 3128019 | B81: 3.19 | C81: COLUMN <40 mm> | D81: M40 | E81: 0 | F81: Yes | G81: 3076222 | H81: 2950 | I81: 0.708 | J81: 06 3RD LEVEL | K81: 0 | L81: Vertical | M81: COLUMN <40 mm> | N81: New Construction | O81: SW6 - 400 X 600 | P81: Yes | Q81: 0.71 m³ | R81: Concrete-Rectangular-Column | S81: Structural Columns | T81: COLUMN <40 mm> | U81: No | V81: 2.95 | W81: 1 | X81: RCC_COLUMN | Z81: 07 4TH LEVEL | AA81: Concrete-Rectangular-Column: SW6 - 400 X 600 | AB81: 21CQ5RLDzB$hYK9Aj$kVQK | AC81: By Type | AD81: 06 3RD LEVEL
A82: 3128023 | B82: 5.2075 | C82: COLUMN <40 mm> | D82: M40 | E82: 0 | F82: Yes | G82: 3105465 | H82: 2950 | I82: 1.177 | J82: 06 3RD LEVEL | K82: 0 | L82: Vertical | M82: COLUMN <40 mm> | N82: New Construction | O82: SW7B - 300 X 1330 | P82: Yes | Q82: 1.18 m³ | R82: Concrete-Rectangular-Column | S82: Structural Columns | T82: COLUMN <40 mm> | U82: No | V82: 2.95 | W82: 1 | X82: RCC_COLUMN | Z82: 07 4TH LEVEL | AA82: Concrete-Rectangular-Column: SW7B - 300 X 1330 | AB82: 21CQ5RLDzB$hYK9Aj$kVQG | AC82: By Type | AD82: 06 3RD LEVEL
A83: 3128025 | B83: 4.135 | C83: COLUMN <40 mm> | D83: M40 | E83: 0 | F83: Yes | G83: 3076717 | H83: 2950 | I83: 0.885 | J83: 06 3RD LEVEL | K83: 0 | L83: Vertical | M83: COLUMN <40 mm> | N83: New Construction | O83: C6 - 300 X 1000 | P83: Yes | Q83: 0.89 m³ | R83: Concrete-Rectangular-Column | S83: Structural Columns | T83: COLUMN <40 mm> | U83: No | V83: 2.95 | W83: 1 | X83: RCC_COLUMN | Z83: 07 4TH LEVEL | AA83: Concrete-Rectangular-Column: C6 - 300 X 1000 | AB83: 21CQ5RLDzB$hYK9Aj$kVQU | AC83: By Type | AD83: 06 3RD LEVEL
A84: 3128027 | B84: 3.81 | C84: COLUMN <40 mm> | D84: M40 | E84: 0 | F84: Yes | G84: 3119205 | H84: 2950 | I84: 0.7965 | J84: 06 3RD LEVEL | K84: 0 | L84: Vertical | M84: COLUMN <40 mm> | N84: New Construction | O84: FC - 300 X 900 | P84: Yes | Q84: 0.80 m³ | R84: Concrete-Rectangular-Column | S84: Structural Columns | T84: COLUMN <40 mm> | U84: No | V84: 2.95 | W84: 1 | X84: RCC_COLUMN | Z84: 07 4TH LEVEL | AA84: Concrete-Rectangular-Column: FC - 300 X 900 | AB84: 21CQ5RLDzB$hYK9Aj$kVQS | AC84: By Type | AD84: 06 3RD LEVEL
... A89: 3128043 | B89: 3.8588 | C89: COLUMN <40 mm> | D89: M40 | E89: 0 | F89: Yes | G89: 3105446 | H89: 2950 | I89: 0.8098 | J89: 06 3RD LEVEL | K89: 0 | L89: Vertical | M89: COLUMN <40 mm> | N89: New Construction | O89: SW7A - 300 X 915 | P89: Yes | Q89: 0.81 m³ | R89: Concrete-Rectangular-Column | S89: Structural Columns | T89: COLUMN <40 mm> | U89: No | V89: 2.95 | W89: 1 | X89: RCC_COLUMN | Z89: 07 4TH LEVEL | AA89: Concrete-Rectangular-Column: SW7A - 300 X 915 | AB89: 21CQ5RLDzB$hYK9Aj$kVQi | AC89: By Type | AD89: 06 3RD LEVEL
A90: 3136117 | B90: 3.81 | C90: COLUMN <40 mm> | D90: M40 | E90: 0 | F90: Yes | G90: 2270699 | H90: 2950 | I90: 0.7965 | J90: 08 5TH LEVEL | K90: 0 | L90: Vertical | M90: COLUMN <40 mm> | N90: New Construction | O90: C1 - 300 X 900 | P90: Yes | Q90: 0.80 m³ | R90: Concrete-Rectangular-Column | S90: Structural Columns | T90: COLUMN <40 mm> | U90: No | V90: 2.95 | W90: 1 | X90: RCC_COLUMN | Y90: P31 | Z90: 09 6TH LEVEL | AA90: Concrete-Rectangular-Column: C1 - 300 X 900 | AB90: 2K2F5Rw6X6Y852ei53muZi | AC90: By Type | AD90: 08 5TH LEVEL
A91: 3136119 | B91: 3.485 | C91: COLUMN <40 mm> | D91: M40 | E91: 0 | F91: Yes | G91: 3113818 | H91: 2950 | I91: 0.708 | J91: 08 5TH LEVEL | K91: 0 | L91: Vertical | M91: COLUMN <40 mm> | N91: New Construction | O91: C2 - 300 X 800 | P91: Yes | Q91: 0.71 m³ | R91: Concrete-Rectangular-Column | S91: Structural Columns | T91: COLUMN <40 mm> | U91: No | V91: 2.95 | W91: 1 | X91: RCC_COLUMN | Z91: 09 6TH LEVEL | AA91: Concrete-Rectangular-Column: C2 - 300 X 800 | AB91: 2K2F5Rw6X6Y852ei53muZk | AC91: By Type | AD91: 08 5TH LEVEL
A92: 3136121 | B92: 3.485 | C92: COLUMN <40 mm> | D92: M40 | E92: 0 | F92: Yes | G92: 3132717 | H92: 2950 | I92: 0.708 | J92: 08 5TH LEVEL | K92: 0 | L92: Vertical | M92: COLUMN <40 mm> | N92: New Construction | O92: C3 - 300 X 800 | P92: Yes | Q92: 0.71 m³ | R92: Concrete-Rectangular-Column | S92: Structural Columns | T92: COLUMN <40 mm> | U92: No | V92: 2.95 | W92: 1 | X92: RCC_COLUMN | Z92: 09 6TH LEVEL | AA92: Concrete-Rectangular-Column: C3 - 300 X 800 | AB92: 2K2F5Rw6X6Y852ei53muZW | AC92: By Type | AD92: 08 5TH LEVEL
A93: 3136123 | B93: 3.6475 | C93: COLUMN <40 mm> | D93: M40 | E93: 0 | F93: Yes | G93: 3132720 | H93: 2950 | I93: 0.7523 | J93: 08 5TH LEVEL | K93: 0 | L93: Vertical | M93: COLUMN <40 mm> | N93: New Construction | O93: SW1- 300 X 850 | P93: Yes | Q93: 0.75 m³ | R93: Concrete-Rectangular-Column | S93: Structural Columns | T93: COLUMN <40 mm> | U93: No | V93: 2.95 | W93: 1 | X93: RCC_COLUMN | Z93: 09 6TH LEVEL | AA93: Concrete-Rectangular-Column: SW1- 300 X 850 | AB93: 2K2F5Rw6X6Y852ei53muZY | AC93: By Type | AD93: 08 5TH LEVEL
A94: 3136125 | B94: 6.9775 | C94: COLUMN <40 mm> | D94: M40 | E94: 0 | F94: Yes | G94: 3072997 | H94: 2950 | I94: 1.4381 | J94: 08 5TH LEVEL | K94: 0 | L94: Vertical | M94: COLUMN <40 mm> | N94: New Construction | O94: SW3 - 250 X 1950 | P94: Yes | Q94: 1.44 m³ | R94: Concrete-Rectangular-Column | S94: Structural Columns | T94: COLUMN <40 mm> | U94: No | V94: 2.95 | W94: 1 | X94: RCC_COLUMN | Z94: 09 6TH LEVEL | AA94: Concrete-Rectangular-Column: SW3 - 250 X 1950 | AB94: 2K2F5Rw6X6Y852ei53muZa | AC94: By Type | AD94: 08 5TH LEVEL
A95: 3136127 | B95: 1.535 | C95: COLUMN <40 mm> | D95: M40 | E95: 0 | F95: Yes | G95: 3073021 | H95: 2950 | I95: 0.177 | J95: 08 5TH LEVEL | K95: 0 | L95: Vertical | M95: COLUMN <40 mm> | N95: New Construction | O95: SW3 - 200 X 300 | P95: Yes | Q95: 0.18 m³ | R95: Concrete-Rectangular-Column | S95: Structural Columns | T95: COLUMN <40 mm> | U95: No | V95: 2.95 | W95: 1 | X95: RCC_COLUMN | Z95: 09 6TH LEVEL | AA95: Concrete-Rectangular-Column: SW3 - 200 X 300 | AB95: 2K2F5Rw6X6Y852ei53muZc | AC95: By Type | AD95: 08 5TH LEVEL
A96: 3136129 | B96: 6.9775 | C96: COLUMN <40 mm> | D96: M40 | E96: 0 | F96: Yes | G96: 3075811 | H96: 2950 | I96: 1.4381 | J96: 08 5TH LEVEL | K96: 0 | L96: Vertical | M96: COLUMN <40 mm> | N96: New Construction | O96: SW3A - 250 X 1950 | P96: Yes | Q96: 1.44 m³ | R96: Concrete-Rectangular-Column | S96: Structural Columns | T96: COLUMN <40 mm> | U96: No | V96: 2.95 | W96: 1 | X96: RCC_COLUMN | Z96: 09 6TH LEVEL | AA96: Concrete-Rectangular-Column: SW3A - 250 X 1950 | AB96: 2K2F5Rw6X6Y852ei53muWO | AC96: By Type | AD96: 08 5TH LEVEL
A97: 3136131 | B97: 2.8975 | C97: COLUMN <40 mm> | D97: M40 | E97: 0 | F97: Yes | G97: 3075838 | H97: 2950 | I97: 0.4978 | J97: 08 5TH LEVEL | K97: 0 | L97: Vertical | M97: COLUMN <40 mm> | N97: New Construction | O97: SW3A - 250 X 675 | P97: Yes | Q97: 0.50 m³ | R97: Concrete-Rectangular-Column | S97: Structural Columns | T97: COLUMN <40 mm> | U97: No | V97: 2.95 | W97: 1 | X97: RCC_COLUMN | Z97: 09 6TH LEVEL | AA97: Concrete-Rectangular-Column: SW3A - 250 X 675 | AB97: 2K2F5Rw6X6Y852ei53muWQ | AC97: By Type | AD97: 08 5TH LEVEL
A98: 3136135 | B98: 6.1775 | C98: COLUMN <40 mm> | D98: M40 | E98: 0 | F98: Yes | G98: 3076022 | H98: 2950 | I98: 1.2537 | J98: 08 5TH LEVEL | K98: 0 | L98: Vertical | M98: COLUMN <40 mm> | N98: New Construction | O98: SW4 - 250 X 1700 | P98: Yes | Q98: 1.25 m³ | R98: Concrete-Rectangular-Column | S98: Structural Columns | T98: COLUMN <40 mm> | U98: No | V98: 2.95 | W98: 1 | X98: RCC_COLUMN | Z98: 09 6TH LEVEL | AA98: Concrete-Rectangular-Column: SW4 - 250 X 1700 | AB98: 2K2F5Rw6X6Y852ei53muWU | AC98: By Type | AD98: 08 5TH LEVEL
A99: 3136137 | B99: 3.19 | C99: COLUMN <40 mm> | D99: M40 | E99: 0 | F99: Yes | G99: 3076222 | H99: 2950 | I99: 0.708 | J99: 08 5TH LEVEL | K99: 0 | L99: Vertical | M99: COLUMN <40 mm> | N99: New Construction | O99: SW6 - 400 X 600 | P99: Yes | Q99: 0.71 m³ | R99: Concrete-Rectangular-Column | S99: Structural Columns | T99: COLUMN <40 mm> | U99: No | V99: 2.95 | W99: 1 | X99: RCC_COLUMN | Z99: 09 6TH LEVEL | AA99: Concrete-Rectangular-Column: SW6 - 400 X 600 | AB99: 2K2F5Rw6X6Y852ei53muWG | AC99: By Type | AD99: 08 5TH LEVEL
A100: 3136141 | B100: 5.2075 | C100: COLUMN <40 mm> | D100: M40 | E100: 0 | F100: Yes | G100: 3105465 | H100: 2950 | I100: 1.177 | J100: 08 5TH LEVEL | K100: 0 | L100: Vertical | M100: COLUMN <40 mm> | N100: New Construction | O100: SW7B - 300 X 1330 | P100: Yes | Q100: 1.18 m³ | R100: Concrete-Rectangular-Column | S100: Structural Columns | T100: COLUMN <40 mm> | U100: No | V100: 2.95 | W100: 1 | X100: RCC_COLUMN | Z100: 09 6TH LEVEL | AA100: Concrete-Rectangular-Column: SW7B - 300 X 1330 | AB100: 2K2F5Rw6X6Y852ei53muWK | AC100: By Type | AD100: 08 5TH LEVEL
A101: 3136143 | B101: 4.135 | C101: COLUMN <40 mm> | D101: M40 | E101: 0 | F101: Yes | G101: 3076717 | H101: 2950 | I101: 0.885 | J101: 08 5TH LEVEL | K101: 0 | L101: Vertical | M101: COLUMN <40 mm> | N101: New Construction | O101: C6 - 300 X 1000 | P101: Yes | Q101: 0.89 m³ | R101: Concrete-Rectangular-Column | S101: Structural Columns | T101: COLUMN <40 mm> | U101: No | V101: 2.95 | W101: 1 | X101: RCC_COLUMN | Z101: 09 6TH LEVEL | AA101: Concrete-Rectangular-Column: C6 - 300 X 1000 | AB101: 2K2F5Rw6X6Y852ei53muWM | AC101: By Type | AD101: 08 5TH LEVEL
A102: 3136145 | B102: 3.81 | C102: COLUMN <40 mm> | D102: M40 | E102: 0 | F102: Yes | G102: 3119205 | H102: 2950 | I102: 0.7965 | J102: 08 5TH LEVEL | K102: 0 | L102: Vertical | M102: COLUMN <40 mm> | N102: New Construction | O102: FC - 300 X 900 | P102: Yes | Q102: 0.80 m³ | R102: Concrete-Rectangular-Column | S102: Structural Columns | T102: COLUMN <40 mm> | U102: No | V102: 2.95 | W102: 1 | X102: RCC_COLUMN | Z102: 09 6TH LEVEL | AA102: Concrete-Rectangular-Column: FC - 300 X 900 | AB102: 2K2F5Rw6X6Y852ei53muW8 | AC102: By Type | AD102: 08 5TH LEVEL
... A107: 3136161 | B107: 3.8588 | C107: COLUMN <40 mm> | D107: M40 | E107: 0 | F107: Yes | G107: 3105446 | H107: 2950 | I107: 0.8098 | J107: 08 5TH LEVEL | K107: 0 | L107: Vertical | M107: COLUMN <40 mm> | N107: New Construction | O107: SW7A - 300 X 915 | P107: Yes | Q107: 0.81 m³ | R107: Concrete-Rectangular-Column | S107: Structural Columns | T107: COLUMN <40 mm> | U107: No | V107: 2.95 | W107: 1 | X107: RCC_COLUMN | Z107: 09 6TH LEVEL | AA107: Concrete-Rectangular-Column: SW7A - 300 X 915 | AB107: 2K2F5Rw6X6Y852ei53muWu | AC107: By Type | AD107: 08 5TH LEVEL
A108: 3137067 | B108: 3.81 | C108: COLUMN <40 mm> | D108: M40 | E108: 0 | F108: Yes | G108: 2270699 | H108: 2950 | I108: 0.7965 | J108: 09 6TH LEVEL | K108: 0 | L108: Vertical | M108: COLUMN <40 mm> | N108: New Construction | O108: C1 - 300 X 900 | P108: Yes | Q108: 0.80 m³ | R108: Concrete-Rectangular-Column | S108: Structural Columns | T108: COLUMN <40 mm> | U108: No | V108: 2.95 | W108: 1 | X108: RCC_COLUMN | Y108: P31 | Z108: 10 7TH LEVEL | AA108: Concrete-Rectangular-Column: C1 - 300 X 900 | AB108: 1sB$mGqbXA$eAUQSIgQWU8 | AC108: By Type | AD108: 09 6TH LEVEL
A109: 3137069 | B109: 3.485 | C109: COLUMN <40 mm> | D109: M40 | E109: 0 | F109: Yes | G109: 3113818 | H109: 2950 | I109: 0.708 | J109: 09 6TH LEVEL | K109: 0 | L109: Vertical | M109: COLUMN <40 mm> | N109: New Construction | O109: C2 - 300 X 800 | P109: Yes | Q109: 0.71 m³ | R109: Concrete-Rectangular-Column | S109: Structural Columns | T109: COLUMN <40 mm> | U109: No | V109: 2.95 | W109: 1 | X109: RCC_COLUMN | Z109: 10 7TH LEVEL | AA109: Concrete-Rectangular-Column: C2 - 300 X 800 | AB109: 1sB$mGqbXA$eAUQSIgQWUE | AC109: By Type | AD109: 09 6TH LEVEL
A110: 3137071 | B110: 3.485 | C110: COLUMN <40 mm> | D110: M40 | E110: 0 | F110: Yes | G110: 3132717 | H110: 2950 | I110: 0.708 | J110: 09 6TH LEVEL | K110: 0 | L110: Vertical | M110: COLUMN <40 mm> | N110: New Construction | O110: C3 - 300 X 800 | P110: Yes | Q110: 0.71 m³ | R110: Concrete-Rectangular-Column | S110: Structural Columns | T110: COLUMN <40 mm> | U110: No | V110: 2.95 | W110: 1 | X110: RCC_COLUMN | Z110: 10 7TH LEVEL | AA110: Concrete-Rectangular-Column: C3 - 300 X 800 | AB110: 1sB$mGqbXA$eAUQSIgQWUC | AC110: By Type | AD110: 09 6TH LEVEL
A111: 3137073 | B111: 3.6475 | C111: COLUMN <40 mm> | D111: M40 | E111: 0 | F111: Yes | G111: 3132720 | H111: 2950 | I111: 0.7523 | J111: 09 6TH LEVEL | K111: 0 | L111: Vertical | M111: COLUMN <40 mm> | N111: New Construction | O111: SW1- 300 X 850 | P111: Yes | Q111: 0.75 m³ | R111: Concrete-Rectangular-Column | S111: Structural Columns | T111: COLUMN <40 mm> | U111: No | V111: 2.95 | W111: 1 | X111: RCC_COLUMN | Z111: 10 7TH LEVEL | AA111: Concrete-Rectangular-Column: SW1- 300 X 850 | AB111: 1sB$mGqbXA$eAUQSIgQWUI | AC111: By Type | AD111: 09 6TH LEVEL
A112: 3137075 | B112: 6.9775 | C112: COLUMN <40 mm> | D112: M40 | E112: 0 | F112: Yes | G112: 3072997 | H112: 2950 | I112: 1.4381 | J112: 09 6TH LEVEL | K112: 0 | L112: Vertical | M112: COLUMN <40 mm> | N112: New Construction | O112: SW3 - 250 X 1950 | P112: Yes | Q112: 1.44 m³ | R112: Concrete-Rectangular-Column | S112: Structural Columns | T112: COLUMN <40 mm> | U112: No | V112: 2.95 | W112: 1 | X112: RCC_COLUMN | Z112: 10 7TH LEVEL | AA112: Concrete-Rectangular-Column: SW3 - 250 X 1950 | AB112: 1sB$mGqbXA$eAUQSIgQWUG | AC112: By Type | AD112: 09 6TH LEVEL
A113: 3137077 | B113: 1.535 | C113: COLUMN <40 mm> | D113: M40 | E113: 0 | F113: Yes | G113: 3073021 | H113: 2950 | I113: 0.177 | J113: 09 6TH LEVEL | K113: 0 | L113: Vertical | M113: COLUMN <40 mm> | N113: New Construction | O113: SW3 - 200 X 300 | P113: Yes | Q113: 0.18 m³ | R113: Concrete-Rectangular-Column | S113: Structural Columns | T113: COLUMN <40 mm> | U113: No | V113: 2.95 | W113: 1 | X113: RCC_COLUMN | Z113: 10 7TH LEVEL | AA113: Concrete-Rectangular-Column: SW3 - 200 X 300 | AB113: 1sB$mGqbXA$eAUQSIgQWUM | AC113: By Type | AD113: 09 6TH LEVEL
A114: 3137079 | B114: 6.9775 | C114: COLUMN <40 mm> | D114: M40 | E114: 0 | F114: Yes | G114: 3075811 | H114: 2950 | I114: 1.4381 | J114: 09 6TH LEVEL | K114: 0 | L114: Vertical | M114: COLUMN <40 mm> | N114: New Construction | O114: SW3A - 250 X 1950 | P114: Yes | Q114: 1.44 m³ | R114: Concrete-Rectangular-Column | S114: Structural Columns | T114: COLUMN <40 mm> | U114: No | V114: 2.95 | W114: 1 | X114: RCC_COLUMN | Z114: 10 7TH LEVEL | AA114: Concrete-Rectangular-Column: SW3A - 250 X 1950 | AB114: 1sB$mGqbXA$eAUQSIgQWUK | AC114: By Type | AD114: 09 6TH LEVEL
A115: 3137081 | B115: 2.8975 | C115: COLUMN <40 mm> | D115: M40 | E115: 0 | F115: Yes | G115: 3075838 | H115: 2950 | I115: 0.4978 | J115: 09 6TH LEVEL | K115: 0 | L115: Vertical | M115: COLUMN <40 mm> | N115: New Construction | O115: SW3A - 250 X 675 | P115: Yes | Q115: 0.50 m³ | R115: Concrete-Rectangular-Column | S115: Structural Columns | T115: COLUMN <40 mm> | U115: No | V115: 2.95 | W115: 1 | X115: RCC_COLUMN | Z115: 10 7TH LEVEL | AA115: Concrete-Rectangular-Column: SW3A - 250 X 675 | AB115: 1sB$mGqbXA$eAUQSIgQWUQ | AC115: By Type | AD115: 09 6TH LEVEL
A116: 3137085 | B116: 6.1775 | C116: COLUMN <40 mm> | D116: M40 | E116: 0 | F116: Yes | G116: 3076022 | H116: 2950 | I116: 1.2537 | J116: 09 6TH LEVEL | K116: 0 | L116: Vertical | M116: COLUMN <40 mm> | N116: New Construction | O116: SW4 - 250 X 1700 | P116: Yes | Q116: 1.25 m³ | R116: Concrete-Rectangular-Column | S116: Structural Columns | T116: COLUMN <40 mm> | U116: No | V116: 2.95 | W116: 1 | X116: RCC_COLUMN | Z116: 10 7TH LEVEL | AA116: Concrete-Rectangular-Column: SW4 - 250 X 1700 | AB116: 1sB$mGqbXA$eAUQSIgQWUU | AC116: By Type | AD116: 09 6TH LEVEL
...

Sheet Slab
A1: Element ID | B1: Qty: Area (m2) | C1: Elevation at Top Core | D1: Rebar Cover - Other Faces | E1: Structural | F1: GRADE OF CONCRETE | G1: Type Id | H1: Length | I1: Qty: Volume (m3) | J1: Width | K1: Elevation at Bottom Survey | L1: Related to Mass | M1: Rebar Cover - Bottom Face | N1: Phase Created | O1: Type | P1: Core Thickness | Q1: Elevation at Bottom Core | R1: Volume | S1: Family | T1: Perimeter | U1: Category | V1: Rebar Cover - Top Face | W1: Elevation at Top | X1: Thickness | Y1: Has Association | Z1: Area | AA1: Height Offset From Level | AB1: Qty: Count | AC1: ID_UNMT | AD1: Elevation at Bottom | AE1: Elevation at Top Survey | AF1: Family and Type | AG1: IfcGUID | AH1: Qty: Thickness (m) | AI1: Export to IFC | AJ1: Level
A2: 3070305 | B2: 3 | C2: -2350 | D2: FOUNDATION <50 mm> | E2: Yes | F2: M40 | G2: 3070326 | H2: 1500 | I2: 1.8 | J2: 2000 | K2: -2950 | L2: No | N2: New Construction | O2: F1 - 600MM | P2: 600 | Q2: -2950 | R2: 1.80 m³ | S2: Foundation Slab | T2: 7000 | U2: Structural Foundations | V2: FOUNDATION <50 mm> | W2: -2350 | X2: 600 | Y2: No | Z2: 3 m² | AA2: 0 | AB2: 1 | AC2: F1 | AD2: -2950 | AE2: -2350 | AF2: Foundation Slab: F1 - 600MM | AG2: 33AYsgylX80BV2OFfKznor | AH2: 0.6 | AI2: By Type | AJ2: 01 FOUNDATION LEVEL
A3: 3070393 | B3: 3.74 | C3: -2950 | D3: COLUMN <40 mm> | E3: Yes | F3: M10 | G3: 2255647 | H3: 1700 | I3: 0.374 | J3: 2200 | K3: -3050 | L3: No | M3: COLUMN <40 mm> | N3: New Construction | O3: PCC | P3: 100 | Q3: -3050 | R3: 0.37 m³ | S3: Foundation Slab | T3: 7800 | U3: Structural Foundations | V3: COLUMN <40 mm> | W3: -2950 | X3: 100 | Y3: No | Z3: 4 m² | AA3: -600 | AB3: 1 | AC3: PCC_FOOTING | AD3: -3050 | AE3: -2950 | AF3: Foundation Slab: PCC | AG3: 33AYsgylX80BV2OFfKznnj | AH3: 0.1 | AI3: By Type | AJ3: 01 FOUNDATION LEVEL
A4: 3070773 | B4: 3 | C4: -2350 | D4: FOUNDATION <50 mm> | E4: Yes | F4: M40 | G4: 3070326 | H4: 1500 | I4: 1.8 | J4: 2000 | K4: -2950 | L4: No | N4: New Construction | O4: F1 - 600MM | P4: 600 | Q4: -2950 | R4: 1.80 m³ | S4: Foundation Slab | T4: 7000 | U4: Structural Foundations | V4: FOUNDATION <50 mm> | W4: -2350 | X4: 600 | Y4: No | Z4: 3 m² | AA4: 0 | AB4: 1 | AC4: F1 | AD4: -2950 | AE4: -2350 | AF4: Foundation Slab: F1 - 600MM | AG4: 1OIgpuqiH33Qs8VR23YRZc | AH4: 0.6 | AI4: By Type | AJ4: 01 FOUNDATION LEVEL
A5: 3070782 | B5: 3.74 | C5: -2950 | D5: COLUMN <40 mm> | E5: Yes | F5: M10 | G5: 2255647 | H5: 1700 | I5: 0.374 | J5: 2200 | K5: -3050 | L5: No | M5: COLUMN <40 mm> | N5: New Construction | O5: PCC | P5: 100 | Q5: -3050 | R5: 0.37 m³ | S5: Foundation Slab | T5: 7800 | U5: Structural Foundations | V5: COLUMN <40 mm> | W5: -2950 | X5: 100 | Y5: No | Z5: 4 m² | AA5: -600 | AB5: 1 | AC5: PCC_FOOTING | AD5: -3050 | AE5: -2950 | AF5: Foundation Slab: PCC | AG5: 1OIgpuqiH33Qs8VR23YRZj | AH5: 0.1 | AI5: By Type | AJ5: 01 FOUNDATION LEVEL
A6: 3070818 | B6: 3.96 | C6: -2350 | D6: FOUNDATION <50 mm> | E6: Yes | F6: M40 | G6: 3071073 | H6: 2200 | I6: 2.772 | J6: 1800 | K6: -3050 | L6: No | N6: New Construction | O6: F2 - 700MM | P6: 700 | Q6: -3050 | R6: 2.77 m³ | S6: Foundation Slab | T6: 8000 | U6: Structural Foundations | V6: FOUNDATION <50 mm> | W6: -2350 | X6: 700 | Y6: No | Z6: 4 m² | AA6: 0 | AB6: 1 | AC6: F2 | AD6: -3050 | AE6: -2350 | AF6: Foundation Slab: F2 - 700MM | AG6: 3_y0Jm7LL5Uf8xXWt_c0b1 | AH6: 0.7 | AI6: By Type | AJ6: 01 FOUNDATION LEVEL
A7: 3070827 | B7: 4.8 | C7: -3050 | D7: COLUMN <40 mm> | E7: Yes | F7: M10 | G7: 2255647 | H7: 2400 | I7: 0.48 | J7: 2000 | K7: -3150 | L7: No | M7: COLUMN <40 mm> | N7: New Construction | O7: PCC | P7: 100 | Q7: -3150 | R7: 0.48 m³ | S7: Foundation Slab | T7: 8800 | U7: Structural Foundations | V7: COLUMN <40 mm> | W7: -3050 | X7: 100 | Y7: No | Z7: 5 m² | AA7: -700 | AB7: 1 | AC7: PCC_FOOTING | AD7: -3150 | AE7: -3050 | AF7: Foundation Slab: PCC | AG7: 3_y0Jm7LL5Uf8xXWt_c0b8 | AH7: 0.1 | AI7: By Type | AJ7: 01 FOUNDATION LEVEL
A8: 3070960 | B8: 3.96 | C8: -2350 | D8: FOUNDATION <50 mm> | E8: Yes | F8: M40 | G8: 3071073 | H8: 2200 | I8: 2.772 | J8: 1800 | K8: -3050 | L8: No | N8: New Construction | O8: F2 - 700MM | P8: 700 | Q8: -3050 | R8: 2.77 m³ | S8: Foundation Slab | T8: 8000 | U8: Structural Foundations | V8: FOUNDATION <50 mm> | W8: -2350 | X8: 700 | Y8: No | Z8: 4 m² | AA8: 0 | AB8: 1 | AC8: F2 | AD8: -3050 | AE8: -2350 | AF8: Foundation Slab: F2 - 700MM | AG8: 2vYX391Bf25OBSrHEK9sy$ | AH8: 0.7 | AI8: By Type | AJ8: 01 FOUNDATION LEVEL
A9: 3070969 | B9: 4.8 | C9: -3050 | D9: COLUMN <40 mm> | E9: Yes | F9: M10 | G9: 2255647 | H9: 2400 | I9: 0.48 | J9: 2000 | K9: -3150 | L9: No | M9: COLUMN <40 mm> | N9: New Construction | O9: PCC | P9: 100 | Q9: -3150 | R9: 0.48 m³ | S9: Foundation Slab | T9: 8800 | U9: Structural Foundations | V9: COLUMN <40 mm> | W9: -3050 | X9: 100 | Y9: No | Z9: 5 m² | AA9: -700 | AB9: 1 | AC9: PCC_FOOTING | AD9: -3150 | AE9: -3050 | AF9: Foundation Slab: PCC | AG9: 2vYX391Bf25OBSrHEK9sys | AH9: 0.1 | AI9: By Type | AJ9: 01 FOUNDATION LEVEL
A10: 3071149 | B10: 3.51 | C10: -2350 | D10: FOUNDATION <50 mm> | E10: Yes | F10: M40 | G10: 3071090 | H10: 2700 | I10: 2.457 | J10: 1300 | K10: -3050 | L10: No | N10: New Construction | O10: F3 - 700MM | P10: 700 | Q10: -3050 | R10: 2.46 m³ | S10: Foundation Slab | T10: 8000 | U10: Structural Foundations | V10: FOUNDATION <50 mm> | W10: -2350 | X10: 700 | Y10: No | Z10: 4 m² | AA10: 0 | AB10: 1 | AC10: F3 | AD10: -3050 | AE10: -2350 | AF10: Foundation Slab: F3 - 700MM | AG10: 0pBnFJmFzFEwLCxY_KwjGT | AH10: 0.7 | AI10: By Type | AJ10: 01 FOUNDATION LEVEL
A11: 3071158 | B11: 4.35 | C11: -3050 | D11: COLUMN <40 mm> | E11: Yes | F11: M10 | G11: 2255647 | H11: 2900 | I11: 0.435 | J11: 1500 | K11: -3150 | L11: No | M11: COLUMN <40 mm> | N11: New Construction | O11: PCC | P11: 100 | Q11: -3150 | R11: 0.44 m³ | S11: Foundation Slab | T11: 8800 | U11: Structural Foundations | V11: COLUMN <40 mm> | W11: -3050 | X11: 100 | Y11: No | Z11: 4 m² | AA11: -700 | AB11: 1 | AC11: PCC_FOOTING | AD11: -3150 | AE11: -3050 | AF11: Foundation Slab: PCC | AG11: 0pBnFJmFzFEwLCxY_KwjG6 | AH11: 0.1 | AI11: By Type | AJ11: 01 FOUNDATION LEVEL
A12: 3071322 | B12: 2.34 | C12: -2350 | D12: FOUNDATION <50 mm> | E12: Yes | F12: M40 | G12: 3175964 | H12: 1300 | I12: 1.17 | J12: 1800 | K12: -2850 | L12: No | N12: New Construction | O12: F5 - 500MM | P12: 500 | Q12: -2850 | R12: 1.17 m³ | S12: Foundation Slab | T12: 6200 | U12: Structural Foundations | V12: FOUNDATION <50 mm> | W12: -2350 | X12: 500 | Y12: No | Z12: 2 m² | AA12: 0 | AB12: 1 | AC12: F5 | AD12: -2850 | AE12: -2350 | AF12: Foundation Slab: F5 - 500MM | AG12: 2tUNbxU1T0IBvn6Zylc4PG | AH12: 0.5 | AI12: By Type | AJ12: 01 FOUNDATION LEVEL
A13: 3071331 | B13: 3 | C13: -2850 | D13: COLUMN <40 mm> | E13: Yes | F13: M10 | G13: 2255647 | H13: 1500 | I13: 0.3 | J13: 2000 | K13: -2950 | L13: No | M13: COLUMN <40 mm> | N13: New Construction | O13: PCC | P13: 100 | Q13: -2950 | R13: 0.30 m³ | S13: Foundation Slab | T13: 7000 | U13: Structural Foundations | V13: COLUMN <40 mm> | W13: -2850 | X13: 100 | Y13: No | Z13: 3 m² | AA13: -500 | AB13: 1 | AC13: PCC_FOOTING | AD13: -2950 | AE13: -2850 | AF13: Foundation Slab: PCC | AG13: 2tUNbxU1T0IBvn6Zylc4Pf | AH13: 0.1 | AI13: By Type | AJ13: 01 FOUNDATION LEVEL
A14: 3071454 | B14: 66.0625 | C14: -2350 | D14: FOUNDATION <50 mm> | E14: Yes | F14: M40 | G14: 3071368 | H14: 7550 | I14: 49.5469 | J14: 8750 | K14: -3100 | L14: No | N14: New Construction | O14: CF1 - 750MM | P14: 750 | Q14: -3100 | R14: 49.55 m³ | S14: Foundation Slab | T14: 32600 | U14: Structural Foundations | V14: FOUNDATION <50 mm> | W14: -2350 | X14: 750 | Y14: No | Z14: 66 m² | AA14: 0 | AB14: 1 | AC14: CF1 | AD14: -3100 | AE14: -2350 | AF14: Foundation Slab: CF1 - 750MM | AG14: 0yn1G3deX64RIHl7h1zcMy | AH14: 0.75 | AI14: By Type | AJ14: 01 FOUNDATION LEVEL
A15: 3071463 | B15: 69.3625 | C15: -3100 | D15: COLUMN <40 mm> | E15: Yes | F15: M10 | G15: 2255647 | H15: 7750 | I15: 6.9363 | J15: 8950 | K15: -3200 | L15: No | M15: COLUMN <40 mm> | N15: New Construction | O15: PCC | P15: 100 | Q15: -3200 | R15: 6.94 m³ | S15: Foundation Slab | T15: 33400 | U15: Structural Foundations | V15: COLUMN <40 mm> | W15: -3100 | X15: 100 | Y15: No | Z15: 69 m² | AA15: -750 | AB15: 1 | AC15: PCC_FOOTING | AD15: -3200 | AE15: -3100 | AF15: Foundation Slab: PCC | AG15: 0yn1G3deX64RIHl7h1zcM5 | AH15: 0.1 | AI15: By Type | AJ15: 01 FOUNDATION LEVEL
A16: 3071667 | B16: 28.9418 | C16: -2350 | D16: FOUNDATION <50 mm> | E16: Yes | F16: M40 | G16: 3071385 | H16: 4000 | I16: 21.7063 | J16: 8300 | K16: -3100 | L16: No | N16: New Construction | O16: CF2 - 750MM | P16: 750 | Q16: -3100 | R16: 21.71 m³ | S16: Foundation Slab | T16: 24600 | U16: Structural Foundations | V16: FOUNDATION <50 mm> | W16: -2350 | X16: 750 | Y16: No | Z16: 29 m² | AA16: 0 | AB16: 1 | AC16: CF2 | AD16: -3100 | AE16: -2350 | AF16: Foundation Slab: CF2 - 750MM | AG16: 1iNhjbtjT27ezT3D1vCLgG | AH16: 0.75 | AI16: By Type | AJ16: 01 FOUNDATION LEVEL
A17: 3071676 | B17: 31.4418 | C17: -3100 | D17: COLUMN <40 mm> | E17: Yes | F17: M10 | G17: 2255647 | H17: 4200 | I17: 3.1442 | J17: 8500 | K17: -3200 | L17: No | M17: COLUMN <40 mm> | N17: New Construction | O17: PCC | P17: 100 | Q17: -3200 | R17: 3.14 m³ | S17: Foundation Slab | T17: 25400 | U17: Structural Foundations | V17: COLUMN <40 mm> | W17: -3100 | X17: 100 | Y17: No | Z17: 31 m² | AA17: -750 | AB17: 1 | AC17: PCC_FOOTING | AD17: -3200 | AE17: -3100 | AF17: Foundation Slab: PCC | AG17: 1iNhjbtjT27ezT3D1vCLgV | AH17: 0.1 | AI17: By Type | AJ17: 01 FOUNDATION LEVEL
A18: 3087101 | B18: 15.2075 | C18: 450 | D18: SLAB <20 mm> | E18: Yes | F18: M30 | G18: 2432663 | H18: 3850 | I18: 2.2811 | J18: 3950 | K18: 300 | L18: No | M18: SLAB <20 mm> | N18: New Construction | O18: GRADE SLAB | P18: 150 | Q18: 300 | R18: 2.28 m³ | S18: Foundation Slab | T18: 15600 | U18: Structural Foundations | V18: SLAB <20 mm> | W18: 450 | X18: 150 | Y18: No | Z18: 15 m² | AA18: 0 | AB18: 1 | AC18: GS | AD18: 300 | AE18: 450 | AF18: Foundation Slab: GRADE SLAB | AG18: 1ndm0CiUv2$BFHfN_6Vb0K | AH18: 0.15 | AI18: By Type | AJ18: 03 PLINTH LEVEL
A19: 3087176 | B19: 5.882 | C19: 450 | D19: SLAB <20 mm> | E19: Yes | F19: M30 | G19: 2432663 | H19: 4500 | I19: 0.8823 | J19: 1400 | K19: 300 | L19: No | M19: SLAB <20 mm> | N19: New Construction | O19: GRADE SLAB | P19: 150 | Q19: 300 | R19: 0.88 m³ | S19: Foundation Slab | T19: 11800 | U19: Structural Foundations | V19: SLAB <20 mm> | W19: 450 | X19: 150 | Y19: No | Z19: 6 m² | AA19: 0 | AB19: 1 | AC19: GS | AD19: 300 | AE19: 450 | AF19: Foundation Slab: GRADE SLAB | AG19: 1ndm0CiUv2$BFHfN_6Vb6X | AH19: 0.15 | AI19: By Type | AJ19: 03 PLINTH LEVEL
A20: 3087547 | B20: 16.79 | C20: 450 | D20: SLAB <20 mm> | E20: Yes | F20: M30 | G20: 2432663 | H20: 7300 | I20: 2.5185 | J20: 2300 | K20: 300 | L20: No | M20: SLAB <20 mm> | N20: New Construction | O20: GRADE SLAB | P20: 150 | Q20: 300 | R20: 2.52 m³ | S20: Foundation Slab | T20: 19200 | U20: Structural Foundations | V20: SLAB <20 mm> | W20: 450 | X20: 150 | Y20: No | Z20: 17 m² | AA20: 0 | AB20: 1 | AC20: GS | AD20: 300 | AE20: 450 | AF20: Foundation Slab: GRADE SLAB | AG20: 2s4LoatorAAwedE__QUFe9 | AH20: 0.15 | AI20: By Type | AJ20: 03 PLINTH LEVEL
A21: 3087577 | B21: 1.54 | C21: 450 | D21: SLAB <20 mm> | E21: Yes | F21: M30 | G21: 2432663 | H21: 1100 | I21: 0.231 | J21: 1400 | K21: 300 | L21: No | M21: SLAB <20 mm> | N21: New Construction | O21: GRADE SLAB | P21: 150 | Q21: 300 | R21: 0.23 m³ | S21: Foundation Slab | T21: 5000 | U21: Structural Foundations | V21: SLAB <20 mm> | W21: 450 | X21: 150 | Y21: No | Z21: 2 m² | AA21: 0 | AB21: 1 | AC21: GS | AD21: 300 | AE21: 450 | AF21: Foundation Slab: GRADE SLAB | AG21: 2s4LoatorAAwedE__QUFfh | AH21: 0.15 | AI21: By Type | AJ21: 03 PLINTH LEVEL
A22: 3087615 | B22: 4.95 | C22: 450 | D22: SLAB <20 mm> | E22: Yes | F22: M30 | G22: 2432663 | H22: 1800 | I22: 0.7425 | J22: 2750 | K22: 300 | L22: No | M22: SLAB <20 mm> | N22: New Construction | O22: GRADE SLAB | P22: 150 | Q22: 300 | R22: 0.74 m³ | S22: Foundation Slab | T22: 9100 | U22: Structural Foundations | V22: SLAB <20 mm> | W22: 450 | X22: 150 | Y22: No | Z22: 5 m² | AA22: 0 | AB22: 1 | AC22: GS | AD22: 300 | AE22: 450 | AF22: Foundation Slab: GRADE SLAB | AG22: 2s4LoatorAAwedE__QUFfD | AH22: 0.15 | AI22: By Type | AJ22: 03 PLINTH LEVEL
A23: 3087646 | B23: 4.875 | C23: 450 | D23: SLAB <20 mm> | E23: Yes | F23: M30 | G23: 2432663 | H23: 3750 | I23: 0.7312 | J23: 1300 | K23: 300 | L23: No | M23: SLAB <20 mm> | N23: New Construction | O23: GRADE SLAB | P23: 150 | Q23: 300 | R23: 0.73 m³ | S23: Foundation Slab | T23: 10100 | U23: Structural Foundations | V23: SLAB <20 mm> | W23: 450 | X23: 150 | Y23: No | Z23: 5 m² | AA23: 0 | AB23: 1 | AC23: GS | AD23: 300 | AE23: 450 | AF23: Foundation Slab: GRADE SLAB | AG23: 2s4LoatorAAwedE__QUFki | AH23: 0.15 | AI23: By Type | AJ23: 03 PLINTH LEVEL
A24: 3109330 | B24: 8.625 | C24: 6000 | D24: SLAB <20 mm> | E24: Yes | F24: M30 | G24: 3109334 | H24: 3000 | I24: 1.0781 | J24: 2950 | K24: 5875 | L24: No | M24: SLAB <20 mm> | N24: New Construction | O24: RCC_SLAB_125MM | P24: 125 | Q24: 5875 | R24: 1.08 m³ | S24: Foundation Slab | T24: 11900 | U24: Structural Foundations | V24: SLAB <20 mm> | W24: 6000 | X24: 125 | Y24: No | Z24: 9 m² | AA24: 0 | AB24: 1 | AC24: S1 | AD24: 5875 | AE24: 6000 | AF24: Foundation Slab: RCC_SLAB_125MM | AG24: 0UylgE0A9EXxC6WjIwqD9C | AH24: 0.125 | AI24: By Type | AJ24: 04 1ST LEVEL
A25: 3109385 | B25: 9.83 | C25: 6000 | D25: SLAB <20 mm> | E25: Yes | F25: M30 | G25: 3109334 | H25: 3000 | I25: 1.2288 | J25: 3400 | K25: 5875 | L25: No | M25: SLAB <20 mm> | N25: New Construction | O25: RCC_SLAB_125MM | P25: 125 | Q25: 5875 | R25: 1.23 m³ | S25: Foundation Slab | T25: 13100 | U25: Structural Foundations | V25: SLAB <20 mm> | W25: 6000 | X25: 125 | Y25: No | Z25: 10 m² | AA25: 0 | AB25: 1 | AC25: S1 | AD25: 5875 | AE25: 6000 | AF25: Foundation Slab: RCC_SLAB_125MM | AG25: 27y$lZUv133P$f_o6eKHOJ | AH25: 0.125 | AI25: By Type | AJ25: 04 1ST LEVEL
A26: 3109449 | B26: 1.3225 | C26: 6000 | D26: SLAB <20 mm> | E26: Yes | F26: M30 | G26: 3109334 | H26: 1150 | I26: 0.1653 | J26: 1150 | K26: 5875 | L26: No | M26: SLAB <20 mm> | N26: New Construction | O26: RCC_SLAB_125MM | P26: 125 | Q26: 5875 | R26: 0.17 m³ | S26: Foundation Slab | T26: 4600 | U26: Structural Foundations | V26: SLAB <20 mm> | W26: 6000 | X26: 125 | Y26: No | Z26: 1 m² | AA26: 0 | AB26: 1 | AC26: S2 | AD26: 5875 | AE26: 6000 | AF26: Foundation Slab: RCC_SLAB_125MM | AG26: 27y$lZUv133P$f_o6eKHPJ | AH26: 0.125 | AI26: By Type | AJ26: 04 1ST LEVEL
A27: 3109467 | B27: 2.1275 | C27: 5800 | D27: SLAB <20 mm> | E27: Yes | F27: M30 | G27: 3109334 | H27: 1850 | I27: 0.2659 | J27: 1150 | K27: 5675 | L27: No | M27: SLAB <20 mm> | N27: New Construction | O27: RCC_SLAB_125MM | P27: 125 | Q27: 5675 | R27: 0.27 m³ | S27: Foundation Slab | T27: 6000 | U27: Structural Foundations | V27: SLAB <20 mm> | W27: 5800 | X27: 125 | Y27: No | Z27: 2 m² | AA27: -200 | AB27: 1 | AC27: S3 | AD27: 5675 | AE27: 5800 | AF27: Foundation Slab: RCC_SLAB_125MM | AG27: 27y$lZUv133P$f_o6eKHP1 | AH27: 0.125 | AI27: By Type | AJ27: 04 1ST LEVEL
A28: 3112954 | B28: 0.1437 | C28: 5875 | D28: SLAB <20 mm> | E28: Yes | F28: M30 | G28: 3112958 | H28: 125 | I28: 0.0287 | J28: 1150 | K28: 5675 | L28: No | M28: SLAB <20 mm> | N28: New Construction | O28: RCC_FOLD_200MM | P28: 200 | Q28: 5675 | R28: 0.03 m³ | S28: Foundation Slab | T28: 2550 | U28: Structural Foundations | V28: SLAB <20 mm> | W28: 5875 | X28: 200 | Y28: No | Z28: 0 m² | AA28: -125 | AB28: 1 | AC28: FOLD 200 THK | AD28: 5675 | AE28: 5875 | AF28: Foundation Slab: RCC_FOLD_200MM | AG28: 2rDPgXFQP2mOAbXe12L2W3 | AH28: 0.2 | AI28: By Type | AJ28: 04 1ST LEVEL
... A86: 3120416 | B86: 12.33 | C86: 8950 | D86: SLAB <20 mm> | E86: Yes | F86: M30 | G86: 3109334 | H86: 3100 | I86: 1.5412 | J86: 4000 | K86: 8825 | L86: No | M86: SLAB <20 mm> | N86: New Construction | O86: RCC_SLAB_125MM | P86: 125 | Q86: 8825 | R86: 1.54 m³ | S86: Foundation Slab | T86: 14200 | U86: Structural Foundations | V86: SLAB <20 mm> | W86: 8950 | X86: 125 | Y86: No | Z86: 12 m² | AA86: 0 | AB86: 1 | AC86: S1 | AD86: 8825 | AE86: 8950 | AF86: Foundation Slab: RCC_SLAB_125MM | AG86: 04OWjS4_XFfvTcATeW4rU$ | AH86: 0.125 | AI86: By Type | AJ86: 05 2ND LEVEL
A87: 3120425 | B87: 21.2335 | C87: 8950 | E87: Yes | F87: M30 | G87: 3113164 | H87: 3550 | I87: 3.185 | J87: 6060 | K87: 8800 | L87: No | M87: SLAB <20 mm> | N87: New Construction | O87: RCC_SLAB_150MM | P87: 150 | Q87: 8800 | R87: 3.19 m³ | S87: Foundation Slab | T87: 19220 | U87: Structural Foundations | V87: SLAB <20 mm> | W87: 8950 | X87: 150 | Y87: No | Z87: 21 m² | AA87: 0 | AB87: 1 | AC87: S6 | AD87: 8800 | AE87: 8950 | AF87: Foundation Slab: RCC_SLAB_150MM | AG87: 04OWjS4_XFfvTcATeW4rUs | AH87: 0.15 | AI87: By Type | AJ87: 05 2ND LEVEL
A88: 3120443 | B88: 21.21 | C88: 8950 | D88: SLAB <20 mm> | E88: Yes | F88: M30 | G88: 3113164 | H88: 5200 | I88: 3.1815 | J88: 5000 | K88: 8800 | L88: No | M88: SLAB <20 mm> | N88: New Construction | O88: RCC_SLAB_150MM | P88: 150 | Q88: 8800 | R88: 3.18 m³ | S88: Foundation Slab | T88: 20600 | U88: Structural Foundations | V88: SLAB <20 mm> | W88: 8950 | X88: 150 | Y88: No | Z88: 21 m² | AA88: 0 | AB88: 1 | AC88: S6 | AD88: 8800 | AE88: 8950 | AF88: Foundation Slab: RCC_SLAB_150MM | AG88: 04OWjS4_XFfvTcATeW4rUa | AH88: 0.15 | AI88: By Type | AJ88: 05 2ND LEVEL
A89: 3120452 | B89: 2.4375 | C89: 8750 | D89: SLAB <20 mm> | E89: Yes | F89: M30 | G89: 3109334 | H89: 750 | I89: 0.3047 | J89: 3250 | K89: 8625 | L89: No | M89: SLAB <20 mm> | N89: New Construction | O89: RCC_SLAB_125MM | P89: 125 | Q89: 8625 | R89: 0.30 m³ | S89: Foundation Slab | T89: 8000 | U89: Structural Foundations | V89: SLAB <20 mm> | W89: 8750 | X89: 125 | Y89: No | Z89: 2 m² | AA89: -200 | AB89: 1 | AC89: S8 | AD89: 8625 | AE89: 8750 | AF89: Foundation Slab: RCC_SLAB_125MM | AG89: 04OWjS4_XFfvTcATeW4rVR | AH89: 0.125 | AI89: By Type | AJ89: 05 2ND LEVEL
A90: 3120478 | B90: 4.92 | C90: 8500 | D90: SLAB <20 mm> | E90: Yes | F90: M30 | G90: 3113132 | H90: 750 | I90: 0.492 | J90: 6560 | K90: 8400 | L90: No | M90: SLAB <20 mm> | N90: New Construction | O90: RCC_SLAB_100MM | P90: 100 | Q90: 8400 | R90: 0.49 m³ | S90: Foundation Slab | T90: 14620 | U90: Structural Foundations | V90: SLAB <20 mm> | W90: 8500 | X90: 100 | Y90: No | Z90: 5 m² | AA90: -450 | AB90: 1 | AC90: S9 | AD90: 8400 | AE90: 8500 | AF90: Foundation Slab: RCC_SLAB_100MM | AG90: 04OWjS4_XFfvTcATeW4rV1 | AH90: 0.1 | AI90: By Type | AJ90: 05 2ND LEVEL
A91: 3120487 | B91: 3.1875 | C91: 8500 | D91: SLAB <20 mm> | E91: Yes | F91: M30 | G91: 3113132 | H91: 750 | I91: 0.3187 | J91: 4250 | K91: 8400 | L91: No | M91: SLAB <20 mm> | N91: New Construction | O91: RCC_SLAB_100MM | P91: 100 | Q91: 8400 | R91: 0.32 m³ | S91: Foundation Slab | T91: 10000 | U91: Structural Foundations | V91: SLAB <20 mm> | W91: 8500 | X91: 100 | Y91: No | Z91: 3 m² | AA91: -450 | AB91: 1 | AC91: S9 | AD91: 8400 | AE91: 8500 | AF91: Foundation Slab: RCC_SLAB_100MM | AG91: 04OWjS4_XFfvTcATeW4rVu | AH91: 0.1 | AI91: By Type | AJ91: 05 2ND LEVEL
A92: 3120496 | B92: 4.488 | C92: 8500 | D92: SLAB <20 mm> | E92: Yes | F92: M30 | G92: 3113132 | H92: 600 | I92: 0.4488 | J92: 7480 | K92: 8400 | L92: No | M92: SLAB <20 mm> | N92: New Construction | O92: RCC_SLAB_100MM | P92: 100 | Q92: 8400 | R92: 0.45 m³ | S92: Foundation Slab | T92: 16160 | U92: Structural Foundations | V92: SLAB <20 mm> | W92: 8500 | X92: 100 | Y92: No | Z92: 4 m² | AA92: -450 | AB92: 1 | AC92: S9 | AD92: 8400 | AE92: 8500 | AF92: Foundation Slab: RCC_SLAB_100MM | AG92: 04OWjS4_XFfvTcATeW4rVl | AH92: 0.1 | AI92: By Type | AJ92: 05 2ND LEVEL
A93: 3120507 | B93: 3.42 | C93: 8500 | D93: SLAB <20 mm> | E93: Yes | F93: M30 | G93: 3113132 | H93: 600 | I93: 0.342 | J93: 5700 | K93: 8400 | L93: No | M93: SLAB <20 mm> | N93: New Construction | O93: RCC_SLAB_100MM | P93: 100 | Q93: 8400 | R93: 0.34 m³ | S93: Foundation Slab | T93: 12600 | U93: Structural Foundations | V93: SLAB <20 mm> | W93: 8500 | X93: 100 | Y93: No | Z93: 3 m² | AA93: -450 | AB93: 1 | AC93: S9 | AD93: 8400 | AE93: 8500 | AF93: Foundation Slab: RCC_SLAB_100MM | AG93: 04OWjS4_XFfvTcATeW4rVa | AH93: 0.1 | AI93: By Type | AJ93: 05 2ND LEVEL
A94: 3120516 | B94: 0.453 | C94: 8500 | D94: SLAB <20 mm> | E94: Yes | F94: M30 | G94: 3113132 | H94: 600 | I94: 0.0453 | J94: 755 | K94: 8400 | L94: No | M94: SLAB <20 mm> | N94: New Construction | O94: RCC_SLAB_100MM | P94: 100 | Q94: 8400 | R94: 0.05 m³ | S94: Foundation Slab | T94: 2710 | U94: Structural Foundations | V94: SLAB <20 mm> | W94: 8500 | X94: 100 | Y94: No | Z94: 0 m² | AA94: -450 | AB94: 1 | AC94: S9 | AD94: 8400 | AE94: 8500 | AF94: Foundation Slab: RCC_SLAB_100MM | AG94: 04OWjS4_XFfvTcATeW4rSR | AH94: 0.1 | AI94: By Type | AJ94: 05 2ND LEVEL
A95: 3121237 | B95: 2.22 | C95: 8750 | D95: SLAB <20 mm> | E95: Yes | F95: M30 | G95: 3109334 | H95: 1850 | I95: 0.2775 | J95: 1200 | K95: 8625 | L95: No | M95: SLAB <20 mm> | N95: New Construction | O95: RCC_SLAB_125MM | P95: 125 | Q95: 8625 | R95: 0.28 m³ | S95: Foundation Slab | T95: 6100 | U95: Structural Foundations | V95: SLAB <20 mm> | W95: 8750 | X95: 125 | Y95: No | Z95: 2 m² | AA95: -200 | AB95: 1 | AC95: S3 | AD95: 8625 | AE95: 8750 | AF95: Foundation Slab: RCC_SLAB_125MM | AG95: 3E1pXqZUjAQuCbu1RRb8Ss | AH95: 0.125 | AI95: By Type | AJ95: 05 2ND LEVEL
A96: 3121246 | B96: 0.18 | C96: 8825 | D96: SLAB <20 mm> | E96: Yes | F96: M30 | G96: 3112958 | H96: 150 | I96: 0.036 | J96: 1200 | K96: 8625 | L96: No | M96: SLAB <20 mm> | N96: New Construction | O96: RCC_FOLD_200MM | P96: 200 | Q96: 8625 | R96: 0.04 m³ | S96: Foundation Slab | T96: 2700 | U96: Structural Foundations | W96: 8825 | X96: 200 | Y96: No | Z96: 0 m² | AA96: -125 | AB96: 1 | AC96: FOLD 200 THK | AD96: 8625 | AE96: 8825 | AF96: Foundation Slab: RCC_FOLD_200MM | AG96: 3E1pXqZUjAQuCbu1RRb8Sz | AH96: 0.2 | AI96: By Type | AJ96: 05 2ND LEVEL
A97: 3127253 | B97: 8.475 | C97: 11900 | D97: SLAB <20 mm> | E97: Yes | F97: M30 | G97: 3109334 | H97: 3000 | I97: 1.0594 | J97: 2900 | K97: 11775 | L97: No | M97: SLAB <20 mm> | N97: New Construction | O97: RCC_SLAB_125MM | P97: 125 | Q97: 11775 | R97: 1.06 m³ | S97: Foundation Slab | T97: 11800 | U97: Structural Foundations | V97: SLAB <20 mm> | W97: 11900 | X97: 125 | Y97: No | Z97: 8 m² | AA97: 0 | AB97: 1 | AC97: S1 | AD97: 11775 | AE97: 11900 | AF97: Foundation Slab: RCC_SLAB_125MM | AG97: 3Efj1PFo5FlAk9KG3QmchX | AH97: 0.125 | AI97: By Type | AJ97: 06 3RD LEVEL
A98: 3127262 | B98: 9.83 | C98: 11900 | D98: SLAB <20 mm> | E98: Yes | F98: M30 | G98: 3109334 | H98: 3000 | I98: 1.2288 | J98: 3400 | K98: 11775 | L98: No | M98: SLAB <20 mm> | N98: New Construction | O98: RCC_SLAB_125MM | P98: 125 | Q98: 11775 | R98: 1.23 m³ | S98: Foundation Slab | T98: 13100 | U98: Structural Foundations | V98: SLAB <20 mm> | W98: 11900 | X98: 125 | Y98: No | Z98: 10 m² | AA98: 0 | AB98: 1 | AC98: S1 | AD98: 11775 | AE98: 11900 | AF98: Foundation Slab: RCC_SLAB_125MM | AG98: 3Efj1PFo5FlAk9KG3Qmchg | AH98: 0.125 | AI98: By Type | AJ98: 06 3RD LEVEL
A99: 3127271 | B99: 1.3225 | C99: 11900 | D99: SLAB <20 mm> | E99: Yes | F99: M30 | G99: 3109334 | H99: 1150 | I99: 0.1653 | J99: 1150 | K99: 11775 | L99: No | M99: SLAB <20 mm> | N99: New Construction | O99: RCC_SLAB_125MM | P99: 125 | Q99: 11775 | R99: 0.17 m³ | S99: Foundation Slab | T99: 4600 | U99: Structural Foundations | V99: SLAB <20 mm> | W99: 11900 | X99: 125 | Y99: No | Z99: 1 m² | AA99: 0 | AB99: 1 | AC99: S2 | AD99: 11775 | AE99: 11900 | AF99: Foundation Slab: RCC_SLAB_125MM | AG99: 3Efj1PFo5FlAk9KG3QmchJ | AH99: 0.125 | AI99: By Type | AJ99: 06 3RD LEVEL
A100: 3127280 | B100: 2.1275 | C100: 11700 | D100: SLAB <20 mm> | E100: Yes | F100: M30 | G100: 3109334 | H100: 1850 | I100: 0.2659 | J100: 1150 | K100: 11575 | L100: No | M100: SLAB <20 mm> | N100: New Construction | O100: RCC_SLAB_125MM | P100: 125 | Q100: 11575 | R100: 0.27 m³ | S100: Foundation Slab | T100: 6000 | U100: Structural Foundations | V100: SLAB <20 mm> | W100: 11700 | X100: 125 | Y100: No | Z100: 2 m² | AA100: -200 | AB100: 1 | AC100: S3 | AD100: 11575 | AE100: 11700 | AF100: Foundation Slab: RCC_SLAB_125MM | AG100: 3Efj1PFo5FlAk9KG3Qmch4 | AH100: 0.125 | AI100: By Type | AJ100: 06 3RD LEVEL
A101: 3127294 | B101: 0.1725 | C101: 11775 | D101: SLAB <20 mm> | E101: Yes | F101: M30 | G101: 3112958 | H101: 150 | I101: 0.0345 | J101: 1150 | K101: 11575 | L101: No | M101: SLAB <20 mm> | N101: New Construction | O101: RCC_FOLD_200MM | P101: 200 | Q101: 11575 | R101: 0.03 m³ | S101: Foundation Slab | T101: 2600 | U101: Structural Foundations | V101: SLAB <20 mm> | W101: 11775 | X101: 200 | Y101: No | Z101: 0 m² | AA101: -125 | AB101: 1 | AC101: FOLD 200 THK | AD101: 11575 | AE101: 11775 | AF101: Foundation Slab: RCC_FOLD_200MM | AG101: 3Efj1PFo5FlAk9KG3QmchA | AH101: 0.2 | AI101: By Type | AJ101: 06 3RD LEVEL
A102: 3127303 | B102: 1.38 | C102: 11900 | D102: SLAB <20 mm> | E102: Yes | F102: M30 | G102: 3109334 | H102: 1150 | I102: 0.1725 | J102: 1200 | K102: 11775 | L102: No | M102: SLAB <20 mm> | N102: New Construction | O102: RCC_SLAB_125MM | P102: 125 | Q102: 11775 | R102: 0.17 m³ | S102: Foundation Slab | T102: 4700 | U102: Structural Foundations | V102: SLAB <20 mm> | W102: 11900 | X102: 125 | Y102: No | Z102: 1 m² | AA102: 0 | AB102: 1 | AC102: S2 | AD102: 11775 | AE102: 11900 | AF102: Foundation Slab: RCC_SLAB_125MM | AG102: 3Efj1PFo5FlAk9KG3QmcKp | AH102: 0.125 | AI102: By Type | AJ102: 06 3RD LEVEL
A103: 3127312 | B103: 1.53 | C103: 11450 | D103: SLAB <20 mm> | E103: Yes | F103: M30 | G103: 3113132 | H103: 600 | I103: 0.153 | J103: 2550 | K103: 11350 | L103: No | M103: SLAB <20 mm> | N103: New Construction | O103: RCC_SLAB_100MM | P103: 100 | Q103: 11350 | R103: 0.15 m³ | S103: Foundation Slab | T103: 6300 | U103: Structural Foundations | V103: SLAB <20 mm> | W103: 11450 | X103: 100 | Y103: No | Z103: 2 m² | AA103: -450 | AB103: 1 | AC103: S9 | AD103: 11350 | AE103: 11450 | AF103: Foundation Slab: RCC_SLAB_100MM | AG103: 3Efj1PFo5FlAk9KG3QmcKa | AH103: 0.1 | AI103: By Type | AJ103: 06 3RD LEVEL
A104: 3127321 | B104: 1.86 | C104: 11450 | D104: SLAB <20 mm> | E104: Yes | F104: M30 | G104: 3113132 | H104: 600 | I104: 0.186 | J104: 3100 | K104: 11350 | L104: No | M104: SLAB <20 mm> | N104: New Construction | O104: RCC_SLAB_100MM | P104: 100 | Q104: 11350 | R104: 0.19 m³ | S104: Foundation Slab | T104: 7400 | U104: Structural Foundations | V104: SLAB <20 mm> | W104: 11450 | X104: 100 | Y104: No | Z104: 2 m² | AA104: -450 | AB104: 1 | AC104: S9 | AD104: 11350 | AE104: 11450 | AF104: Foundation Slab: RCC_SLAB_100MM | AG104: 3Efj1PFo5FlAk9KG3QmcKj | AH104: 0.1 | AI104: By Type | AJ104: 06 3RD LEVEL
A105: 3127330 | B105: 3 | C105: 11700 | D105: SLAB <20 mm> | E105: Yes | F105: M30 | G105: 3109334 | H105: 1250 | I105: 0.375 | J105: 2400 | K105: 11575 | L105: No | M105: SLAB <20 mm> | N105: New Construction | O105: RCC_SLAB_125MM | P105: 125 | Q105: 11575 | R105: 0.38 m³ | S105: Foundation Slab | T105: 7300 | U105: Structural Foundations | V105: SLAB <20 mm> | W105: 11700 | X105: 125 | Y105: No | Z105: 3 m² | AA105: -200 | AB105: 1 | AC105: S3 | AD105: 11575 | AE105: 11700 | AF105: Foundation Slab: RCC_SLAB_125MM | AG105: 3Efj1PFo5FlAk9KG3QmcKM | AH105: 0.125 | AI105: By Type | AJ105: 06 3RD LEVEL
A106: 3127339 | B106: 2.9375 | C106: 11900 | D106: SLAB <20 mm> | E106: Yes | F106: M30 | G106: 3109334 | H106: 1250 | I106: 0.3672 | J106: 2350 | K106: 11775 | L106: No | M106: SLAB <20 mm> | N106: New Construction | O106: RCC_SLAB_125MM | P106: 125 | Q106: 11775 | R106: 0.37 m³ | S106: Foundation Slab | T106: 7200 | U106: Structural Foundations | V106: SLAB <20 mm> | W106: 11900 | X106: 125 | Y106: No | Z106: 3 m² | AA106: 0 | AB106: 1 | AC106: S7 | AD106: 11775 | AE106: 11900 | AF106: Foundation Slab: RCC_SLAB_125MM | AG106: 3Efj1PFo5FlAk9KG3QmcKV | AH106: 0.125 | AI106: By Type | AJ106: 06 3RD LEVEL
A107: 3127348 | B107: 0.1875 | C107: 11775 | D107: SLAB <20 mm> | E107: Yes | F107: M30 | G107: 3112958 | H107: 1250 | I107: 0.0375 | J107: 150 | K107: 11575 | L107: No | M107: SLAB <20 mm> | N107: New Construction | O107: RCC_FOLD_200MM | P107: 200 | Q107: 11575 | R107: 0.04 m³ | S107: Foundation Slab | T107: 2800 | U107: Structural Foundations | V107: SLAB <20 mm> | W107: 11775 | X107: 200 | Y107: No | Z107: 0 m² | AA107: -125 | AB107: 1 | AC107: FOLD 200 THK | AD107: 11575 | AE107: 11775 | AF107: Foundation Slab: RCC_FOLD_200MM | AG107: 3Efj1PFo5FlAk9KG3QmcK0 | AH107: 0.2 | AI107: By Type | AJ107: 06 3RD LEVEL
A108: 3127357 | B108: 2.25 | C108: 11700 | D108: SLAB <20 mm> | E108: Yes | F108: M30 | G108: 3109334 | H108: 1250 | I108: 0.2813 | J108: 1800 | K108: 11575 | L108: No | M108: SLAB <20 mm> | N108: New Construction | O108: RCC_SLAB_125MM | P108: 125 | Q108: 11575 | R108: 0.28 m³ | S108: Foundation Slab | T108: 6100 | U108: Structural Foundations | V108: SLAB <20 mm> | W108: 11700 | X108: 125 | Y108: No | Z108: 2 m² | AA108: -200 | AB108: 1 | AC108: S3 | AD108: 11575 | AE108: 11700 | AF108: Foundation Slab: RCC_SLAB_125MM | AG108: 3Efj1PFo5FlAk9KG3QmcK9 | AH108: 0.125 | AI108: By Type | AJ108: 06 3RD LEVEL
... A132: 3127585 | B132: 2.22 | C132: 11700 | D132: SLAB <20 mm> | E132: Yes | F132: M30 | G132: 3109334 | H132: 1850 | I132: 0.2775 | J132: 1200 | K132: 11575 | L132: No | M132: SLAB <20 mm> | N132: New Construction | O132: RCC_SLAB_125MM | P132: 125 | Q132: 11575 | R132: 0.28 m³ | S132: Foundation Slab | T132: 6100 | U132: Structural Foundations | V132: SLAB <20 mm> | W132: 11700 | X132: 125 | Y132: No | Z132: 2 m² | AA132: -200 | AB132: 1 | AC132: S3 | AD132: 11575 | AE132: 11700 | AF132: Foundation Slab: RCC_SLAB_125MM | AG132: 3Efj1PFo5FlAk9KG3QmcGL | AH132: 0.125 | AI132: By Type | AJ132: 06 3RD LEVEL
A133: 3127594 | B133: 0.18 | C133: 11775 | D133: SLAB <20 mm> | E133: Yes | F133: M30 | G133: 3112958 | H133: 150 | I133: 0.036 | J133: 1200 | K133: 11575 | L133: No | M133: SLAB <20 mm> | N133: New Construction | O133: RCC_FOLD_200MM | P133: 200 | Q133: 11575 | R133: 0.04 m³ | S133: Foundation Slab | T133: 2700 | U133: Structural Foundations | W133: 11775 | X133: 200 | Y133: No | Z133: 0 m² | AA133: -125 | AB133: 1 | AC133: FOLD 200 THK | AD133: 11575 | AE133: 11775 | AF133: Foundation Slab: RCC_FOLD_200MM | AG133: 3Efj1PFo5FlAk9KG3QmcGU | AH133: 0.2 | AI133: By Type | AJ133: 06 3RD LEVEL
A134: 3128543 | B134: 13.95 | C134: 14850 | D134: SLAB <20 mm> | E134: Yes | F134: M30 | G134: 3109334 | H134: 3000 | I134: 1.7438 | J134: 4725 | K134: 14725 | L134: No | M134: SLAB <20 mm> | N134: New Construction | O134: RCC_SLAB_125MM | P134: 125 | Q134: 14725 | R134: 1.74 m³ | S134: Foundation Slab | T134: 15450 | U134: Structural Foundations | V134: SLAB <20 mm> | W134: 14850 | X134: 125 | Y134: No | Z134: 14 m² | AA134: 0 | AB134: 1 | AC134: S1 | AD134: 14725 | AE134: 14850 | AF134: Foundation Slab: RCC_SLAB_125MM | AG134: 0fzDk9fsTDhwCBpArvKY5_ | AH134: 0.125 | AI134: By Type | AJ134: 07 4TH LEVEL
A135: 3128552 | B135: 12.605 | C135: 14850 | D135: SLAB <20 mm> | E135: Yes | F135: M30 | G135: 3109334 | H135: 3000 | I135: 1.5756 | J135: 4325 | K135: 14725 | L135: No | M135: SLAB <20 mm> | N135: New Construction | O135: RCC_SLAB_125MM | P135: 125 | Q135: 14725 | R135: 1.58 m³ | S135: Foundation Slab | T135: 14950 | U135: Structural Foundations | V135: SLAB <20 mm> | W135: 14850 | X135: 125 | Y135: No | Z135: 13 m² | AA135: 0 | AB135: 1 | AC135: S1 | AD135: 14725 | AE135: 14850 | AF135: Foundation Slab: RCC_SLAB_125MM | AG135: 0fzDk9fsTDhwCBpArvKY59 | AH135: 0.125 | AI135: By Type | AJ135: 07 4TH LEVEL
A136: 3128602 | B136: 3.825 | C136: 14400 | D136: SLAB <20 mm> | E136: Yes | F136: M30 | G136: 3113132 | H136: 450 | I136: 0.3825 | J136: 8500 | K136: 14300 | L136: No | M136: SLAB <20 mm> | N136: New Construction | O136: RCC_SLAB_100MM | P136: 100 | Q136: 14300 | R136: 0.38 m³ | S136: Foundation Slab | T136: 17900 | U136: Structural Foundations | V136: SLAB <20 mm> | W136: 14400 | X136: 100 | Y136: No | Z136: 4 m² | AA136: -450 | AB136: 1 | AC136: S9 | AD136: 14300 | AE136: 14400 | AF136: Foundation Slab: RCC_SLAB_100MM | AG136: 0fzDk9fsTDhwCBpArvKY2x | AH136: 0.1 | AI136: By Type | AJ136: 07 4TH LEVEL
A137: 3128620 | B137: 3 | C137: 14650 | D137: SLAB <20 mm> | E137: Yes | F137: M30 | G137: 3109334 | H137: 1250 | I137: 0.375 | J137: 2400 | K137: 14525 | L137: No | M137: SLAB <20 mm> | N137: New Construction | O137: RCC_SLAB_125MM | P137: 125 | Q137: 14525 | R137: 0.38 m³ | S137: Foundation Slab | T137: 7300 | U137: Structural Foundations | V137: SLAB <20 mm> | W137: 14650 | X137: 125 | Y137: No | Z137: 3 m² | AA137: -200 | AB137: 1 | AC137: S3 | AD137: 14525 | AE137: 14650 | AF137: Foundation Slab: RCC_SLAB_125MM | AG137: 0fzDk9fsTDhwCBpArvKY2D | AH137: 0.125 | AI137: By Type | AJ137: 07 4TH LEVEL
A138: 3128629 | B138: 1.4688 | C138: 14850 | D138: SLAB <20 mm> | E138: Yes | F138: M30 | G138: 3109334 | H138: 1250 | I138: 0.1836 | J138: 1175 | K138: 14725 | L138: No | M138: SLAB <20 mm> | N138: New Construction | O138: RCC_SLAB_125MM | P138: 125 | Q138: 14725 | R138: 0.18 m³ | S138: Foundation Slab | T138: 4850 | U138: Structural Foundations | V138: SLAB <20 mm> | W138: 14850 | X138: 125 | Y138: No | Z138: 1 m² | AA138: 0 | AB138: 1 | AC138: S2 | AD138: 14725 | AE138: 14850 | AF138: Foundation Slab: RCC_SLAB_125MM | AG138: 0fzDk9fsTDhwCBpArvKY2K | AH138: 0.125 | AI138: By Type | AJ138: 07 4TH LEVEL
A139: 3128647 | B139: 3 | C139: 14650 | D139: SLAB <20 mm> | E139: Yes | F139: M30 | G139: 3109334 | H139: 1250 | I139: 0.375 | J139: 2400 | K139: 14525 | L139: No | M139: SLAB <20 mm> | N139: New Construction | O139: RCC_SLAB_125MM | P139: 125 | Q139: 14525 | R139: 0.38 m³ | S139: Foundation Slab | T139: 7300 | U139: Structural Foundations | V139: SLAB <20 mm> | W139: 14650 | X139: 125 | Y139: No | Z139: 3 m² | AA139: -200 | AB139: 1 | AC139: S3 | AD139: 14525 | AE139: 14650 | AF139: Foundation Slab: RCC_SLAB_125MM | AG139: 0fzDk9fsTDhwCBpArvKY3c | AH139: 0.125 | AI139: By Type | AJ139: 07 4TH LEVEL
A140: 3128656 | B140: 1.3438 | C140: 14850 | D140: SLAB <20 mm> | E140: Yes | F140: M30 | G140: 3109334 | H140: 1250 | I140: 0.168 | J140: 1075 | K140: 14725 | L140: No | M140: SLAB <20 mm> | N140: New Construction | O140: RCC_SLAB_125MM | P140: 125 | Q140: 14725 | R140: 0.17 m³ | S140: Foundation Slab | T140: 4650 | U140: Structural Foundations | V140: SLAB <20 mm> | W140: 14850 | X140: 125 | Y140: No | Z140: 1 m² | AA140: 0 | AB140: 1 | AC140: S2 | AD140: 14725 | AE140: 14850 | AF140: Foundation Slab: RCC_SLAB_125MM | AG140: 0fzDk9fsTDhwCBpArvKY3n | AH140: 0.125 | AI140: By Type | AJ140: 07 4TH LEVEL
A141: 3128665 | B141: 0.1875 | C141: 14725 | D141: SLAB <20 mm> | E141: Yes | F141: M30 | G141: 3112958 | H141: 1250 | I141: 0.0375 | J141: 150 | K141: 14525 | L141: No | M141: SLAB <20 mm> | N141: New Construction | O141: RCC_FOLD_200MM | P141: 200 | Q141: 14525 | R141: 0.04 m³ | S141: Foundation Slab | T141: 2800 | U141: Structural Foundations | V141: SLAB <20 mm> | W141: 14725 | X141: 200 | Y141: No | Z141: 0 m² | AA141: -125 | AB141: 1 | AC141: FOLD 200 THK | AD141: 14525 | AE141: 14725 | AF141: Foundation Slab: RCC_FOLD_200MM | AG141: 0fzDk9fsTDhwCBpArvKY3u | AH141: 0.2 | AI141: By Type | AJ141: 07 4TH LEVEL
A142: 3128670 | B142: 24.555 | C142: 14850 | D142: SLAB <20 mm> | E142: Yes | F142: M30 | G142: 3113164 | H142: 3100 | I142: 3.6832 | J142: 7950 | K142: 14700 | L142: No | M142: SLAB <20 mm> | N142: New Construction | O142: RCC_SLAB_150MM | P142: 150 | Q142: 14700 | R142: 3.68 m³ | S142: Foundation Slab | T142: 22100 | U142: Structural Foundations | V142: SLAB <20 mm> | W142: 14850 | X142: 150 | Y142: No | Z142: 25 m² | AA142: 0 | AB142: 1 | AC142: S5 | AD142: 14700 | AE142: 14850 | AF142: Foundation Slab: RCC_SLAB_150MM | AG142: 0fzDk9fsTDhwCBpArvKY3$ | AH142: 0.15 | AI142: By Type | AJ142: 07 4TH LEVEL
A143: 3128683 | B143: 3.6275 | C143: 14850 | D143: SLAB <20 mm> | E143: Yes | F143: M30 | G143: 3109334 | H143: 1850 | I143: 0.4534 | J143: 2000 | K143: 14725 | L143: No | M143: SLAB <20 mm> | N143: New Construction | O143: RCC_SLAB_125MM | P143: 125 | Q143: 14725 | R143: 0.45 m³ | S143: Foundation Slab | T143: 7700 | U143: Structural Foundations | V143: SLAB <20 mm> | W143: 14850 | X143: 125 | Y143: No | Z143: 4 m² | AA143: 0 | AB143: 1 | AC143: S1 | AD143: 14725 | AE143: 14850 | AF143: Foundation Slab: RCC_SLAB_125MM | AG143: 0fzDk9fsTDhwCBpArvKY3A | AH143: 0.125 | AI143: By Type | AJ143: 07 4TH LEVEL
A144: 3128694 | B144: 4.875 | C144: 14850 | D144: SLAB <20 mm> | E144: Yes | F144: M30 | G144: 3109334 | H144: 3750 | I144: 0.6094 | J144: 1300 | K144: 14725 | L144: No | M144: SLAB <20 mm> | N144: New Construction | O144: RCC_SLAB_125MM | P144: 125 | Q144: 14725 | R144: 0.61 m³ | S144: Foundation Slab | T144: 10100 | U144: Structural Foundations | V144: COLUMN <40 mm> | W144: 14850 | X144: 125 | Y144: No | Z144: 5 m² | AA144: 0 | AB144: 1 | AC144: 125 THK | AD144: 14725 | AE144: 14850 | AF144: Foundation Slab: RCC_SLAB_125MM | AG144: 0fzDk9fsTDhwCBpArvKY3N | AH144: 0.125 | AI144: By Type | AJ144: 07 4TH LEVEL
A145: 3128703 | B145: 1.61 | C145: 14850 | D145: SLAB <20 mm> | E145: Yes | F145: M30 | G145: 3109334 | H145: 1150 | I145: 0.2012 | J145: 1400 | K145: 14725 | L145: No | M145: SLAB <20 mm> | N145: New Construction | O145: RCC_SLAB_125MM | P145: 125 | Q145: 14725 | R145: 0.20 m³ | S145: Foundation Slab | T145: 5100 | U145: Structural Foundations | V145: SLAB <20 mm> | W145: 14850 | X145: 125 | Y145: No | Z145: 2 m² | AA145: 0 | AB145: 1 | AC145: S2 | AD145: 14725 | AE145: 14850 | AF145: Foundation Slab: RCC_SLAB_125MM | AG145: 0fzDk9fsTDhwCBpArvKY3U | AH145: 0.125 | AI145: By Type | AJ145: 07 4TH LEVEL
... A154: 3128784 | B154: 12.33 | C154: 14850 | D154: SLAB <20 mm> | E154: Yes | F154: M30 | G154: 3113164 | H154: 3100 | I154: 1.8495 | J154: 4000 | K154: 14700 | L154: No | M154: SLAB <20 mm> | N154: New Construction | O154: RCC_SLAB_150MM | P154: 150 | Q154: 14700 | R154: 1.85 m³ | S154: Foundation Slab | T154: 14200 | U154: Structural Foundations | V154: SLAB <20 mm> | W154: 14850 | X154: 150 | Y154: No | Z154: 12 m² | AA154: 0 | AB154: 1 | AC154: S1 | AD154: 14700 | AE154: 14850 | AF154: Foundation Slab: RCC_SLAB_150MM | AG154: 0fzDk9fsTDhwCBpArvKY1n | AH154: 0.15 | AI154: By Type | AJ154: 07 4TH LEVEL
A155: 3128793 | B155: 21.2335 | C155: 14850 | E155: Yes | F155: M30 | G155: 3113164 | H155: 3550 | I155: 3.185 | J155: 6060 | K155: 14700 | L155: No | M155: SLAB <20 mm> | N155: New Construction | O155: RCC_SLAB_150MM | P155: 150 | Q155: 14700 | R155: 3.19 m³ | S155: Foundation Slab | T155: 19220 | U155: Structural Foundations | V155: SLAB <20 mm> | W155: 14850 | X155: 150 | Y155: No | Z155: 21 m² | AA155: 0 | AB155: 1 | AC155: S6 | AD155: 14700 | AE155: 14850 | AF155: Foundation Slab: RCC_SLAB_150MM | AG155: 0fzDk9fsTDhwCBpArvKY1u | AH155: 0.15 | AI155: By Type | AJ155: 07 4TH LEVEL
A156: 3128802 | B156: 21.21 | C156: 14850 | D156: SLAB <20 mm> | E156: Yes | F156: M30 | G156: 3113164 | H156: 5200 | I156: 3.1815 | J156: 5000 | K156: 14700 | L156: No | M156: SLAB <20 mm> | N156: New Construction | O156: RCC_SLAB_150MM | P156: 150 | Q156: 14700 | R156: 3.18 m³ | S156: Foundation Slab | T156: 20600 | U156: Structural Foundations | V156: SLAB <20 mm> | W156: 14850 | X156: 150 | Y156: No | Z156: 21 m² | AA156: 0 | AB156: 1 | AC156: S6 | AD156: 14700 | AE156: 14850 | AF156: Foundation Slab: RCC_SLAB_150MM | AG156: 0fzDk9fsTDhwCBpArvKY13 | AH156: 0.15 | AI156: By Type | AJ156: 07 4TH LEVEL
A157: 3128811 | B157: 2.4375 | C157: 14650 | D157: SLAB <20 mm> | E157: Yes | F157: M30 | G157: 3109334 | H157: 750 | I157: 0.3047 | J157: 3250 | K157: 14525 | L157: No | M157: SLAB <20 mm> | N157: New Construction | O157: RCC_SLAB_125MM | P157: 125 | Q157: 14525 | R157: 0.30 m³ | S157: Foundation Slab | T157: 8000 | U157: Structural Foundations | V157: SLAB <20 mm> | W157: 14650 | X157: 125 | Y157: No | Z157: 2 m² | AA157: -200 | AB157: 1 | AC157: S8 | AD157: 14525 | AE157: 14650 | AF157: Foundation Slab: RCC_SLAB_125MM | AG157: 0fzDk9fsTDhwCBpArvKY1A | AH157: 0.125 | AI157: By Type | AJ157: 07 4TH LEVEL
A158: 3128828 | B158: 4.92 | C158: 14400 | D158: SLAB <20 mm> | E158: Yes | F158: M30 | G158: 3113132 | H158: 750 | I158: 0.492 | J158: 6560 | K158: 14300 | L158: No | M158: SLAB <20 mm> | N158: New Construction | O158: RCC_SLAB_100MM | P158: 100 | Q158: 14300 | R158: 0.49 m³ | S158: Foundation Slab | T158: 14620 | U158: Structural Foundations | V158: SLAB <20 mm> | W158: 14400 | X158: 100 | Y158: No | Z158: 5 m² | AA158: -450 | AB158: 1 | AC158: S9 | AD158: 14300 | AE158: 14400 | AF158: Foundation Slab: RCC_SLAB_100MM | AG158: 0fzDk9fsTDhwCBpArvKY1T | AH158: 0.1 | AI158: By Type | AJ158: 07 4TH LEVEL
A159: 3128837 | B159: 3.1875 | C159: 14400 | D159: SLAB <20 mm> | E159: Yes | F159: M30 | G159: 3113132 | H159: 750 | I159: 0.3187 | J159: 4250 | K159: 14300 | L159: No | M159: SLAB <20 mm> | N159: New Construction | O159: RCC_SLAB_100MM | P159: 100 | Q159: 14300 | R159: 0.32 m³ | S159: Foundation Slab | T159: 10000 | U159: Structural Foundations | V159: SLAB <20 mm> | W159: 14400 | X159: 100 | Y159: No | Z159: 3 m² | AA159: -450 | AB159: 1 | AC159: S9 | AD159: 14300 | AE159: 14400 | AF159: Foundation Slab: RCC_SLAB_100MM | AG159: 0fzDk9fsTDhwCBpArvKYEa | AH159: 0.1 | AI159: By Type | AJ159: 07 4TH LEVEL
A160: 3128846 | B160: 2.1725 | C160: 14400 | D160: SLAB <20 mm> | E160: Yes | F160: M30 | G160: 3113132 | H160: 550 | I160: 0.2172 | J160: 3950 | K160: 14300 | L160: No | M160: SLAB <20 mm> | N160: New Construction | O160: RCC_SLAB_100MM | P160: 100 | Q160: 14300 | R160: 0.22 m³ | S160: Foundation Slab | T160: 9000 | U160: Structural Foundations | V160: SLAB <20 mm> | W160: 14400 | X160: 100 | Y160: No | Z160: 2 m² | AA160: -450 | AB160: 1 | AC160: S9 | AD160: 14300 | AE160: 14400 | AF160: Foundation Slab: RCC_SLAB_100MM | AG160: 0fzDk9fsTDhwCBpArvKYEl | AH160: 0.1 | AI160: By Type | AJ160: 07 4TH LEVEL
A161: 3128857 | B161: 1.6875 | C161: 14400 | D161: SLAB <20 mm> | E161: Yes | F161: M30 | G161: 3113132 | H161: 750 | I161: 0.1687 | J161: 2250 | K161: 14300 | L161: No | M161: SLAB <20 mm> | N161: New Construction | O161: RCC_SLAB_100MM | P161: 100 | Q161: 14300 | R161: 0.17 m³ | S161: Foundation Slab | T161: 6000 | U161: Structural Foundations | V161: SLAB <20 mm> | W161: 14400 | X161: 100 | Y161: No | Z161: 2 m² | AA161: -450 | AB161: 1 | AC161: S9 | AD161: 14300 | AE161: 14400 | AF161: Foundation Slab: RCC_SLAB_100MM | AG161: 0fzDk9fsTDhwCBpArvKYEu | AH161: 0.1 | AI161: By Type | AJ161: 07 4TH LEVEL
A162: 3128866 | B162: 0.453 | C162: 14400 | D162: SLAB <20 mm> | E162: Yes | F162: M30 | G162: 3113132 | H162: 600 | I162: 0.0453 | J162: 755 | K162: 14300 | L162: No | M162: SLAB <20 mm> | N162: New Construction | O162: RCC_SLAB_100MM | P162: 100 | Q162: 14300 | R162: 0.05 m³ | S162: Foundation Slab | T162: 2710 | U162: Structural Foundations | V162: SLAB <20 mm> | W162: 14400 | X162: 100 | Y162: No | Z162: 0 m² | AA162: -450 | AB162: 1 | AC162: S9 | AD162: 14300 | AE162: 14400 | AF162: Foundation Slab: RCC_SLAB_100MM | AG162: 0fzDk9fsTDhwCBpArvKYE3 | AH162: 0.1 | AI162: By Type | AJ162: 07 4TH LEVEL
A163: 3129429 | B163: 3.135 | C163: 14650 | D163: SLAB <20 mm> | E163: Yes | F163: M30 | G163: 3109334 | H163: 1050 | I163: 0.3919 | J163: 3100 | K163: 14525 | L163: No | M163: SLAB <20 mm> | N163: New Construction | O163: RCC_SLAB_125MM | P163: 125 | Q163: 14525 | R163: 0.39 m³ | S163: Foundation Slab | T163: 8300 | U163: Structural Foundations | V163: SLAB <20 mm> | W163: 14650 | X163: 125 | Y163: No | Z163: 3 m² | AA163: -200 | AB163: 1 | AC163: S8 | AD163: 14525 | AE163: 14650 | AF163: Foundation Slab: RCC_SLAB_125MM | AG163: 0cDYc4VgPD7e6bOaMVbI4S | AH163: 0.125 | AI163: By Type | AJ163: 07 4TH LEVEL
A164: 3130126 | B164: 4.429 | C164: 14850 | D164: SLAB <20 mm> | E164: Yes | F164: M30 | G164: 3109334 | H164: 860 | I164: 0.5536 | J164: 5150 | K164: 14725 | L164: No | M164: SLAB <20 mm> | N164: New Construction | O164: RCC_SLAB_125MM | P164: 125 | Q164: 14725 | R164: 0.55 m³ | S164: Foundation Slab | T164: 12020 | U164: Structural Foundations | V164: SLAB <20 mm> | W164: 14850 | X164: 125 | Y164: No | Z164: 4 m² | AA164: 0 | AB164: 1 | AC164: S8 | AD164: 14725 | AE164: 14850 | AF164: Foundation Slab: RCC_SLAB_125MM | AG164: 2kDPyKnWz6NPJgUk0SCnD1 | AH164: 0.125 | AI164: By Type | AJ164: 07 4TH LEVEL
A165: 3130324 | B165: 0.1875 | C165: 14725 | D165: SLAB <20 mm> | E165: Yes | F165: M30 | G165: 3112958 | H165: 1250 | I165: 0.0375 | J165: 150 | K165: 14525 | L165: No | M165: SLAB <20 mm> | N165: New Construction | O165: RCC_FOLD_200MM | P165: 200 | Q165: 14525 | R165: 0.04 m³ | S165: Foundation Slab | T165: 2800 | U165: Structural Foundations | W165: 14725 | X165: 200 | Y165: No | Z165: 0 m² | AA165: -125 | AB165: 1 | AC165: FOLD 200 THK | AD165: 14525 | AE165: 14725 | AF165: Foundation Slab: RCC_FOLD_200MM | AG165: 0D11zYTBb8$OS5NyeeC8dK | AH165: 0.2 | AI165: By Type | AJ165: 07 4TH LEVEL
A166: 3132914 | B166: 13.95 | C166: 17800 | D166: SLAB <20 mm> | E166: Yes | F166: M30 | G166: 3109334 | H166: 3000 | I166: 1.7438 | J166: 4725 | K166: 17675 | L166: No | M166: SLAB <20 mm> | N166: New Construction | O166: RCC_SLAB_125MM | P166: 125 | Q166: 17675 | R166: 1.74 m³ | S166: Foundation Slab | T166: 15450 | U166: Structural Foundations | V166: SLAB <20 mm> | W166: 17800 | X166: 125 | Y166: No | Z166: 14 m² | AA166: 0 | AB166: 1 | AC166: S1 | AD166: 17675 | AE166: 17800 | AF166: Foundation Slab: RCC_SLAB_125MM | AG166: 0$FdoHL055IuGFRHyVISa3 | AH166: 0.125 | AI166: By Type | AJ166: 08 5TH LEVEL
A167: 3132923 | B167: 12.605 | C167: 17800 | D167: SLAB <20 mm> | E167: Yes | F167: M30 | G167: 3109334 | H167: 3000 | I167: 1.5756 | J167: 4325 | K167: 17675 | L167: No | M167: SLAB <20 mm> | N167: New Construction | O167: RCC_SLAB_125MM | P167: 125 | Q167: 17675 | R167: 1.58 m³ | S167: Foundation Slab | T167: 14950 | U167: Structural Foundations | V167: SLAB <20 mm> | W167: 17800 | X167: 125 | Y167: No | Z167: 13 m² | AA167: 0 | AB167: 1 | AC167: S1 | AD167: 17675 | AE167: 17800 | AF167: Foundation Slab: RCC_SLAB_125MM | AG167: 0$FdoHL055IuGFRHyVISaA | AH167: 0.125 | AI167: By Type | AJ167: 08 5TH LEVEL
A168: 3132937 | B168: 3.825 | C168: 17350 | D168: SLAB <20 mm> | E168: Yes | F168: M30 | G168: 3113132 | H168: 450 | I168: 0.3825 | J168: 8500 | K168: 17250 | L168: No | M168: SLAB <20 mm> | N168: New Construction | O168: RCC_SLAB_100MM | P168: 100 | Q168: 17250 | R168: 0.38 m³ | S168: Foundation Slab | T168: 17900 | U168: Structural Foundations | V168: SLAB <20 mm> | W168: 17350 | X168: 100 | Y168: No | Z168: 4 m² | AA168: -450 | AB168: 1 | AC168: S9 | AD168: 17250 | AE168: 17350 | AF168: Foundation Slab: RCC_SLAB_100MM | AG168: 0$FdoHL055IuGFRHyVIShu | AH168: 0.1 | AI168: By Type | AJ168: 08 5TH LEVEL
A169: 3132946 | B169: 3 | C169: 17600 | D169: SLAB <20 mm> | E169: Yes | F169: M30 | G169: 3109334 | H169: 1250 | I169: 0.375 | J169: 2400 | K169: 17475 | L169: No | M169: SLAB <20 mm> | N169: New Construction | O169: RCC_SLAB_125MM | P169: 125 | Q169: 17475 | R169: 0.38 m³ | S169: Foundation Slab | T169: 7300 | U169: Structural Foundations | V169: SLAB <20 mm> | W169: 17600 | X169: 125 | Y169: No | Z169: 3 m² | AA169: -200 | AB169: 1 | AC169: S3 | AD169: 17475 | AE169: 17600 | AF169: Foundation Slab: RCC_SLAB_125MM | AG169: 0$FdoHL055IuGFRHyVIShZ | AH169: 0.125 | AI169: By Type | AJ169: 08 5TH LEVEL
A170: 3132955 | B170: 1.4688 | C170: 17800 | D170: SLAB <20 mm> | E170: Yes | F170: M30 | G170: 3109334 | H170: 1250 | I170: 0.1836 | J170: 1175 | K170: 17675 | L170: No | M170: SLAB <20 mm> | N170: New Construction | O170: RCC_SLAB_125MM | P170: 125 | Q170: 17675 | R170: 0.18 m³ | S170: Foundation Slab | T170: 4850 | U170: Structural Foundations | V170: SLAB <20 mm> | W170: 17800 | X170: 125 | Y170: No | Z170: 1 m² | AA170: 0 | AB170: 1 | AC170: S2 | AD170: 17675 | AE170: 17800 | AF170: Foundation Slab: RCC_SLAB_125MM | AG170: 0$FdoHL055IuGFRHyVIShg | AH170: 0.125 | AI170: By Type | AJ170: 08 5TH LEVEL
A171: 3132964 | B171: 3 | C171: 17600 | D171: SLAB <20 mm> | E171: Yes | F171: M30 | G171: 3109334 | H171: 1250 | I171: 0.375 | J171: 2400 | K171: 17475 | L171: No | M171: SLAB <20 mm> | N171: New Construction | O171: RCC_SLAB_125MM | P171: 125 | Q171: 17475 | R171: 0.38 m³ | S171: Foundation Slab | T171: 7300 | U171: Structural Foundations | V171: SLAB <20 mm> | W171: 17600 | X171: 125 | Y171: No | Z171: 3 m² | AA171: -200 | AB171: 1 | AC171: S3 | AD171: 17475 | AE171: 17600 | AF171: Foundation Slab: RCC_SLAB_125MM | AG171: 0$FdoHL055IuGFRHyVIShL | AH171: 0.125 | AI171: By Type | AJ171: 08 5TH LEVEL
A172: 3132973 | B172: 1.3438 | C172: 17800 | D172: SLAB <20 mm> | E172: Yes | F172: M30 | G172: 3109334 | H172: 1250 | I172: 0.168 | J172: 1075 | K172: 17675 | L172: No | M172: SLAB <20 mm> | N172: New Construction | O172: RCC_SLAB_125MM | P172: 125 | Q172: 17675 | R172: 0.17 m³ | S172: Foundation Slab | T172: 4650 | U172: Structural Foundations | V172: SLAB <20 mm> | W172: 17800 | X172: 125 | Y172: No | Z172: 1 m² | AA172: 0 | AB172: 1 | AC172: S2 | AD172: 17675 | AE172: 17800 | AF172: Foundation Slab: RCC_SLAB_125MM | AG172: 0$FdoHL055IuGFRHyVIShS | AH172: 0.125 | AI172: By Type | AJ172: 08 5TH LEVEL
A173: 3132982 | B173: 0.1875 | C173: 17675 | D173: SLAB <20 mm> | E173: Yes | F173: M30 | G173: 3112958 | H173: 1250 | I173: 0.0375 | J173: 150 | K173: 17475 | L173: No | M173: SLAB <20 mm> | N173: New Construction | O173: RCC_FOLD_200MM | P173: 200 | Q173: 17475 | R173: 0.04 m³ | S173: Foundation Slab | T173: 2800 | U173: Structural Foundations | V173: SLAB <20 mm> | W173: 17675 | X173: 200 | Y173: No | Z173: 0 m² | AA173: -125 | AB173: 1 | AC173: FOLD 200 THK | AD173: 17475 | AE173: 17675 | AF173: Foundation Slab: RCC_FOLD_200MM | AG173: 0$FdoHL055IuGFRHyVISh7 | AH173: 0.2 | AI173: By Type | AJ173: 08 5TH LEVEL
A174: 3132987 | B174: 24.555 | C174: 17800 | D174: SLAB <20 mm> | E174: Yes | F174: M30 | G174: 3113164 | H174: 3100 | I174: 3.6832 | J174: 7950 | K174: 17650 | L174: No | M174: SLAB <20 mm> | N174: New Construction | O174: RCC_SLAB_150MM | P174: 150 | Q174: 17650 | R174: 3.68 m³ | S174: Foundation Slab | T174: 22100 | U174: Structural Foundations | V174: SLAB <20 mm> | W174: 17800 | X174: 150 | Y174: No | Z174: 25 m² | AA174: 0 | AB174: 1 | AC174: S5 | AD174: 17650 | AE174: 17800 | AF174: Foundation Slab: RCC_SLAB_150MM | AG174: 0$FdoHL055IuGFRHyVIShA | AH174: 0.15 | AI174: By Type | AJ174: 08 5TH LEVEL
A175: 3132998 | B175: 2.2775 | C175: 17800 | D175: SLAB <20 mm> | E175: Yes | F175: M30 | G175: 3109334 | H175: 1850 | I175: 0.2847 | J175: 1250 | K175: 17675 | L175: No | M175: SLAB <20 mm> | N175: New Construction | O175: RCC_SLAB_125MM | P175: 125 | Q175: 17675 | R175: 0.28 m³ | S175: Foundation Slab | T175: 6200 | U175: Structural Foundations | V175: SLAB <20 mm> | W175: 17800 | X175: 125 | Y175: No | Z175: 2 m² | AA175: 0 | AB175: 1 | AC175: S2 | AD175: 17675 | AE175: 17800 | AF175: Foundation Slab: RCC_SLAB_125MM | AG175: 0$FdoHL055IuGFRHyVISgt | AH175: 0.125 | AI175: By Type | AJ175: 08 5TH LEVEL
A176: 3133009 | B176: 4.875 | C176: 17800 | D176: SLAB <20 mm> | E176: Yes | F176: M30 | G176: 3109334 | H176: 3750 | I176: 0.6094 | J176: 1300 | K176: 17675 | L176: No | M176: SLAB <20 mm> | N176: New Construction | O176: RCC_SLAB_125MM | P176: 125 | Q176: 17675 | R176: 0.61 m³ | S176: Foundation Slab | T176: 10100 | U176: Structural Foundations | V176: SLAB <20 mm> | W176: 17800 | X176: 125 | Y176: No | Z176: 5 m² | AA176: 0 | AB176: 1 | AC176: S4 | AD176: 17675 | AE176: 17800 | AF176: Foundation Slab: RCC_SLAB_125MM | AG176: 0$FdoHL055IuGFRHyVISgW | AH176: 0.125 | AI176: By Type | AJ176: 08 5TH LEVEL
A177: 3133018 | B177: 1.61 | C177: 17800 | D177: SLAB <20 mm> | E177: Yes | F177: M30 | G177: 3109334 | H177: 1150 | I177: 0.2012 | J177: 1400 | K177: 17675 | L177: No | M177: SLAB <20 mm> | N177: New Construction | O177: RCC_SLAB_125MM | P177: 125 | Q177: 17675 | R177: 0.20 m³ | S177: Foundation Slab | T177: 5100 | U177: Structural Foundations | V177: SLAB <20 mm> | W177: 17800 | X177: 125 | Y177: No | Z177: 2 m² | AA177: 0 | AB177: 1 | AC177: S2 | AD177: 17675 | AE177: 17800 | AF177: Foundation Slab: RCC_SLAB_125MM | AG177: 0$FdoHL055IuGFRHyVISgh | AH177: 0.125 | AI177: By Type | AJ177: 08 5TH LEVEL
... A196: 3133219 | B196: 2.5125 | C196: 17350 | D196: SLAB <20 mm> | E196: Yes | F196: M30 | G196: 3113132 | H196: 750 | I196: 0.2512 | J196: 3350 | K196: 17250 | L196: No | M196: SLAB <20 mm> | N196: New Construction | O196: RCC_SLAB_100MM | P196: 100 | Q196: 17250 | R196: 0.25 m³ | S196: Foundation Slab | T196: 8200 | U196: Structural Foundations | V196: SLAB <20 mm> | W196: 17350 | X196: 100 | Y196: No | Z196: 3 m² | AA196: -450 | AB196: 1 | AC196: S9 | AD196: 17250 | AE196: 17350 | AF196: Foundation Slab: RCC_SLAB_100MM | AG196: 0$FdoHL055IuGFRHyVISlI | AH196: 0.1 | AI196: By Type | AJ196: 08 5TH LEVEL
A197: 3133232 | B197: 0.1875 | C197: 17675 | D197: SLAB <20 mm> | E197: Yes | F197: M30 | G197: 3112958 | H197: 1250 | I197: 0.0375 | J197: 150 | K197: 17475 | L197: No | M197: SLAB <20 mm> | N197: New Construction | O197: RCC_FOLD_200MM | P197: 200 | Q197: 17475 | R197: 0.04 m³ | S197: Foundation Slab | T197: 2800 | U197: Structural Foundations | W197: 17675 | X197: 200 | Y197: No | Z197: 0 m² | AA197: -125 | AB197: 1 | AC197: FOLD 200 THK | AD197: 17475 | AE197: 17675 | AF197: Foundation Slab: RCC_FOLD_200MM | AG197: 0$FdoHL055IuGFRHyVISl1 | AH197: 0.2 | AI197: By Type | AJ197: 08 5TH LEVEL
A198: 3136594 | B198: 13.95 | C198: 20750 | D198: SLAB <20 mm> | E198: Yes | F198: M30 | G198: 3109334 | H198: 3000 | I198: 1.7438 | J198: 4725 | K198: 20625 | L198: No | M198: SLAB <20 mm> | N198: New Construction | O198: RCC_SLAB_125MM | P198: 125 | Q198: 20625 | R198: 1.74 m³ | S198: Foundation Slab | T198: 15450 | U198: Structural Foundations | V198: SLAB <20 mm> | W198: 20750 | X198: 125 | Y198: No | Z198: 14 m² | AA198: 0 | AB198: 1 | AC198: S1 | AD198: 20625 | AE198: 20750 | AF198: Foundation Slab: RCC_SLAB_125MM | AG198: 04CAs_cgb1LA6uo4u1ENcI | AH198: 0.125 | AI198: By Type | AJ198: 09 6TH LEVEL
A199: 3136603 | B199: 12.605 | C199: 20750 | D199: SLAB <20 mm> | E199: Yes | F199: M30 | G199: 3109334 | H199: 3000 | I199: 1.5756 | J199: 4325 | K199: 20625 | L199: No | M199: SLAB <20 mm> | N199: New Construction | O199: RCC_SLAB_125MM | P199: 125 | Q199: 20625 | R199: 1.58 m³ | S199: Foundation Slab | T199: 14950 | U199: Structural Foundations | V199: SLAB <20 mm> | W199: 20750 | X199: 125 | Y199: No | Z199: 13 m² | AA199: 0 | AB199: 1 | AC199: S1 | AD199: 20625 | AE199: 20750 | AF199: Foundation Slab: RCC_SLAB_125MM | AG199: 04CAs_cgb1LA6uo4u1ENcR | AH199: 0.125 | AI199: By Type | AJ199: 09 6TH LEVEL
A200: 3136617 | B200: 3.825 | C200: 20300 | D200: SLAB <20 mm> | E200: Yes | F200: M30 | G200: 3113132 | H200: 450 | I200: 0.3825 | J200: 8500 | K200: 20200 | L200: No | M200: SLAB <20 mm> | N200: New Construction | O200: RCC_SLAB_100MM | P200: 100 | Q200: 20200 | R200: 0.38 m³ | S200: Foundation Slab | T200: 17900 | U200: Structural Foundations | V200: SLAB <20 mm> | W200: 20300 | X200: 100 | Y200: No | Z200: 4 m² | AA200: -450 | AB200: 1 | AC200: S9 | AD200: 20200 | AE200: 20300 | AF200: Foundation Slab: RCC_SLAB_100MM | AG200: 04CAs_cgb1LA6uo4u1ENcf | AH200: 0.1 | AI200: By Type | AJ200: 09 6TH LEVEL
A201: 3136626 | B201: 3 | C201: 20550 | D201: SLAB <20 mm> | E201: Yes | F201: M30 | G201: 3109334 | H201: 1250 | I201: 0.375 | J201: 2400 | K201: 20425 | L201: No | M201: SLAB <20 mm> | N201: New Construction | O201: RCC_SLAB_125MM | P201: 125 | Q201: 20425 | R201: 0.38 m³ | S201: Foundation Slab | T201: 7300 | U201: Structural Foundations | V201: SLAB <20 mm> | W201: 20550 | X201: 125 | Y201: No | Z201: 3 m² | AA201: -200 | AB201: 1 | AC201: S3 | AD201: 20425 | AE201: 20550 | AF201: Foundation Slab: RCC_SLAB_125MM | AG201: 04CAs_cgb1LA6uo4u1ENco | AH201: 0.125 | AI201: By Type | AJ201: 09 6TH LEVEL
A202: 3136635 | B202: 1.4688 | C202: 20750 | D202: SLAB <20 mm> | E202: Yes | F202: M30 | G202: 3109334 | H202: 1250 | I202: 0.1836 | J202: 1175 | K202: 20625 | L202: No | M202: SLAB <20 mm> | N202: New Construction | O202: RCC_SLAB_125MM | P202: 125 | Q202: 20625 | R202: 0.18 m³ | S202: Foundation Slab | T202: 4850 | U202: Structural Foundations | V202: SLAB <20 mm> | W202: 20750 | X202: 125 | Y202: No | Z202: 1 m² | AA202: 0 | AB202: 1 | AC202: S2 | AD202: 20625 | AE202: 20750 | AF202: Foundation Slab: RCC_SLAB_125MM | AG202: 04CAs_cgb1LA6uo4u1ENcx | AH202: 0.125 | AI202: By Type | AJ202: 09 6TH LEVEL
A203: 3136644 | B203: 3 | C203: 20550 | D203: SLAB <20 mm> | E203: Yes | F203: M30 | G203: 3109334 | H203: 1250 | I203: 0.375 | J203: 2400 | K203: 20425 | L203: No | M203: SLAB <20 mm> | N203: New Construction | O203: RCC_SLAB_125MM | P203: 125 | Q203: 20425 | R203: 0.38 m³ | S203: Foundation Slab | T203: 7300 | U203: Structural Foundations | V203: SLAB <20 mm> | W203: 20550 | X203: 125 | Y203: No | Z203: 3 m² | AA203: -200 | AB203: 1 | AC203: S3 | AD203: 20425 | AE203: 20550 | AF203: Foundation Slab: RCC_SLAB_125MM | AG203: 04CAs_cgb1LA6uo4u1ENb4 | AH203: 0.125 | AI203: By Type | AJ203: 09 6TH LEVEL
A204: 3136653 | B204: 1.3438 | C204: 20750 | D204: SLAB <20 mm> | E204: Yes | F204: M30 | G204: 3109334 | H204: 1250 | I204: 0.168 | J204: 1075 | K204: 20625 | L204: No | M204: SLAB <20 mm> | N204: New Construction | O204: RCC_SLAB_125MM | P204: 125 | Q204: 20625 | R204: 0.17 m³ | S204: Foundation Slab | T204: 4650 | U204: Structural Foundations | V204: SLAB <20 mm> | W204: 20750 | X204: 125 | Y204: No | Z204: 1 m² | AA204: 0 | AB204: 1 | AC204: S2 | AD204: 20625 | AE204: 20750 | AF204: Foundation Slab: RCC_SLAB_125MM | AG204: 04CAs_cgb1LA6uo4u1ENbD | AH204: 0.125 | AI204: By Type | AJ204: 09 6TH LEVEL
A205: 3136662 | B205: 0.1875 | C205: 20625 | D205: SLAB <20 mm> | E205: Yes | F205: M30 | G205: 3112958 | H205: 1250 | I205: 0.0375 | J205: 150 | K205: 20425 | L205: No | M205: SLAB <20 mm> | N205: New Construction | O205: RCC_FOLD_200MM | P205: 200 | Q205: 20425 | R205: 0.04 m³ | S205: Foundation Slab | T205: 2800 | U205: Structural Foundations | V205: SLAB <20 mm> | W205: 20625 | X205: 200 | Y205: No | Z205: 0 m² | AA205: -125 | AB205: 1 | AC205: FOLD 200 THK | AD205: 20425 | AE205: 20625 | AF205: Foundation Slab: RCC_FOLD_200MM | AG205: 04CAs_cgb1LA6uo4u1ENbM | AH205: 0.2 | AI205: By Type | AJ205: 09 6TH LEVEL
A206: 3136667 | B206: 24.645 | C206: 20750 | D206: SLAB <20 mm> | E206: Yes | F206: M30 | G206: 3113164 | H206: 3100 | I206: 3.6967 | J206: 7950 | K206: 20600 | L206: No | M206: SLAB <20 mm> | N206: New Construction | O206: RCC_SLAB_150MM | P206: 150 | Q206: 20600 | R206: 3.70 m³ | S206: Foundation Slab | T206: 22100 | U206: Structural Foundations | V206: SLAB <20 mm> | W206: 20750 | X206: 150 | Y206: No | Z206: 25 m² | AA206: 0 | AB206: 1 | AC206: S5 | AD206: 20600 | AE206: 20750 | AF206: Foundation Slab: RCC_SLAB_150MM | AG206: 04CAs_cgb1LA6uo4u1ENbR | AH206: 0.15 | AI206: By Type | AJ206: 09 6TH LEVEL
...

Sheet Foundation
A1: Element ID | B1: Qty: Area (m2) | C1: Elevation at Top Core | D1: Rebar Cover - Other Faces | E1: Structural | F1: GRADE OF CONCRETE | G1: Type Id | H1: Length | I1: Qty: Volume (m3) | J1: Width | K1: Elevation at Bottom Survey | L1: Related to Mass | M1: Rebar Cover - Bottom Face | N1: Phase Created | O1: Type | P1: Core Thickness | Q1: Elevation at Bottom Core | R1: Volume | S1: Family | T1: Perimeter | U1: Category | V1: Rebar Cover - Top Face | W1: Elevation at Top | X1: Thickness | Y1: Has Association | Z1: Area | AA1: Height Offset From Level | AB1: Qty: Count | AC1: ID_UNMT | AD1: Elevation at Bottom | AE1: Elevation at Top Survey | AF1: Family and Type | AG1: IfcGUID | AH1: Qty: Thickness (m) | AI1: Export to IFC | AJ1: Level
A2: 3070393 | B2: 3.74 | C2: -2950 | D2: COLUMN <40 mm> | E2: Yes | F2: M10 | G2: 2255647 | H2: 1700 | I2: 0.374 | J2: 2200 | K2: -3050 | L2: No | M2: COLUMN <40 mm> | N2: New Construction | O2: PCC | P2: 100 | Q2: -3050 | R2: 0.37 m³ | S2: Foundation Slab | T2: 7800 | U2: Structural Foundations | V2: COLUMN <40 mm> | W2: -2950 | X2: 100 | Y2: No | Z2: 4 m² | AA2: -600 | AB2: 1 | AC2: PCC_FOOTING | AD2: -3050 | AE2: -2950 | AF2: Foundation Slab: PCC | AG2: 33AYsgylX80BV2OFfKznnj | AH2: 0.1 | AI2: By Type | AJ2: 01 FOUNDATION LEVEL
A3: 3070782 | B3: 3.74 | C3: -2950 | D3: COLUMN <40 mm> | E3: Yes | F3: M10 | G3: 2255647 | H3: 1700 | I3: 0.374 | J3: 2200 | K3: -3050 | L3: No | M3: COLUMN <40 mm> | N3: New Construction | O3: PCC | P3: 100 | Q3: -3050 | R3: 0.37 m³ | S3: Foundation Slab | T3: 7800 | U3: Structural Foundations | V3: COLUMN <40 mm> | W3: -2950 | X3: 100 | Y3: No | Z3: 4 m² | AA3: -600 | AB3: 1 | AC3: PCC_FOOTING | AD3: -3050 | AE3: -2950 | AF3: Foundation Slab: PCC | AG3: 1OIgpuqiH33Qs8VR23YRZj | AH3: 0.1 | AI3: By Type | AJ3: 01 FOUNDATION LEVEL
A4: 3070827 | B4: 4.8 | C4: -3050 | D4: COLUMN <40 mm> | E4: Yes | F4: M10 | G4: 2255647 | H4: 2400 | I4: 0.48 | J4: 2000 | K4: -3150 | L4: No | M4: COLUMN <40 mm> | N4: New Construction | O4: PCC | P4: 100 | Q4: -3150 | R4: 0.48 m³ | S4: Foundation Slab | T4: 8800 | U4: Structural Foundations | V4: COLUMN <40 mm> | W4: -3050 | X4: 100 | Y4: No | Z4: 5 m² | AA4: -700 | AB4: 1 | AC4: PCC_FOOTING | AD4: -3150 | AE4: -3050 | AF4: Foundation Slab: PCC | AG4: 3_y0Jm7LL5Uf8xXWt_c0b8 | AH4: 0.1 | AI4: By Type | AJ4: 01 FOUNDATION LEVEL
A5: 3070969 | B5: 4.8 | C5: -3050 | D5: COLUMN <40 mm> | E5: Yes | F5: M10 | G5: 2255647 | H5: 2400 | I5: 0.48 | J5: 2000 | K5: -3150 | L5: No | M5: COLUMN <40 mm> | N5: New Construction | O5: PCC | P5: 100 | Q5: -3150 | R5: 0.48 m³ | S5: Foundation Slab | T5: 8800 | U5: Structural Foundations | V5: COLUMN <40 mm> | W5: -3050 | X5: 100 | Y5: No | Z5: 5 m² | AA5: -700 | AB5: 1 | AC5: PCC_FOOTING | AD5: -3150 | AE5: -3050 | AF5: Foundation Slab: PCC | AG5: 2vYX391Bf25OBSrHEK9sys | AH5: 0.1 | AI5: By Type | AJ5: 01 FOUNDATION LEVEL
A6: 3071158 | B6: 4.35 | C6: -3050 | D6: COLUMN <40 mm> | E6: Yes | F6: M10 | G6: 2255647 | H6: 2900 | I6: 0.435 | J6: 1500 | K6: -3150 | L6: No | M6: COLUMN <40 mm> | N6: New Construction | O6: PCC | P6: 100 | Q6: -3150 | R6: 0.44 m³ | S6: Foundation Slab | T6: 8800 | U6: Structural Foundations | V6: COLUMN <40 mm> | W6: -3050 | X6: 100 | Y6: No | Z6: 4 m² | AA6: -700 | AB6: 1 | AC6: PCC_FOOTING | AD6: -3150 | AE6: -3050 | AF6: Foundation Slab: PCC | AG6: 0pBnFJmFzFEwLCxY_KwjG6 | AH6: 0.1 | AI6: By Type | AJ6: 01 FOUNDATION LEVEL
A7: 3071331 | B7: 3 | C7: -2850 | D7: COLUMN <40 mm> | E7: Yes | F7: M10 | G7: 2255647 | H7: 1500 | I7: 0.3 | J7: 2000 | K7: -2950 | L7: No | M7: COLUMN <40 mm> | N7: New Construction | O7: PCC | P7: 100 | Q7: -2950 | R7: 0.30 m³ | S7: Foundation Slab | T7: 7000 | U7: Structural Foundations | V7: COLUMN <40 mm> | W7: -2850 | X7: 100 | Y7: No | Z7: 3 m² | AA7: -500 | AB7: 1 | AC7: PCC_FOOTING | AD7: -2950 | AE7: -2850 | AF7: Foundation Slab: PCC | AG7: 2tUNbxU1T0IBvn6Zylc4Pf | AH7: 0.1 | AI7: By Type | AJ7: 01 FOUNDATION LEVEL
A8: 3071463 | B8: 69.3625 | C8: -3100 | D8: COLUMN <40 mm> | E8: Yes | F8: M10 | G8: 2255647 | H8: 7750 | I8: 6.9363 | J8: 8950 | K8: -3200 | L8: No | M8: COLUMN <40 mm> | N8: New Construction | O8: PCC | P8: 100 | Q8: -3200 | R8: 6.94 m³ | S8: Foundation Slab | T8: 33400 | U8: Structural Foundations | V8: COLUMN <40 mm> | W8: -3100 | X8: 100 | Y8: No | Z8: 69 m² | AA8: -750 | AB8: 1 | AC8: PCC_FOOTING | AD8: -3200 | AE8: -3100 | AF8: Foundation Slab: PCC | AG8: 0yn1G3deX64RIHl7h1zcM5 | AH8: 0.1 | AI8: By Type | AJ8: 01 FOUNDATION LEVEL
A9: 3071676 | B9: 31.4418 | C9: -3100 | D9: COLUMN <40 mm> | E9: Yes | F9: M10 | G9: 2255647 | H9: 4200 | I9: 3.1442 | J9: 8500 | K9: -3200 | L9: No | M9: COLUMN <40 mm> | N9: New Construction | O9: PCC | P9: 100 | Q9: -3200 | R9: 3.14 m³ | S9: Foundation Slab | T9: 25400 | U9: Structural Foundations | V9: COLUMN <40 mm> | W9: -3100 | X9: 100 | Y9: No | Z9: 31 m² | AA9: -750 | AB9: 1 | AC9: PCC_FOOTING | AD9: -3200 | AE9: -3100 | AF9: Foundation Slab: PCC | AG9: 1iNhjbtjT27ezT3D1vCLgV | AH9: 0.1 | AI9: By Type | AJ9: 01 FOUNDATION LEVEL
A10: 3175289 | B10: 49.7775 | C10: -2650 | D10: COLUMN <40 mm> | E10: Yes | F10: M10 | G10: 2255647 | H10: 6800 | I10: 4.9778 | J10: 8800 | K10: -2750 | L10: No | M10: COLUMN <40 mm> | N10: New Construction | O10: PCC | P10: 100 | Q10: -2750 | R10: 4.98 m³ | S10: Foundation Slab | T10: 35550 | U10: Structural Foundations | V10: COLUMN <40 mm> | W10: -2650 | X10: 100 | Y10: No | Z10: 50 m² | AA10: -300 | AB10: 1 | AC10: BS | AD10: -2750 | AE10: -2650 | AF10: Foundation Slab: PCC | AG10: 0SSwK6_gH3ihgWoQL76pjX | AH10: 0.1 | AI10: By Type | AJ10: 01 FOUNDATION LEVEL
A11: 3176103 | B11: 3.74 | C11: -2950 | D11: COLUMN <40 mm> | E11: Yes | F11: M10 | G11: 2255647 | H11: 1700 | I11: 0.374 | J11: 2200 | K11: -3050 | L11: No | M11: COLUMN <40 mm> | N11: New Construction | O11: PCC | P11: 100 | Q11: -3050 | R11: 0.37 m³ | S11: Foundation Slab | T11: 7800 | U11: Structural Foundations | V11: COLUMN <40 mm> | W11: -2950 | X11: 100 | Y11: No | Z11: 4 m² | AA11: -600 | AB11: 1 | AC11: PCC_FOOTING | AD11: -3050 | AE11: -2950 | AF11: Foundation Slab: PCC | AG11: 0hQ$mJyZT5excwzn97ILgc | AH11: 0.1 | AI11: By Type | AJ11: 01 FOUNDATION LEVEL
A12: 3176274 | B12: 3.45 | C12: -3000 | D12: COLUMN <40 mm> | E12: Yes | F12: M10 | G12: 2255647 | H12: 2300 | I12: 0.345 | J12: 1500 | K12: -3100 | L12: No | M12: COLUMN <40 mm> | N12: New Construction | O12: PCC | P12: 100 | Q12: -3100 | R12: 0.35 m³ | S12: Foundation Slab | T12: 7600 | U12: Structural Foundations | V12: COLUMN <40 mm> | W12: -3000 | X12: 100 | Y12: No | Z12: 3 m² | AA12: -650 | AB12: 1 | AC12: PCC_FOOTING | AD12: -3100 | AE12: -3000 | AF12: Foundation Slab: PCC | AG12: 0hQ$mJyZT5excwzn97ILjJ | AH12: 0.1 | AI12: By Type | AJ12: 01 FOUNDATION LEVEL
A13: 3178662 | B13: 45.92 | C13: -2650 | D13: COLUMN <40 mm> | E13: Yes | F13: M10 | G13: 2255647 | H13: 6800 | I13: 4.592 | J13: 8900 | K13: -2750 | L13: No | M13: COLUMN <40 mm> | N13: New Construction | O13: PCC | P13: 100 | Q13: -2750 | R13: 4.59 m³ | S13: Foundation Slab | T13: 35100 | U13: Structural Foundations | V13: COLUMN <40 mm> | W13: -2650 | X13: 100 | Y13: No | Z13: 46 m² | AA13: -300 | AB13: 1 | AC13: BS | AD13: -2750 | AE13: -2650 | AF13: Foundation Slab: PCC | AG13: 3Y5P0EL_P5BuK7$gH0usny | AH13: 0.1 | AI13: By Type | AJ13: 01 FOUNDATION LEVEL
A14: TOTAL | B14: =SUM(B2:B13) | I14: =SUM(I2:I13) | AB14: =SUM(AB2:AB13) | AH14: =SUM(AH2:AH13)

Sheet BOQ Summary
A1: Category | B1: Elements | C1: Total Volume (m3) | D1: Total Area (m2) | E1: Total Length (m)
A2: Beam | B2: 516 | C2: =Beam!M518 | D2: =Beam!E518 | E2: =Beam!AB518
A3: Column | B3: 184 | C3: =Column!I186 | D3: =Column!B186 | E3: =Column!V186
A4: Slab | B4: 325 | C4: =Slab!I327 | D4: =Slab!B327
A5: Foundation | B5: 12 | C5: =Foundation!I14 | D5: =Foundation!B14
A6: GRAND TOTAL | B6: =SUM(B2:B4) | C6: =SUM(C2:C4) | D6: =SUM(D2:D4) | E6: =SUM(E2:E4)

Sheet Costing
A1: Category | B1: Element ID | C1: Quantity | D1: Rate | E1: Amount
A2: Beam | B2: 3079902 | C2: 0.3987
A3: Beam | B3: 3080849 | C3: 0.3266
A4: Beam | B4: 3081145 | C4: 0.5981
A5: Beam | B5: 3081683 | C5: 0.0825
A6: Beam | B6: 3081790 | C6: 0.4414
A7: Beam | B7: 3081898 | C7: 0.385
A8: Beam | B8: 3082011 | C8: 0.4414
A9: Beam | B9: 3082267 | C9: 0.209
A10: Beam | B10: 3082514 | C10: 0.1925
A11: Beam | B11: 3082627 | C11: 0.2544
A12: Beam | B12: 3082731 | C12: 0.7013
A13: Beam | B13: 3082921 | C13: 1.419
... A1038: Foundation | B1038: 3178662 | C1038: 4.592
A1039: TOTAL | E1039: =SUM(E2:E1038)
